{
    "epoch_loss": {
        "type": "index_value",
        "index": [
            1,
            2,
            3,
            4,
            5,
            6,
            7,
            8,
            9,
            10,
            11,
            12,
            13,
            14,
            15,
            16,
            17,
            18,
            19,
            20,
            21,
            22,
            23,
            24,
            25,
            26,
            27,
            28,
            29,
            30,
            31,
            32,
            33,
            34,
            35,
            36,
            37,
            38,
            39,
            40,
            41,
            42,
            43,
            44,
            45,
            46,
            47,
            48,
            49,
            50,
            51,
            52,
            53,
            54,
            55,
            56,
            57,
            58,
            59,
            60,
            61,
            62,
            63,
            64,
            65,
            66,
            67,
            68,
            69,
            70,
            71,
            72,
            73,
            74,
            75,
            76,
            77,
            78,
            79,
            80,
            81,
            82,
            83,
            84,
            85,
            86,
            87,
            88,
            89,
            90,
            91,
            92,
            93,
            94,
            95,
            96,
            97,
            98,
            99,
            100
        ],
        "value": [
            2.015109906325469,
            1.3012314465668824,
            0.9634438495378237,
            0.7442837717296841,
            0.558332698302226,
            0.44470532117663203,
            0.35572362912667765,
            0.27747304965783887,
            0.21256910788046346,
            0.16298740605513254,
            0.13031550530377808,
            0.11147765392387235,
            0.08709208143723977,
            0.0692642893608626,
            0.061072458756399585,
            0.043713165228968266,
            0.042805390684185804,
            0.03421621408884053,
            0.035707779295809636,
            0.03251207802813869,
            0.02786797362270656,
            0.031477090676088594,
            0.022818489100884746,
            0.022747229516237706,
            0.01890837216565201,
            0.01755558201825028,
            0.015163086497367502,
            0.014413611577437804,
            0.013420867456777676,
            0.011829539613278062,
            0.011807688730055685,
            0.010840425578256449,
            0.01063476512124678,
            0.010748530788397466,
            0.008872211482879278,
            0.008933956206247613,
            0.009373081034166855,
            0.007928498001215426,
            0.0073979341777393945,
            0.007152492818128955,
            0.008032235929423624,
            0.006835672983413076,
            0.006408554527002412,
            0.006637915763332769,
            0.005460746972276284,
            0.005993857589625829,
            0.005668899249956683,
            0.005558629599945234,
            0.005574613599828235,
            0.005336898928592066,
            0.0051481126396505685,
            0.005079400322928622,
            0.004745809399094936,
            0.004650081310689718,
            0.004876132408442261,
            0.004411075981585561,
            0.004357813958179306,
            0.0045886864499734325,
            0.0042130154691770805,
            0.004001951340149652,
            0.004314745619037264,
            0.0038577237518856652,
            0.0035900385748292947,
            0.0032587637243842757,
            0.0032957599536087867,
            0.0033292401695271603,
            0.0034955530280566163,
            0.0029695815079518267,
            0.0031907911273978047,
            0.0024884049256273487,
            0.002970163005630712,
            0.00280829537701835,
            0.002731215466770369,
            0.002886543071384097,
            0.0026194587756820896,
            0.0024775431453678254,
            0.002682963881205331,
            0.002531241751401811,
            0.0023120700125792274,
            0.002280665647557324,
            0.0024643072413767244,
            0.0021160329180257816,
            0.002265165912339816,
            0.002136700687015446,
            0.002171443362074258,
            0.00211348099768296,
            0.0020780035059664165,
            0.002208849505378722,
            0.0018869691889162536,
            0.002029449343345724,
            0.0019216121862399148,
            0.0019489281605257912,
            0.001796132088890551,
            0.0018938669393694884,
            0.0017337733334316326,
            0.0017330136982858315,
            0.0017639339926677781,
            0.0017502976839455801,
            0.001510871587916873,
            0.0016427270665362074
        ]
    },
    "train_oa": {
        "type": "index_value",
        "index": [
            10,
            20,
            30,
            40,
            50,
            60,
            70,
            80,
            90,
            100
        ],
        "value": [
            92.22845486996431,
            93.42172361040285,
            93.46251912289648,
            93.50331463539011,
            93.48291687914329,
            93.48291687914329,
            93.50331463539011,
            93.48291687914329,
            93.30953595104539,
            93.43192248852627
        ]
    },
    "train_aa": {
        "type": "index_value",
        "index": [
            10,
            20,
            30,
            40,
            50,
            60,
            70,
            80,
            90,
            100
        ],
        "value": [
            95.68413954405496,
            95.92525664398272,
            96.07912767314176,
            96.15716326114476,
            96.1435245902607,
            96.12857451573964,
            96.14345730627541,
            96.165411288881,
            96.0899336541238,
            96.10996415236943
        ]
    },
    "train_kappa": {
        "type": "index_value",
        "index": [
            10,
            20,
            30,
            40,
            50,
            60,
            70,
            80,
            90,
            100
        ],
        "value": [
            91.13915185902454,
            92.46481222888393,
            92.52214081098668,
            92.5689151255112,
            92.5472798888079,
            92.54655909057432,
            92.56860884934963,
            92.54798477087283,
            92.3517461446746,
            92.4905726028476
        ]
    },
    "param": {
        "data": {
            "data_sign": "Indian",
            "data_file": "Indian_30",
            "diffusion_sign": false,
            "diffusion_data_sign_path_prefix": "/home/cn/codes/spectral_diff_temp/codes/save_feature/indian_unet3d_patch16_without_downsample_kernal5_fix/save_feature",
            "diffusion_data_sign": "t5_2_full.pkl.npy",
            "patch_size": 13,
            "test_ratio": 0.95,
            "batch_size": 64,
            "num_classes": 16,
            "pca": 30,
            "dim_heads": 64,
            "spectral_size": 30
        },
        "net": {
            "trainer": "cross_trainer",
            "net_type": "just_pixel",
            "mlp_head_dim": 64,
            "depth": 2,
            "dim": 64,
            "heads": 20
        },
        "train": {
            "epochs": 100,
            "lr": 0.001,
            "weight_decay": 0,
            "temp": 20
        },
        "uniq_name": "indian_cross_param_use.json_30_3"
    },