{
    "epoch_loss": {
        "type": "index_value",
        "index": [
            1,
            2,
            3,
            4,
            5,
            6,
            7,
            8,
            9,
            10,
            11,
            12,
            13,
            14,
            15,
            16,
            17,
            18,
            19,
            20,
            21,
            22,
            23,
            24,
            25,
            26,
            27,
            28,
            29,
            30,
            31,
            32,
            33,
            34,
            35,
            36,
            37,
            38,
            39,
            40,
            41,
            42,
            43,
            44,
            45,
            46,
            47,
            48,
            49,
            50,
            51,
            52,
            53,
            54,
            55,
            56,
            57,
            58,
            59,
            60,
            61,
            62,
            63,
            64,
            65,
            66,
            67,
            68,
            69,
            70,
            71,
            72,
            73,
            74,
            75,
            76,
            77,
            78,
            79,
            80,
            81,
            82,
            83,
            84,
            85,
            86,
            87,
            88,
            89,
            90,
            91,
            92,
            93,
            94,
            95,
            96,
            97,
            98,
            99,
            100
        ],
        "value": [
            1.779476650536709,
            1.016238524951266,
            0.6660642525160904,
            0.4890310608273982,
            0.33518476688732113,
            0.24390394567650492,
            0.17415259360474283,
            0.12221523941896559,
            0.09563462046102283,
            0.05991301457189303,
            0.04841654101767304,
            0.040538069009420516,
            0.02650939628589975,
            0.020172783131953306,
            0.017190515006269624,
            0.014149206099263702,
            0.012867163184313994,
            0.011267844812793628,
            0.010727709944178649,
            0.009722499172355273,
            0.009011888875431204,
            0.007712246196405307,
            0.008009240583053811,
            0.006785855616725522,
            0.006678275878292293,
            0.006206415404994694,
            0.005979142280716669,
            0.005579180200161928,
            0.005627883291333698,
            0.004803995858594108,
            0.00432250777568033,
            0.0045510562510649695,
            0.0043729232013802145,
            0.0035917805735823645,
            0.0036543725985254383,
            0.003694020821504574,
            0.0030833794918370756,
            0.0030401201902955158,
            0.003041336841052432,
            0.002780637249999208,
            0.0028864064998812117,
            0.0027100029398665786,
            0.002563049901330882,
            0.002519500989719162,
            0.0025643270956566323,
            0.002564663938815371,
            0.0024086585104524045,
            0.0022345575098029393,
            0.002328741298019976,
            0.0022638927609687884,
            0.001979261554806902,
            0.0019193116593497841,
            0.0018168116751900608,
            0.001833520947641354,
            0.0018778957300982747,
            0.0016670368187818698,
            0.0017184877404695356,
            0.0016455644013319603,
            0.0015939815001429353,
            0.0015574564907852979,
            0.0013531897438886016,
            0.0013927637686403389,
            0.0013959405587889264,
            0.0013812478583029042,
            0.0013323415013338736,
            0.001230329073691896,
            0.0013525421989342915,
            0.001162105988110883,
            0.0012619134677492956,
            0.0012308877529328668,
            0.0011319170091943105,
            0.001073045476746296,
            0.0010778718275224121,
            0.001022912323713627,
            0.0009540320828612196,
            0.0009879072367392724,
            0.0008976639562625407,
            0.0009587719885040043,
            0.0008598912899757419,
            0.0008753339131897655,
            0.0009096400526367993,
            0.0008878500037235371,
            0.0009239991580500992,
            0.0008513250230122335,
            0.0008451552810896292,
            0.0008510892396846824,
            0.000872520004239208,
            0.0007701202614138302,
            0.0007821673751462977,
            0.0007615664928386882,
            0.000692295097560704,
            0.0006902887169333645,
            0.0006990991822785125,
            0.0006528920371551629,
            0.0006654652511529814,
            0.0006429530331637472,
            0.0006051911775950689,
            0.0006031950488359979,
            0.0005894655804065345,
            0.0006251356123435337
        ]
    },
    "train_oa": {
        "type": "index_value",
        "index": [
            10,
            20,
            30,
            40,
            50,
            60,
            70,
            80,
            90,
            100
        ],
        "value": [
            96.20038208448312,
            96.12608787943113,
            96.00933984292082,
            95.9032052642751,
            95.80768414349396,
            95.88197834854596,
            95.80768414349396,
            95.89259180641054,
            95.95627255359797,
            96.03056675864997
        ]
    },
    "train_aa": {
        "type": "index_value",
        "index": [
            10,
            20,
            30,
            40,
            50,
            60,
            70,
            80,
            90,
            100
        ],
        "value": [
            98.07844346429803,
            98.21292058254876,
            98.18148923353036,
            98.09672833526429,
            98.086160079955,
            98.098898270377,
            98.10108532581707,
            98.08481244624842,
            98.10513484097021,
            98.1262025990009
        ]
    },
    "train_kappa": {
        "type": "index_value",
        "index": [
            10,
            20,
            30,
            40,
            50,
            60,
            70,
            80,
            90,
            100
        ],
        "value": [
            95.63568186625787,
            95.5544450023782,
            95.4202874479748,
            95.29891362901697,
            95.19023519356897,
            95.2744558590864,
            95.19111098568884,
            95.28655150356981,
            95.3589093814174,
            95.4437099848121
        ]
    },
    "param": {
        "data": {
            "data_sign": "Indian",
            "data_file": "Indian_60",
            "diffusion_sign": false,
            "diffusion_data_sign_path_prefix": "/home/cn/codes/spectral_diff_temp/codes/save_feature/indian_unet3d_patch16_without_downsample_kernal5_fix/save_feature",
            "diffusion_data_sign": "t5_2_full.pkl.npy",
            "patch_size": 13,
            "test_ratio": 0.95,
            "batch_size": 64,
            "num_classes": 16,
            "pca": 30,
            "dim_heads": 64,
            "spectral_size": 30
        },
        "net": {
            "trainer": "cross_trainer",
            "net_type": "just_pixel",
            "mlp_head_dim": 64,
            "depth": 2,
            "dim": 64,
            "heads": 20
        },
        "train": {
            "epochs": 100,
            "lr": 0.001,
            "weight_decay": 0,
            "temp": 20
        },
        "uniq_name": "indian_cross_param_use.json_60_3"
    },