{
    "epoch_loss": {
        "type": "index_value",
        "index": [
            1,
            2,
            3,
            4,
            5,
            6,
            7,
            8,
            9,
            10,
            11,
            12,
            13,
            14,
            15,
            16,
            17,
            18,
            19,
            20,
            21,
            22,
            23,
            24,
            25,
            26,
            27,
            28,
            29,
            30,
            31,
            32,
            33,
            34,
            35,
            36,
            37,
            38,
            39,
            40,
            41,
            42,
            43,
            44,
            45,
            46,
            47,
            48,
            49,
            50,
            51,
            52,
            53,
            54,
            55,
            56,
            57,
            58,
            59,
            60,
            61,
            62,
            63,
            64,
            65,
            66,
            67,
            68,
            69,
            70,
            71,
            72,
            73,
            74,
            75,
            76,
            77,
            78,
            79,
            80,
            81,
            82,
            83,
            84,
            85,
            86,
            87,
            88,
            89,
            90,
            91,
            92,
            93,
            94,
            95,
            96,
            97,
            98,
            99,
            100
        ],
        "value": [
            2.4869296550750732,
            1.7495763063430787,
            1.4913710117340089,
            1.2802283048629761,
            1.1095112323760987,
            0.9863292932510376,
            0.8708189010620118,
            0.7716005563735961,
            0.6727979421615601,
            0.5863043665885925,
            0.5192691087722778,
            0.4459233105182648,
            0.38974541425704956,
            0.3422557830810547,
            0.277634197473526,
            0.23875161111354828,
            0.20644683837890626,
            0.1800108790397644,
            0.13582301437854766,
            0.12707170248031616,
            0.12197980582714081,
            0.10643761903047562,
            0.10492062121629715,
            0.08087944835424424,
            0.07557479739189148,
            0.06708670556545257,
            0.06081722229719162,
            0.05426228046417236,
            0.05332556515932083,
            0.05306126922369003,
            0.05000925585627556,
            0.04755508452653885,
            0.04535032138228416,
            0.03919689878821373,
            0.03839223459362984,
            0.03334987461566925,
            0.03335166200995445,
            0.030883581936359407,
            0.03195427730679512,
            0.02811552844941616,
            0.02394072487950325,
            0.024141671881079674,
            0.02406279407441616,
            0.022899110987782478,
            0.021099579706788062,
            0.02269906401634216,
            0.022926056385040285,
            0.022690702602267264,
            0.01990165300667286,
            0.01987770274281502,
            0.019238579645752908,
            0.017219659686088563,
            0.018260041251778603,
            0.01640562117099762,
            0.016587843373417854,
            0.016537110880017282,
            0.01648617833852768,
            0.015147293731570245,
            0.013713642209768295,
            0.014719562605023384,
            0.01495005339384079,
            0.014047759026288987,
            0.013947924599051476,
            0.012494026683270931,
            0.012469914741814137,
            0.013650312647223472,
            0.012924767844378949,
            0.012363293021917344,
            0.01142626851797104,
            0.012443512864410877,
            0.011200647428631782,
            0.011294620856642724,
            0.013826202601194382,
            0.010641813464462756,
            0.01148461252450943,
            0.011380396224558354,
            0.010930826887488365,
            0.010074083134531975,
            0.01058928743004799,
            0.010104268603026868,
            0.008967092633247376,
            0.009588021039962768,
            0.011629907786846161,
            0.00904187373816967,
            0.009365788474678994,
            0.009536311961710453,
            0.008335445262491702,
            0.00927844513207674,
            0.007338298484683037,
            0.008383056707680225,
            0.007818173803389072,
            0.0077943774871528145,
            0.008145034499466419,
            0.007181449234485627,
            0.006731075420975685,
            0.006704915035516024,
            0.006621565856039524,
            0.0068545924499630925,
            0.006476216018199921,
            0.005657123867422342
        ]
    },
    "train_oa": {
        "type": "index_value",
        "index": [
            10,
            20,
            30,
            40,
            50,
            60,
            70,
            80,
            90,
            100
        ],
        "value": [
            78.3625730994152,
            81.02884329467737,
            82.13896322727723,
            82.05966894637724,
            82.51561106155219,
            81.74249182277728,
            81.87134502923976,
            81.72266825255228,
            82.26781643373971,
            82.47596392110219
        ]
    },
    "train_aa": {
        "type": "index_value",
        "index": [
            10,
            20,
            30,
            40,
            50,
            60,
            70,
            80,
            90,
            100
        ],
        "value": [
            87.4524453012676,
            90.4362264365476,
            91.04960992157952,
            90.91286543148921,
            91.35244908701685,
            91.09565774495054,
            91.04802159061826,
            90.95309466658328,
            91.10671714570788,
            91.0717502546092
        ]
    },
    "train_kappa": {
        "type": "index_value",
        "index": [
            10,
            20,
            30,
            40,
            50,
            60,
            70,
            80,
            90,
            100
        ],
        "value": [
            75.65045112578878,
            78.75724099985399,
            79.98092148809486,
            79.89079437016375,
            80.3949025148784,
            79.56033905049627,
            79.68340572566142,
            79.50457996080623,
            80.0885338398058,
            80.32707128844719
        ]
    },
    "param": {
        "data": {
            "data_sign": "Indian",
            "data_file": "Indian_10",
            "diffusion_sign": false,
            "diffusion_data_sign_path_prefix": "/home/cn/codes/spectral_diff_temp/codes/save_feature/indian_unet3d_patch16_without_downsample_kernal5_fix/save_feature",
            "diffusion_data_sign": "t5_2_full.pkl.npy",
            "patch_size": 13,
            "test_ratio": 0.95,
            "batch_size": 64,
            "num_classes": 16,
            "pca": 30,
            "dim_heads": 64,
            "spectral_size": 30
        },
        "net": {
            "trainer": "cross_trainer",
            "net_type": "just_pixel",
            "mlp_head_dim": 64,
            "depth": 2,
            "dim": 64,
            "heads": 20
        },
        "train": {
            "epochs": 100,
            "lr": 0.001,
            "weight_decay": 0,
            "temp": 20
        },
        "uniq_name": "indian_cross_param_use.json_10_3"
    },