{
    "epoch_loss": {
        "type": "index_value",
        "index": [
            1,
            2,
            3,
            4,
            5,
            6,
            7,
            8,
            9,
            10,
            11,
            12,
            13,
            14,
            15,
            16,
            17,
            18,
            19,
            20,
            21,
            22,
            23,
            24,
            25,
            26,
            27,
            28,
            29,
            30,
            31,
            32,
            33,
            34,
            35,
            36,
            37,
            38,
            39,
            40,
            41,
            42,
            43,
            44,
            45,
            46,
            47,
            48,
            49,
            50,
            51,
            52,
            53,
            54,
            55,
            56,
            57,
            58,
            59,
            60,
            61,
            62,
            63,
            64,
            65,
            66,
            67,
            68,
            69,
            70,
            71,
            72,
            73,
            74,
            75,
            76,
            77,
            78,
            79,
            80,
            81,
            82,
            83,
            84,
            85,
            86,
            87,
            88,
            89,
            90,
            91,
            92,
            93,
            94,
            95,
            96,
            97,
            98,
            99,
            100
        ],
        "value": [
            1.74820423844555,
            1.042875176180726,
            0.7371366322468138,
            0.5240074782665696,
            0.3843020506449033,
            0.28274545086336617,
            0.20925016857288148,
            0.15216881682404146,
            0.11684084434591373,
            0.0830326688234057,
            0.056996420415992205,
            0.04444090166320246,
            0.03605902840088054,
            0.02808872240206689,
            0.024233351275859297,
            0.01839718299849731,
            0.017125435141443008,
            0.014572006825309573,
            0.013669148396160801,
            0.012239630168392036,
            0.01080002226576829,
            0.010027488400969906,
            0.009268863367149272,
            0.009584474023244473,
            0.008171196146420546,
            0.007863776696180469,
            0.007491247427824837,
            0.0067345828206747385,
            0.007124717839040835,
            0.006469823874351455,
            0.005758429870779066,
            0.005842999853808406,
            0.004750283585976237,
            0.0050462006779662845,
            0.004627962315447062,
            0.004288306790490874,
            0.004085657582317654,
            0.004395123971345563,
            0.003781664485534068,
            0.0036991052403030555,
            0.003928198407295894,
            0.003528428645109707,
            0.003491902468028549,
            0.003264915828768116,
            0.003222652477141432,
            0.0026794935441662796,
            0.0027833596767838963,
            0.0028629758725292886,
            0.002567196220768832,
            0.0027514596107593567,
            0.0024255261243049755,
            0.002364202636364885,
            0.002055712287091093,
            0.002318660528205303,
            0.002161315844061556,
            0.002341857207391192,
            0.002243509896933348,
            0.001979934645234106,
            0.0018510730807513127,
            0.0020582515868616197,
            0.001791666620284041,
            0.0018302048386142748,
            0.0017695269666657579,
            0.001647963961071924,
            0.0015866572374392466,
            0.001553017493915962,
            0.0016129850159389857,
            0.0017033557085536816,
            0.0016018350603970214,
            0.0014090086720947982,
            0.001440039037665355,
            0.0015182118592957513,
            0.0012467292526942629,
            0.0013436717627612791,
            0.0013033870492034313,
            0.0013048026214355077,
            0.0012260051255436398,
            0.0012644079680537198,
            0.0012401788760380153,
            0.001144334331901084,
            0.0010461578661057473,
            0.0011800769390805572,
            0.001039033274465592,
            0.0011200850685507892,
            0.001025579004983419,
            0.001063409949541947,
            0.0010440653092141023,
            0.0009268995074133043,
            0.0009171591083374852,
            0.0010268373119743698,
            0.0009807553199932268,
            0.0009391677107894459,
            0.000840582960175679,
            0.0008521903183650616,
            0.0009464900266717174,
            0.0008046964198147806,
            0.0008525915511207685,
            0.000784620089313467,
            0.0007911114048191388,
            0.0007978952361185269
        ]
    },
    "train_oa": {
        "type": "index_value",
        "index": [
            10,
            20,
            30,
            40,
            50,
            60,
            70,
            80,
            90,
            100
        ],
        "value": [
            94.87018425460636,
            94.94346733668341,
            95.02721943048577,
            94.88065326633166,
            94.93299832495813,
            94.96440536013401,
            95.01675041876047,
            94.84924623115577,
            94.84924623115577,
            94.82830820770519
        ]
    },
    "train_aa": {
        "type": "index_value",
        "index": [
            10,
            20,
            30,
            40,
            50,
            60,
            70,
            80,
            90,
            100
        ],
        "value": [
            97.28293980083147,
            97.09961902685016,
            97.20077707402666,
            97.04866041052786,
            97.12679858964164,
            97.1373337056142,
            97.1656982900026,
            97.15466714845988,
            97.06337261401534,
            97.07837142331135
        ]
    },
    "train_kappa": {
        "type": "index_value",
        "index": [
            10,
            20,
            30,
            40,
            50,
            60,
            70,
            80,
            90,
            100
        ],
        "value": [
            94.11599370133952,
            94.20703017443,
            94.3038702196362,
            94.1360521647566,
            94.19615405169866,
            94.23188289933067,
            94.29150061533245,
            94.10168527885652,
            94.10043467953454,
            94.07781713108236
        ]
    },
    "param": {
        "data": {
            "data_sign": "Indian",
            "data_file": "Indian_50",
            "diffusion_sign": false,
            "diffusion_data_sign_path_prefix": "/home/cn/codes/spectral_diff_temp/codes/save_feature/indian_unet3d_patch16_without_downsample_kernal5_fix/save_feature",
            "diffusion_data_sign": "t5_2_full.pkl.npy",
            "patch_size": 13,
            "test_ratio": 0.95,
            "batch_size": 64,
            "num_classes": 16,
            "pca": 30,
            "dim_heads": 64,
            "spectral_size": 30
        },
        "net": {
            "trainer": "cross_trainer",
            "net_type": "just_pixel",
            "mlp_head_dim": 64,
            "depth": 2,
            "dim": 64,
            "heads": 20
        },
        "train": {
            "epochs": 100,
            "lr": 0.001,
            "weight_decay": 0,
            "temp": 20
        },
        "uniq_name": "indian_cross_param_use.json_50_0"
    },