{
    "epoch_loss": {
        "type": "index_value",
        "index": [
            1,
            2,
            3,
            4,
            5,
            6,
            7,
            8,
            9,
            10,
            11,
            12,
            13,
            14,
            15,
            16,
            17,
            18,
            19,
            20,
            21,
            22,
            23,
            24,
            25,
            26,
            27,
            28,
            29,
            30,
            31,
            32,
            33,
            34,
            35,
            36,
            37,
            38,
            39,
            40,
            41,
            42,
            43,
            44,
            45,
            46,
            47,
            48,
            49,
            50,
            51,
            52,
            53,
            54,
            55,
            56,
            57,
            58,
            59,
            60,
            61,
            62,
            63,
            64,
            65,
            66,
            67,
            68,
            69,
            70,
            71,
            72,
            73,
            74,
            75,
            76,
            77,
            78,
            79,
            80,
            81,
            82,
            83,
            84,
            85,
            86,
            87,
            88,
            89,
            90,
            91,
            92,
            93,
            94,
            95,
            96,
            97,
            98,
            99,
            100
        ],
        "value": [
            2.496533203125,
            1.661282730102539,
            1.4190587997436523,
            1.245763325691223,
            1.087870717048645,
            0.9300655245780944,
            0.8319657683372498,
            0.7264639258384704,
            0.6283333897590637,
            0.5582710027694702,
            0.47770525217056276,
            0.42278130650520324,
            0.35895888805389403,
            0.31699981093406676,
            0.2487746775150299,
            0.22768765389919282,
            0.19280368983745574,
            0.17597694396972657,
            0.15086311399936675,
            0.1315930277109146,
            0.11480948328971863,
            0.10202232301235199,
            0.09630128741264343,
            0.09490257501602173,
            0.07813358008861541,
            0.07930306941270829,
            0.0628249853849411,
            0.061816006898880005,
            0.06227706968784332,
            0.04987230077385903,
            0.04599518403410911,
            0.04731810688972473,
            0.040651215612888335,
            0.03621240481734276,
            0.0372720792889595,
            0.0371710017323494,
            0.03055446594953537,
            0.031196020543575287,
            0.02751568779349327,
            0.03058615028858185,
            0.02760229930281639,
            0.0269079715013504,
            0.02549215890467167,
            0.02477007396519184,
            0.024166786670684816,
            0.022534275054931642,
            0.02322242520749569,
            0.02104307934641838,
            0.019677477702498437,
            0.021002572029829025,
            0.019734447821974754,
            0.01717306226491928,
            0.019064000248908995,
            0.016796773299574852,
            0.018689663708209993,
            0.015070543065667153,
            0.01665319614112377,
            0.01811036579310894,
            0.01668412908911705,
            0.017835162207484247,
            0.013661900907754898,
            0.01543921623378992,
            0.012947700172662734,
            0.013167433813214302,
            0.01333002708852291,
            0.012466630339622498,
            0.011122525855898856,
            0.011736276000738144,
            0.010912732593715191,
            0.00968047883361578,
            0.012389418482780457,
            0.010043758153915405,
            0.01024178434163332,
            0.011216222867369651,
            0.01021553110331297,
            0.008684799168258905,
            0.008765519596636295,
            0.008717546798288822,
            0.007853129506111145,
            0.007604801282286644,
            0.008283907361328603,
            0.007915075868368149,
            0.009175728633999824,
            0.007967991568148137,
            0.009640578553080559,
            0.007139131613075733,
            0.007506779208779335,
            0.0073630670085549355,
            0.007084916345775127,
            0.006799881905317306,
            0.007185534201562404,
            0.0072014485485851765,
            0.0065158547833561896,
            0.0073250245302915575,
            0.006905006058514118,
            0.005976179614663124,
            0.006590952351689339,
            0.006153109110891819,
            0.0068104291334748265,
            0.005706648156046867
        ]
    },
    "train_oa": {
        "type": "index_value",
        "index": [
            10,
            20,
            30,
            40,
            50,
            60,
            70,
            80,
            90,
            100
        ],
        "value": [
            78.55089701655268,
            81.84160967390227,
            81.78213896322728,
            81.5839032609773,
            81.83169788878976,
            81.21716721181484,
            81.80196253345228,
            82.66428783823967,
            82.82287640003965,
            82.3867578550897
        ]
    },
    "train_aa": {
        "type": "index_value",
        "index": [
            10,
            20,
            30,
            40,
            50,
            60,
            70,
            80,
            90,
            100
        ],
        "value": [
            89.49001644681547,
            91.64385539546672,
            91.43117393602968,
            91.42763261483246,
            91.43594740804787,
            91.4808268053962,
            91.54313489600925,
            91.80213871447077,
            91.93067074194332,
            91.68924795727294
        ]
    },
    "train_kappa": {
        "type": "index_value",
        "index": [
            10,
            20,
            30,
            40,
            50,
            60,
            70,
            80,
            90,
            100
        ],
        "value": [
            75.9612286960526,
            79.61416710125559,
            79.54262437286923,
            79.32706934493419,
            79.60965137194562,
            78.95954659651456,
            79.5929632457707,
            80.52025023801221,
            80.69520159262649,
            80.21255691283292
        ]
    },
    "param": {
        "data": {
            "data_sign": "Indian",
            "data_file": "Indian_10",
            "diffusion_sign": false,
            "diffusion_data_sign_path_prefix": "/home/cn/codes/spectral_diff_temp/codes/save_feature/indian_unet3d_patch16_without_downsample_kernal5_fix/save_feature",
            "diffusion_data_sign": "t5_2_full.pkl.npy",
            "patch_size": 13,
            "test_ratio": 0.95,
            "batch_size": 64,
            "num_classes": 16,
            "pca": 30,
            "dim_heads": 64,
            "spectral_size": 30
        },
        "net": {
            "trainer": "cross_trainer",
            "net_type": "just_pixel",
            "mlp_head_dim": 64,
            "depth": 2,
            "dim": 64,
            "heads": 20
        },
        "train": {
            "epochs": 100,
            "lr": 0.001,
            "weight_decay": 0,
            "temp": 20
        },
        "uniq_name": "indian_cross_param_use.json_10_3"
    },