{
    "epoch_loss": {
        "type": "index_value",
        "index": [
            1,
            2,
            3,
            4,
            5,
            6,
            7,
            8,
            9,
            10,
            11,
            12,
            13,
            14,
            15,
            16,
            17,
            18,
            19,
            20,
            21,
            22,
            23,
            24,
            25,
            26,
            27,
            28,
            29,
            30,
            31,
            32,
            33,
            34,
            35,
            36,
            37,
            38,
            39,
            40,
            41,
            42,
            43,
            44,
            45,
            46,
            47,
            48,
            49,
            50,
            51,
            52,
            53,
            54,
            55,
            56,
            57,
            58,
            59,
            60,
            61,
            62,
            63,
            64,
            65,
            66,
            67,
            68,
            69,
            70,
            71,
            72,
            73,
            74,
            75,
            76,
            77,
            78,
            79,
            80,
            81,
            82,
            83,
            84,
            85,
            86,
            87,
            88,
            89,
            90,
            91,
            92,
            93,
            94,
            95,
            96,
            97,
            98,
            99,
            100
        ],
        "value": [
            1.623641418688225,
            0.8976916425405002,
            0.5826989040790805,
            0.3882790346130682,
            0.2591239772308832,
            0.18435708753367577,
            0.12220676528249041,
            0.0819821930183886,
            0.053979939073635616,
            0.04281959888236276,
            0.0332896364979298,
            0.028683976129148945,
            0.024407222384320283,
            0.01629724069289248,
            0.013048353625408907,
            0.012055058069254661,
            0.01067856339934353,
            0.009401942664599717,
            0.008718088568969705,
            0.0073651635966797985,
            0.006897020314274163,
            0.006465689716091848,
            0.005705034335960353,
            0.005967563004578418,
            0.005620222677872784,
            0.004993607748451651,
            0.004856725867600214,
            0.004405677531453681,
            0.0038590094443437884,
            0.003851837364717337,
            0.0034388384101532842,
            0.003425930038409827,
            0.0030493330825490015,
            0.0034385637011351755,
            0.002742077078224552,
            0.0030075173680023403,
            0.0028031857926573687,
            0.0025040771592750974,
            0.00220591170373183,
            0.0023185107310797898,
            0.002311539977580667,
            0.0022226444073556654,
            0.002056946852920789,
            0.00194164976339433,
            0.0019860771549632043,
            0.0017787117110575036,
            0.001670471927814785,
            0.0016620939969967821,
            0.0015512201145569655,
            0.0015289994100714053,
            0.0014529972245465174,
            0.0013929185578687158,
            0.001423620450886525,
            0.0014508929534969987,
            0.001245444316330367,
            0.0012630924899734424,
            0.0011719311288263077,
            0.0011848688377174496,
            0.0012419042481613602,
            0.0012154965644435667,
            0.0010988705819146658,
            0.0011234633695595005,
            0.0010769108113031854,
            0.0010417302394803525,
            0.0009839749680817431,
            0.0009865454566453816,
            0.0009120814910970138,
            0.0009516365299402282,
            0.0009375407568265683,
            0.0008652874776098952,
            0.0009226694212503373,
            0.0008246017934544287,
            0.0008039499349943717,
            0.0007673745562882983,
            0.0007998767885371708,
            0.0007280587921086446,
            0.0007370249173616603,
            0.0006902952390321985,
            0.0007068779160898245,
            0.0006430231009453317,
            0.0006629565007869804,
            0.0006739658820493947,
            0.0006264295374737156,
            0.0005839316150302004,
            0.0006293619424785909,
            0.0005958934129403599,
            0.0005744055766320827,
            0.0005601022843271007,
            0.00052726297872141,
            0.0005571969655608076,
            0.0005890912767558075,
            0.0005272593767194383,
            0.0005076235555459783,
            0.0004711994858905809,
            0.0005180257976652671,
            0.000540697810231818,
            0.000480156756189137,
            0.0004426772919273765,
            0.00043476255872854216,
            0.00047647582754870347
        ]
    },
    "train_oa": {
        "type": "index_value",
        "index": [
            10,
            20,
            30,
            40,
            50,
            60,
            70,
            80,
            90,
            100
        ],
        "value": [
            95.32931554024968,
            95.73826947912183,
            95.34007748600946,
            95.18941024537236,
            95.34007748600946,
            95.30779164873009,
            95.11407662505381,
            95.35083943176926,
            95.25398191993112,
            95.11407662505381
        ]
    },
    "train_aa": {
        "type": "index_value",
        "index": [
            10,
            20,
            30,
            40,
            50,
            60,
            70,
            80,
            90,
            100
        ],
        "value": [
            97.00627628105171,
            96.84220117027084,
            96.74686324214353,
            96.71873213936,
            96.74555048478516,
            96.75390931771362,
            96.6679648621542,
            96.76083312316905,
            96.71588415158116,
            96.6326231614319
        ]
    },
    "train_kappa": {
        "type": "index_value",
        "index": [
            10,
            20,
            30,
            40,
            50,
            60,
            70,
            80,
            90,
            100
        ],
        "value": [
            94.62442999185465,
            95.09285840539128,
            94.63917731814301,
            94.46695349622176,
            94.63830347386559,
            94.60142531650455,
            94.38063979990206,
            94.65141073841208,
            94.54046256606034,
            94.38047699010598
        ]
    },
    "param": {
        "data": {
            "data_sign": "Indian",
            "data_file": "Indian_70",
            "diffusion_sign": false,
            "diffusion_data_sign_path_prefix": "/home/cn/codes/spectral_diff_temp/codes/save_feature/indian_unet3d_patch16_without_downsample_kernal5_fix/save_feature",
            "diffusion_data_sign": "t5_2_full.pkl.npy",
            "patch_size": 13,
            "test_ratio": 0.95,
            "batch_size": 64,
            "num_classes": 16,
            "pca": 30,
            "dim_heads": 64,
            "spectral_size": 30
        },
        "net": {
            "trainer": "cross_trainer",
            "net_type": "just_pixel",
            "mlp_head_dim": 64,
            "depth": 2,
            "dim": 64,
            "heads": 20
        },
        "train": {
            "epochs": 100,
            "lr": 0.001,
            "weight_decay": 0,
            "temp": 20
        },
        "uniq_name": "indian_cross_param_use.json_70_0"
    },