{
    "epoch_loss": {
        "type": "index_value",
        "index": [
            1,
            2,
            3,
            4,
            5,
            6,
            7,
            8,
            9,
            10,
            11,
            12,
            13,
            14,
            15,
            16,
            17,
            18,
            19,
            20,
            21,
            22,
            23,
            24,
            25,
            26,
            27,
            28,
            29,
            30,
            31,
            32,
            33,
            34,
            35,
            36,
            37,
            38,
            39,
            40,
            41,
            42,
            43,
            44,
            45,
            46,
            47,
            48,
            49,
            50,
            51,
            52,
            53,
            54,
            55,
            56,
            57,
            58,
            59,
            60,
            61,
            62,
            63,
            64,
            65,
            66,
            67,
            68,
            69,
            70,
            71,
            72,
            73,
            74,
            75,
            76,
            77,
            78,
            79,
            80,
            81,
            82,
            83,
            84,
            85,
            86,
            87,
            88,
            89,
            90,
            91,
            92,
            93,
            94,
            95,
            96,
            97,
            98,
            99,
            100
        ],
        "value": [
            2.01157461845123,
            1.3276343302683786,
            1.0074029634664725,
            0.7810296330366049,
            0.6070735164590784,
            0.4833907401776529,
            0.37375803600560437,
            0.2729450125952025,
            0.19588882388832332,
            0.1513909339099317,
            0.11346056594236477,
            0.09438593457411001,
            0.07657477843600351,
            0.06577036187455461,
            0.05049687311858744,
            0.0427441502342353,
            0.03900048680402137,
            0.02758187649620546,
            0.026626852987048862,
            0.02534516308423098,
            0.021802229924244923,
            0.020843811484204756,
            0.017308967808882397,
            0.01738362150216425,
            0.015814135463589483,
            0.013468703565498194,
            0.013695831360245074,
            0.013119473080108832,
            0.013324564146633083,
            0.011592391282655634,
            0.01071087404380779,
            0.010265878552721965,
            0.01028851584137023,
            0.008834795044684733,
            0.00908973033598683,
            0.008344889119233902,
            0.007893517848339167,
            0.008356939715979336,
            0.007791153507659564,
            0.007225259911973734,
            0.007614335355659326,
            0.006874520419719252,
            0.006811753922217601,
            0.005892795837811522,
            0.005963987704400007,
            0.005893832970377024,
            0.005614496616495622,
            0.005473946200197076,
            0.004883679922099586,
            0.004677264762387888,
            0.005279397625509683,
            0.004956218011274531,
            0.0043852598624522085,
            0.004242445845660326,
            0.004476541082735534,
            0.003786157825038777,
            0.004049789227612384,
            0.00387704636070978,
            0.0034976167088324153,
            0.003445870287061946,
            0.00350834474361896,
            0.0035621911215990244,
            0.0033019086920765338,
            0.003542862492739349,
            0.0033013606255219595,
            0.003210551959152023,
            0.00307673458974842,
            0.003022986934058838,
            0.00330817101204449,
            0.0028754919578598158,
            0.0027682152744550425,
            0.002433557185000396,
            0.002591351072329122,
            0.002570489796952487,
            0.002533395822906682,
            0.002347855287528521,
            0.0024215163671419964,
            0.0024253445706825267,
            0.0025895904762217323,
            0.0024637306058729017,
            0.0021743045654147863,
            0.002099607271972943,
            0.0021426797433345165,
            0.001864332200220979,
            0.0022453095088503113,
            0.0019321933919396084,
            0.0018805081888966196,
            0.001866862809218399,
            0.002071804809593805,
            0.00168007428061452,
            0.0018354082398267615,
            0.0019179031479398946,
            0.0017703932013597575,
            0.0018294619360670178,
            0.0018088233694937583,
            0.0016441555244864914,
            0.0015353991949997908,
            0.0014449305452725238,
            0.0014788494382456348,
            0.0016687523703686558
        ]
    },
    "train_oa": {
        "type": "index_value",
        "index": [
            10,
            20,
            30,
            40,
            50,
            60,
            70,
            80,
            90,
            100
        ],
        "value": [
            94.2682304946456,
            93.93166751657319,
            93.76848546659868,
            93.6460989291178,
            93.73788883222845,
            93.8092809790923,
            93.54411014788373,
            93.59510453850076,
            93.57470678225394,
            93.6460989291178
        ]
    },
    "train_aa": {
        "type": "index_value",
        "index": [
            10,
            20,
            30,
            40,
            50,
            60,
            70,
            80,
            90,
            100
        ],
        "value": [
            96.20262413899735,
            96.38682979555695,
            96.01557033697596,
            95.91869575000544,
            95.96838947849861,
            96.0613277209956,
            95.86806667985873,
            95.97353462925695,
            95.98277942707243,
            96.00277658234837
        ]
    },
    "train_kappa": {
        "type": "index_value",
        "index": [
            10,
            20,
            30,
            40,
            50,
            60,
            70,
            80,
            90,
            100
        ],
        "value": [
            93.4362874897527,
            93.06181121397596,
            92.8734266141217,
            92.73261101957844,
            92.83704464862474,
            92.91904905943692,
            92.61851555900485,
            92.67396286444894,
            92.65322051941719,
            92.73406906774653
        ]
    },
    "param": {
        "data": {
            "data_sign": "Indian",
            "data_file": "Indian_30",
            "diffusion_sign": false,
            "diffusion_data_sign_path_prefix": "/home/cn/codes/spectral_diff_temp/codes/save_feature/indian_unet3d_patch16_without_downsample_kernal5_fix/save_feature",
            "diffusion_data_sign": "t5_2_full.pkl.npy",
            "patch_size": 13,
            "test_ratio": 0.95,
            "batch_size": 64,
            "num_classes": 16,
            "pca": 30,
            "dim_heads": 64,
            "spectral_size": 30
        },
        "net": {
            "trainer": "cross_trainer",
            "net_type": "just_pixel",
            "mlp_head_dim": 64,
            "depth": 2,
            "dim": 64,
            "heads": 20
        },
        "train": {
            "epochs": 100,
            "lr": 0.001,
            "weight_decay": 0,
            "temp": 20
        },
        "uniq_name": "indian_cross_param_use.json_30_0"
    },