{
    "epoch_loss": {
        "type": "index_value",
        "index": [
            1,
            2,
            3,
            4,
            5,
            6,
            7,
            8,
            9,
            10,
            11,
            12,
            13,
            14,
            15,
            16,
            17,
            18,
            19,
            20,
            21,
            22,
            23,
            24,
            25,
            26,
            27,
            28,
            29,
            30,
            31,
            32,
            33,
            34,
            35,
            36,
            37,
            38,
            39,
            40,
            41,
            42,
            43,
            44,
            45,
            46,
            47,
            48,
            49,
            50,
            51,
            52,
            53,
            54,
            55,
            56,
            57,
            58,
            59,
            60,
            61,
            62,
            63,
            64,
            65,
            66,
            67,
            68,
            69,
            70,
            71,
            72,
            73,
            74,
            75,
            76,
            77,
            78,
            79,
            80,
            81,
            82,
            83,
            84,
            85,
            86,
            87,
            88,
            89,
            90,
            91,
            92,
            93,
            94,
            95,
            96,
            97,
            98,
            99,
            100
        ],
        "value": [
            1.6199957585268976,
            0.8400430367863716,
            0.5199835161989506,
            0.3554615044440276,
            0.2304219288105469,
            0.15481267163483725,
            0.10932172943170507,
            0.07961524246395896,
            0.05913129060939571,
            0.039807234838495256,
            0.02324451796758471,
            0.01984518509711162,
            0.015432128233778554,
            0.011726966208290812,
            0.009617384687655545,
            0.00901645379913791,
            0.007872863592136148,
            0.007812105338993074,
            0.006499590041165573,
            0.0058999303291382985,
            0.005438980134932295,
            0.0047742683413029815,
            0.0046410901710158,
            0.004379615523503698,
            0.004169205046646989,
            0.00413523671811013,
            0.0034059746449653884,
            0.003461604568637777,
            0.0032116580153057194,
            0.0028280664069137667,
            0.0027083624417789916,
            0.0026980599008497148,
            0.0027000857448580625,
            0.002435706514503598,
            0.0023973551953662096,
            0.0022295027133334418,
            0.0020404595681641803,
            0.002055657878235366,
            0.0020325007783540327,
            0.0021063228923460706,
            0.0016757928277515801,
            0.0017507017609168945,
            0.0017302449943203044,
            0.0017246308078065775,
            0.001426015710869415,
            0.0015185720747998182,
            0.0015268600775012891,
            0.0013396335396660354,
            0.001253011973151507,
            0.0012200656942440594,
            0.001308192166978735,
            0.001199035551664595,
            0.0011886453259009747,
            0.0011171285761198972,
            0.0011054727709582273,
            0.0010268980995542007,
            0.0010167213066642985,
            0.0009909854306395594,
            0.0009496741902028324,
            0.0009415773942590225,
            0.0008562020967108744,
            0.0009155085162759143,
            0.0009264289543911705,
            0.0007857575613886234,
            0.0007559295759554318,
            0.0008176642248048015,
            0.0008013141060911167,
            0.0007054638565756147,
            0.0006945436750667164,
            0.0006837446748929333,
            0.0006343160660401083,
            0.0006306409786443338,
            0.0006251797470036661,
            0.0006445230252243126,
            0.000641415443940974,
            0.0006616524766711647,
            0.0005894773674545348,
            0.000577182762853659,
            0.000541041793318623,
            0.000502859315595683,
            0.0005804782374757715,
            0.0005136255622329919,
            0.0004705751563547472,
            0.0005328583764501358,
            0.00045810159088134693,
            0.000470019674916917,
            0.00046335548097023563,
            0.0004745064197894676,
            0.0004802715414989373,
            0.00042751468692348434,
            0.0004099487117020432,
            0.00041387933718187094,
            0.0004346287724062485,
            0.00044382751717771086,
            0.0003860812128620889,
            0.000382948827538031,
            0.00036463492092969483,
            0.0003642479467879134,
            0.00034442846245614757,
            0.0003921363295560142
        ]
    },
    "train_oa": {
        "type": "index_value",
        "index": [
            10,
            20,
            30,
            40,
            50,
            60,
            70,
            80,
            90,
            100
        ],
        "value": [
            96.04889762060685,
            96.5073128137961,
            96.47456887142545,
            96.32176380702904,
            96.31084915957214,
            96.27810521720149,
            96.39816633922725,
            96.38725169177036,
            96.40908098668413,
            96.33267845448592
        ]
    },
    "train_aa": {
        "type": "index_value",
        "index": [
            10,
            20,
            30,
            40,
            50,
            60,
            70,
            80,
            90,
            100
        ],
        "value": [
            98.15585706384398,
            98.5235792995458,
            98.46806905984411,
            98.42240983391426,
            98.38714034338012,
            98.40854807217076,
            98.47071247646564,
            98.45891070363733,
            98.50040916222993,
            98.44999874949445
        ]
    },
    "train_kappa": {
        "type": "index_value",
        "index": [
            10,
            20,
            30,
            40,
            50,
            60,
            70,
            80,
            90,
            100
        ],
        "value": [
            95.44955510613622,
            95.97731084992056,
            95.9394518353419,
            95.76455465281092,
            95.75137846184984,
            95.71480517651489,
            95.85280234180749,
            95.84012962965173,
            95.86575074439304,
            95.77773998667583
        ]
    },
    "param": {
        "data": {
            "data_sign": "Indian",
            "data_file": "Indian_80",
            "diffusion_sign": false,
            "diffusion_data_sign_path_prefix": "/home/cn/codes/spectral_diff_temp/codes/save_feature/indian_unet3d_patch16_without_downsample_kernal5_fix/save_feature",
            "diffusion_data_sign": "t5_2_full.pkl.npy",
            "patch_size": 13,
            "test_ratio": 0.95,
            "batch_size": 64,
            "num_classes": 16,
            "pca": 30,
            "dim_heads": 64,
            "spectral_size": 30
        },
        "net": {
            "trainer": "cross_trainer",
            "net_type": "just_pixel",
            "mlp_head_dim": 64,
            "depth": 2,
            "dim": 64,
            "heads": 20
        },
        "train": {
            "epochs": 100,
            "lr": 0.001,
            "weight_decay": 0,
            "temp": 20
        },
        "uniq_name": "indian_cross_param_use.json_80_3"
    },