{
    "epoch_loss": {
        "type": "index_value",
        "index": [
            1,
            2,
            3,
            4,
            5,
            6,
            7,
            8,
            9,
            10,
            11,
            12,
            13,
            14,
            15,
            16,
            17,
            18,
            19,
            20,
            21,
            22,
            23,
            24,
            25,
            26,
            27,
            28,
            29,
            30,
            31,
            32,
            33,
            34,
            35,
            36,
            37,
            38,
            39,
            40,
            41,
            42,
            43,
            44,
            45,
            46,
            47,
            48,
            49,
            50,
            51,
            52,
            53,
            54,
            55,
            56,
            57,
            58,
            59,
            60,
            61,
            62,
            63,
            64,
            65,
            66,
            67,
            68,
            69,
            70,
            71,
            72,
            73,
            74,
            75,
            76,
            77,
            78,
            79,
            80,
            81,
            82,
            83,
            84,
            85,
            86,
            87,
            88,
            89,
            90,
            91,
            92,
            93,
            94,
            95,
            96,
            97,
            98,
            99,
            100
        ],
        "value": [
            1.890811755232615,
            1.1907129549000361,
            0.875661020409571,
            0.6942778727779649,
            0.5349877076606228,
            0.42535188508360355,
            0.33023567803918497,
            0.27265805781704106,
            0.2433087311378897,
            0.23548155859725117,
            0.2192211734921965,
            0.14748826112649213,
            0.11414095432790991,
            0.07257329029579686,
            0.056939999738784684,
            0.04831776931269528,
            0.046703725644986926,
            0.10094070240651092,
            0.066466360059503,
            0.05148172133589444,
            0.07419988620158745,
            0.04186066474816571,
            0.05761867108410352,
            0.04704336464813311,
            0.032511243264969084,
            0.027062247673126115,
            0.01787851010895755,
            0.013700007882020245,
            0.013134470949434254,
            0.010267469496147274,
            0.011018160373380739,
            0.0159065197285724,
            0.010295169427990913,
            0.009551884223745293,
            0.010179528583810753,
            0.009308305530719561,
            0.006766266738102861,
            0.007000588697113403,
            0.017415277302673417,
            0.012751070757026542,
            0.00942238114059788,
            0.009997526923679325,
            0.008925492581847596,
            0.007550250075451315,
            0.0061286924126213544,
            0.005691515052155273,
            0.005342052815711661,
            0.006206608109482347,
            0.007633232958104513,
            0.02036372607905571,
            0.006785930070566804,
            0.013707248206977567,
            0.013641856202524002,
            0.012679751299015463,
            0.023220429860361633,
            0.018912186769589986,
            0.040541480359149305,
            0.027231907089279122,
            0.010618832268535274,
            0.006935489287421311,
            0.005297691318882655,
            0.008356209844350815,
            0.007624835235207048,
            0.014212010249699631,
            0.010413267739015082,
            0.008079987006542617,
            0.005132715409136799,
            0.004158800263723282,
            0.0032127167110982007,
            0.0033063204729393736,
            0.0040819247648732305,
            0.011128924684981778,
            0.031135858840321842,
            0.02222424817003616,
            0.008902996982613655,
            0.008423761196740686,
            0.014021694405029898,
            0.017421441127176154,
            0.013246552406312668,
            0.013141449030539761,
            0.0060043007148149075,
            0.003761733639730166,
            0.0028806680507243495,
            0.002487596979186143,
            0.0026986393184490398,
            0.003600062202815324,
            0.0030035589859910205,
            0.0022776024671245926,
            0.002721018425814093,
            0.0020499283939038647,
            0.0017401177168198643,
            0.0015417354959637334,
            0.0013571154096559302,
            0.0012157014762497929,
            0.0009960831997737492,
            0.0011256874717567881,
            0.0009692445690807415,
            0.001129976046360927,
            0.001393504925582507,
            0.0009266482745871357
        ]
    },
    "train_oa": {
        "type": "index_value",
        "index": [
            10,
            20,
            30,
            40,
            50,
            60,
            70,
            80,
            90,
            100
        ],
        "value": [
            91.5364718054837,
            94.55768235902741,
            94.16451112260734,
            91.19503362648732,
            93.5126745990688,
            93.63683393688567,
            93.36782203828247,
            92.61251939989653,
            92.3642007242628,
            93.16088980858768
        ]
    },
    "train_aa": {
        "type": "index_value",
        "index": [
            10,
            20,
            30,
            40,
            50,
            60,
            70,
            80,
            90,
            100
        ],
        "value": [
            95.51689144552793,
            97.1697987314885,
            96.98576679642399,
            95.8163794666159,
            96.45090439039163,
            96.59033698413495,
            96.4502567443763,
            95.72579656602697,
            95.84693390590608,
            95.91802280599809
        ]
    },
    "train_kappa": {
        "type": "index_value",
        "index": [
            10,
            20,
            30,
            40,
            50,
            60,
            70,
            80,
            90,
            100
        ],
        "value": [
            90.35457114114554,
            93.77593739460727,
            93.33537561292229,
            89.98359094301696,
            92.59285620412302,
            92.73198817324186,
            92.43307928132596,
            91.55884107244152,
            91.28722305243765,
            92.18544481644429
        ]
    },
    "param": {
        "data": {
            "data_sign": "Indian",
            "data_file": "Indian_40",
            "diffusion_sign": false,
            "diffusion_data_sign_path_prefix": "/home/cn/codes/spectral_diff_temp/codes/save_feature/indian_unet3d_patch16_without_downsample_kernal5_fix/save_feature",
            "diffusion_data_sign": "t5_2_full.pkl.npy",
            "patch_size": 13,
            "test_ratio": 0.95,
            "batch_size": 64,
            "num_classes": 16,
            "pca": 30,
            "dim_heads": 64,
            "spectral_size": 30
        },
        "net": {
            "trainer": "cross_trainer",
            "net_type": "just_pixel",
            "mlp_head_dim": 64,
            "depth": 2,
            "dim": 64,
            "heads": 20
        },
        "train": {
            "epochs": 100,
            "lr": 0.001,
            "weight_decay": 0,
            "temp": 20
        },
        "uniq_name": "indian_cross_param_use.json_40_2"
    },