{
    "epoch_loss": {
        "type": "index_value",
        "index": [
            1,
            2,
            3,
            4,
            5,
            6,
            7,
            8,
            9,
            10,
            11,
            12,
            13,
            14,
            15,
            16,
            17,
            18,
            19,
            20,
            21,
            22,
            23,
            24,
            25,
            26,
            27,
            28,
            29,
            30,
            31,
            32,
            33,
            34,
            35,
            36,
            37,
            38,
            39,
            40,
            41,
            42,
            43,
            44,
            45,
            46,
            47,
            48,
            49,
            50,
            51,
            52,
            53,
            54,
            55,
            56,
            57,
            58,
            59,
            60,
            61,
            62,
            63,
            64,
            65,
            66,
            67,
            68,
            69,
            70,
            71,
            72,
            73,
            74,
            75,
            76,
            77,
            78,
            79,
            80,
            81,
            82,
            83,
            84,
            85,
            86,
            87,
            88,
            89,
            90,
            91,
            92,
            93,
            94,
            95,
            96,
            97,
            98,
            99,
            100
        ],
        "value": [
            2.4934182167053223,
            1.6394793033599853,
            1.3870142698287964,
            1.2028890371322631,
            1.0699631929397584,
            0.9577858924865723,
            0.8326215863227844,
            0.7275322198867797,
            0.654705822467804,
            0.5784257054328918,
            0.5070054829120636,
            0.47958214282989503,
            0.3881300151348114,
            0.34289483428001405,
            0.302330869436264,
            0.2633741915225983,
            0.22172787487506868,
            0.19824607372283937,
            0.1614370048046112,
            0.14487668871879578,
            0.1255216658115387,
            0.1137874647974968,
            0.09870512634515763,
            0.09425856322050094,
            0.0776515930891037,
            0.07400382459163665,
            0.0676991805434227,
            0.06474619656801224,
            0.059354377537965776,
            0.051201339811086655,
            0.05593046247959137,
            0.04453789889812469,
            0.039006303250789645,
            0.04011301845312119,
            0.03794700875878334,
            0.03269539885222912,
            0.029633822664618493,
            0.03367250859737396,
            0.03261157944798469,
            0.029198578745126724,
            0.02806195877492428,
            0.027444607019424437,
            0.024948405101895332,
            0.023480891063809396,
            0.02191469892859459,
            0.024951789528131485,
            0.020872465148568154,
            0.020749574154615404,
            0.019644349068403243,
            0.019578490033745767,
            0.018135058879852294,
            0.01840822622179985,
            0.018152165226638317,
            0.017579906061291693,
            0.015615279227495194,
            0.017489609867334367,
            0.01409711204469204,
            0.014846117794513702,
            0.01545842606574297,
            0.01449538692831993,
            0.014052989333868027,
            0.013014372065663337,
            0.013126927427947521,
            0.012384464405477047,
            0.013242430984973907,
            0.0135802011936903,
            0.012955626286566258,
            0.011458849720656871,
            0.010783720947802066,
            0.011942446604371071,
            0.013066522777080536,
            0.01042724885046482,
            0.010694621689617633,
            0.009591790102422237,
            0.01095904503017664,
            0.009546981938183308,
            0.009479475393891334,
            0.011662545055150986,
            0.009162797406315804,
            0.008878246136009692,
            0.009402158856391906,
            0.008397207222878933,
            0.008339755050837994,
            0.00867015216499567,
            0.008940777182579041,
            0.007446982525289058,
            0.007707090675830841,
            0.009120987541973592,
            0.007812283746898174,
            0.007937676645815373,
            0.006795522384345531,
            0.007217528577893972,
            0.00713851572945714,
            0.006817493215203285,
            0.006944598630070686,
            0.006751696020364762,
            0.006937084160745144,
            0.0070499548688530925,
            0.00674938727170229,
            0.005880934838205576
        ]
    },
    "train_oa": {
        "type": "index_value",
        "index": [
            10,
            20,
            30,
            40,
            50,
            60,
            70,
            80,
            90,
            100
        ],
        "value": [
            78.3427495291902,
            83.10040638318962,
            82.43631678065219,
            84.022202398652,
            83.34820101100208,
            83.51670135791456,
            82.54534641688969,
            84.002378828427,
            83.89334919218952,
            83.2391713747646
        ]
    },
    "train_aa": {
        "type": "index_value",
        "index": [
            10,
            20,
            30,
            40,
            50,
            60,
            70,
            80,
            90,
            100
        ],
        "value": [
            87.44206092871019,
            92.07359581435018,
            91.5139449199762,
            92.47340906251522,
            91.93706304900043,
            91.97618558335019,
            91.72086407953654,
            92.1650683833483,
            92.07965846005364,
            91.83629977461823
        ]
    },
    "train_kappa": {
        "type": "index_value",
        "index": [
            10,
            20,
            30,
            40,
            50,
            60,
            70,
            80,
            90,
            100
        ],
        "value": [
            75.61794659128962,
            81.00126853368805,
            80.24918821268916,
            82.02223388722338,
            81.27112093128855,
            81.46868997974003,
            80.39650983480848,
            81.98338737936731,
            81.85785622258447,
            81.15203897211265
        ]
    },
    "param": {
        "data": {
            "data_sign": "Indian",
            "data_file": "Indian_10",
            "diffusion_sign": false,
            "diffusion_data_sign_path_prefix": "/home/cn/codes/spectral_diff_temp/codes/save_feature/indian_unet3d_patch16_without_downsample_kernal5_fix/save_feature",
            "diffusion_data_sign": "t5_2_full.pkl.npy",
            "patch_size": 13,
            "test_ratio": 0.95,
            "batch_size": 64,
            "num_classes": 16,
            "pca": 30,
            "dim_heads": 64,
            "spectral_size": 30
        },
        "net": {
            "trainer": "cross_trainer",
            "net_type": "just_pixel",
            "mlp_head_dim": 64,
            "depth": 2,
            "dim": 64,
            "heads": 20
        },
        "train": {
            "epochs": 100,
            "lr": 0.001,
            "weight_decay": 0,
            "temp": 20
        },
        "uniq_name": "indian_cross_param_use.json_10_1"
    },