{
    "epoch_loss": {
        "type": "index_value",
        "index": [
            1,
            2,
            3,
            4,
            5,
            6,
            7,
            8,
            9,
            10,
            11,
            12,
            13,
            14,
            15,
            16,
            17,
            18,
            19,
            20,
            21,
            22,
            23,
            24,
            25,
            26,
            27,
            28,
            29,
            30,
            31,
            32,
            33,
            34,
            35,
            36,
            37,
            38,
            39,
            40,
            41,
            42,
            43,
            44,
            45,
            46,
            47,
            48,
            49,
            50,
            51,
            52,
            53,
            54,
            55,
            56,
            57,
            58,
            59,
            60,
            61,
            62,
            63,
            64,
            65,
            66,
            67,
            68,
            69,
            70,
            71,
            72,
            73,
            74,
            75,
            76,
            77,
            78,
            79,
            80,
            81,
            82,
            83,
            84,
            85,
            86,
            87,
            88,
            89,
            90,
            91,
            92,
            93,
            94,
            95,
            96,
            97,
            98,
            99,
            100
        ],
        "value": [
            2.496784973144531,
            1.7928702116012574,
            1.4545683145523072,
            1.2904679298400878,
            1.128692626953125,
            0.9668756604194642,
            0.8587239503860473,
            0.7450670003890991,
            0.6610743165016174,
            0.5917712330818177,
            0.5061022877693176,
            0.4396606028079987,
            0.3779488205909729,
            0.330519837141037,
            0.2845321387052536,
            0.25876021981239317,
            0.20305306017398833,
            0.18798702955245972,
            0.1580992966890335,
            0.1656636953353882,
            0.1260460138320923,
            0.11091185510158538,
            0.09229326695203781,
            0.08405392318964004,
            0.07310122847557068,
            0.06337383687496186,
            0.06538469940423966,
            0.05694413557648659,
            0.04776230156421661,
            0.04744286090135574,
            0.045402564108371735,
            0.04281451031565666,
            0.04593467116355896,
            0.042047562450170516,
            0.037646321952342986,
            0.03948113471269608,
            0.042158499360084534,
            0.03871978968381882,
            0.034963428229093554,
            0.03512019887566566,
            0.03126366809010506,
            0.030314958095550536,
            0.026050088927149773,
            0.025221480429172514,
            0.024781597405672075,
            0.022057412192225456,
            0.02250239662826061,
            0.02088126093149185,
            0.021112713590264322,
            0.018130817264318467,
            0.0190557524561882,
            0.019393450766801833,
            0.018384918943047522,
            0.01630593165755272,
            0.01669657938182354,
            0.015466783195734024,
            0.016249404475092887,
            0.014158852212131024,
            0.013012054190039635,
            0.014779122918844223,
            0.013500319235026837,
            0.01364245694130659,
            0.012552398070693017,
            0.01282942183315754,
            0.014148382097482681,
            0.012289657443761825,
            0.012071632780134678,
            0.012203476019203663,
            0.011123119667172433,
            0.010659170150756837,
            0.011488029360771179,
            0.010429763980209828,
            0.009932874888181686,
            0.00878448560833931,
            0.009818528033792972,
            0.010313798859715461,
            0.008596822619438171,
            0.009486599266529084,
            0.009870501793920993,
            0.008762963488698006,
            0.008985735289752484,
            0.00797344148159027,
            0.00791797898709774,
            0.008553597517311573,
            0.007834802940487861,
            0.007475456967949867,
            0.008138634823262691,
            0.007205973751842976,
            0.007469507306814194,
            0.0069032514467835425,
            0.006764328572899103,
            0.007791899889707565,
            0.007516341377049684,
            0.007874437049031258,
            0.006785096973180771,
            0.006551665067672729,
            0.007381519116461277,
            0.006818929500877857,
            0.005540146958082914,
            0.00640336461365223
        ]
    },
    "train_oa": {
        "type": "index_value",
        "index": [
            10,
            20,
            30,
            40,
            50,
            60,
            70,
            80,
            90,
            100
        ],
        "value": [
            78.65001486767767,
            82.94181782138963,
            82.32728714441471,
            81.06849043512737,
            82.74358211913966,
            82.85261175537715,
            83.47705421746457,
            83.36802458122708,
            82.85261175537715,
            83.07067102785211
        ]
    },
    "train_aa": {
        "type": "index_value",
        "index": [
            10,
            20,
            30,
            40,
            50,
            60,
            70,
            80,
            90,
            100
        ],
        "value": [
            88.46332583752236,
            91.41524850939145,
            91.09571062501176,
            90.42500604135628,
            91.24064275536911,
            91.23819749100213,
            91.38961386508728,
            91.21886897118034,
            91.26580649580978,
            91.23370709401422
        ]
    },
    "train_kappa": {
        "type": "index_value",
        "index": [
            10,
            20,
            30,
            40,
            50,
            60,
            70,
            80,
            90,
            100
        ],
        "value": [
            76.06026391239207,
            80.81657932566651,
            80.15133641791647,
            78.74680275425698,
            80.59125067393529,
            80.71175791112687,
            81.40081672074943,
            81.26962057226575,
            80.71380332175971,
            80.94899120268984
        ]
    },
    "param": {
        "data": {
            "data_sign": "Indian",
            "data_file": "Indian_10",
            "diffusion_sign": false,
            "diffusion_data_sign_path_prefix": "/home/cn/codes/spectral_diff_temp/codes/save_feature/indian_unet3d_patch16_without_downsample_kernal5_fix/save_feature",
            "diffusion_data_sign": "t5_2_full.pkl.npy",
            "patch_size": 13,
            "test_ratio": 0.95,
            "batch_size": 64,
            "num_classes": 16,
            "pca": 30,
            "dim_heads": 64,
            "spectral_size": 30
        },
        "net": {
            "trainer": "cross_trainer",
            "net_type": "just_pixel",
            "mlp_head_dim": 64,
            "depth": 2,
            "dim": 64,
            "heads": 20
        },
        "train": {
            "epochs": 100,
            "lr": 0.001,
            "weight_decay": 0,
            "temp": 20
        },
        "uniq_name": "indian_cross_param_use.json_10_0"
    },