{
    "epoch_loss": {
        "type": "index_value",
        "index": [
            1,
            2,
            3,
            4,
            5,
            6,
            7,
            8,
            9,
            10,
            11,
            12,
            13,
            14,
            15,
            16,
            17,
            18,
            19,
            20,
            21,
            22,
            23,
            24,
            25,
            26,
            27,
            28,
            29,
            30,
            31,
            32,
            33,
            34,
            35,
            36,
            37,
            38,
            39,
            40,
            41,
            42,
            43,
            44,
            45,
            46,
            47,
            48,
            49,
            50,
            51,
            52,
            53,
            54,
            55,
            56,
            57,
            58,
            59,
            60,
            61,
            62,
            63,
            64,
            65,
            66,
            67,
            68,
            69,
            70,
            71,
            72,
            73,
            74,
            75,
            76,
            77,
            78,
            79,
            80,
            81,
            82,
            83,
            84,
            85,
            86,
            87,
            88,
            89,
            90,
            91,
            92,
            93,
            94,
            95,
            96,
            97,
            98,
            99,
            100
        ],
        "value": [
            1.7662498401945599,
            1.0760502495416782,
            0.7361090193519976,
            0.5179880971203917,
            0.3612179337563782,
            0.2651745288965521,
            0.2018124661281427,
            0.1471057018663312,
            0.11185961241274003,
            0.10305243325413042,
            0.07281291120320858,
            0.058865333117619476,
            0.039591276799054706,
            0.02918284869294512,
            0.021846491116576078,
            0.018845597736355735,
            0.01617962095774229,
            0.013467483016711738,
            0.012691891410119479,
            0.010678559742130372,
            0.010745888950043976,
            0.009182986711155906,
            0.008432062517803488,
            0.008333507541786222,
            0.007600450813449609,
            0.0069913030889318184,
            0.006947755470198487,
            0.006122721642405436,
            0.006256229552831848,
            0.005832639065874444,
            0.005250561288912037,
            0.004873157589772511,
            0.005184749963758794,
            0.004551599750901911,
            0.004762264342719377,
            0.003884680147938847,
            0.004190213731095901,
            0.003927541105677955,
            0.003682548568384933,
            0.003313919964915882,
            0.003280845985158615,
            0.003113802531106101,
            0.0030333092265830536,
            0.0030604862999518427,
            0.0028665592897966653,
            0.0028307366991947424,
            0.002782540227496299,
            0.0027158929491375534,
            0.0027381950301897193,
            0.0024128039126983247,
            0.0025198648973011346,
            0.0022831907052576136,
            0.002400221081632303,
            0.002154843611983446,
            0.002234716833551739,
            0.001930617830726763,
            0.0018990050862346865,
            0.001770658168669154,
            0.0017451004489622956,
            0.0017614085105323958,
            0.0018339983765182847,
            0.0017730377679971317,
            0.0017620526309962915,
            0.0016716935680551159,
            0.0016823026528341462,
            0.0014442724492761654,
            0.0014480467290461192,
            0.0014672967947022709,
            0.0014670446442929196,
            0.001427744799681072,
            0.0013514727713484077,
            0.0014997764019204713,
            0.0014294679430306727,
            0.001348638828072852,
            0.001172334774513562,
            0.0012202293547257845,
            0.0012572919078026946,
            0.0011779669788499047,
            0.0011836496013760502,
            0.0011222398520208136,
            0.0011953498060458274,
            0.0010726462424648566,
            0.0009910978463383516,
            0.0010249503428708371,
            0.0009965083048741735,
            0.0010196747106481264,
            0.0009577447585921889,
            0.000953154864141763,
            0.0009644987312822978,
            0.0008544748723493565,
            0.0008217158661874671,
            0.000825320904552696,
            0.0009538113978695407,
            0.0008432362812378816,
            0.000846241561393955,
            0.0007319710619274628,
            0.0007766127272193698,
            0.0007832879026038264,
            0.0007927285987012612,
            0.0007172894684652634
        ]
    },
    "train_oa": {
        "type": "index_value",
        "index": [
            10,
            20,
            30,
            40,
            50,
            60,
            70,
            80,
            90,
            100
        ],
        "value": [
            93.41499162479062,
            94.70268006700168,
            94.71314907872697,
            94.69221105527639,
            94.71314907872697,
            94.71314907872697,
            94.63986599664992,
            94.55611390284757,
            94.44095477386935,
            94.5037688442211
        ]
    },
    "train_aa": {
        "type": "index_value",
        "index": [
            10,
            20,
            30,
            40,
            50,
            60,
            70,
            80,
            90,
            100
        ],
        "value": [
            96.0561548935795,
            97.16374886929177,
            97.19534341795489,
            97.2089483925955,
            97.17576768883131,
            97.18696630905599,
            97.09694485453254,
            97.11405170021197,
            97.06740933755808,
            97.07166049910603
        ]
    },
    "train_kappa": {
        "type": "index_value",
        "index": [
            10,
            20,
            30,
            40,
            50,
            60,
            70,
            80,
            90,
            100
        ],
        "value": [
            92.46196724903399,
            93.93372873965968,
            93.94554013502066,
            93.9232325746969,
            93.9462875712945,
            93.94591976483699,
            93.86222144049088,
            93.7684421169276,
            93.63712449137637,
            93.70893355145742
        ]
    },
    "param": {
        "data": {
            "data_sign": "Indian",
            "data_file": "Indian_50",
            "diffusion_sign": false,
            "diffusion_data_sign_path_prefix": "/home/cn/codes/spectral_diff_temp/codes/save_feature/indian_unet3d_patch16_without_downsample_kernal5_fix/save_feature",
            "diffusion_data_sign": "t5_2_full.pkl.npy",
            "patch_size": 13,
            "test_ratio": 0.95,
            "batch_size": 64,
            "num_classes": 16,
            "pca": 30,
            "dim_heads": 64,
            "spectral_size": 30
        },
        "net": {
            "trainer": "cross_trainer",
            "net_type": "just_pixel",
            "mlp_head_dim": 64,
            "depth": 2,
            "dim": 64,
            "heads": 20
        },
        "train": {
            "epochs": 100,
            "lr": 0.001,
            "weight_decay": 0,
            "temp": 20
        },
        "uniq_name": "indian_cross_param_use.json_50_3"
    },