{
    "epoch_loss": {
        "type": "index_value",
        "index": [
            1,
            2,
            3,
            4,
            5,
            6,
            7,
            8,
            9,
            10,
            11,
            12,
            13,
            14,
            15,
            16,
            17,
            18,
            19,
            20,
            21,
            22,
            23,
            24,
            25,
            26,
            27,
            28,
            29,
            30,
            31,
            32,
            33,
            34,
            35,
            36,
            37,
            38,
            39,
            40,
            41,
            42,
            43,
            44,
            45,
            46,
            47,
            48,
            49,
            50,
            51,
            52,
            53,
            54,
            55,
            56,
            57,
            58,
            59,
            60,
            61,
            62,
            63,
            64,
            65,
            66,
            67,
            68,
            69,
            70,
            71,
            72,
            73,
            74,
            75,
            76,
            77,
            78,
            79,
            80,
            81,
            82,
            83,
            84,
            85,
            86,
            87,
            88,
            89,
            90,
            91,
            92,
            93,
            94,
            95,
            96,
            97,
            98,
            99,
            100
        ],
        "value": [
            1.561956362913644,
            0.8779509015217843,
            0.586602405009474,
            0.3907750742188815,
            0.26157938840807793,
            0.19891362553978165,
            0.13535510830370984,
            0.08161303393986531,
            0.06578988104653832,
            0.04967185045235334,
            0.04993769129818011,
            0.02913262994226181,
            0.021136193648136396,
            0.015599975203793562,
            0.014329244285362579,
            0.012603621458870241,
            0.010753880564391987,
            0.009453258935513915,
            0.0077895492270526594,
            0.0069667404345280515,
            0.0064974675245014725,
            0.00616711936015227,
            0.005667752579979544,
            0.0054011351736447345,
            0.0050702845631994484,
            0.004689505319388402,
            0.004341271962842037,
            0.004055280914985601,
            0.004055541704526578,
            0.0036639864001785137,
            0.003187122571796895,
            0.0033473674000640834,
            0.003131974774608418,
            0.002841909745194275,
            0.0028017267478725317,
            0.002689205471118727,
            0.0025553218633532055,
            0.0024379293847675344,
            0.0023741495066644507,
            0.0021993692627599,
            0.002149762408399143,
            0.002091622615550317,
            0.002005950878145584,
            0.0018971243854018478,
            0.0017572999313909682,
            0.001789162683450542,
            0.0016994699888085107,
            0.0015980284501698214,
            0.0016350325610821478,
            0.0015667060723668401,
            0.001565648948135343,
            0.0013869035661331491,
            0.0013054763054516061,
            0.0014463609781275846,
            0.001296228204285502,
            0.0012771215592973255,
            0.001198562222791791,
            0.001214197468471907,
            0.0011842697114944497,
            0.001142023743252886,
            0.001028632920803726,
            0.0010804832153179943,
            0.0011370617015843932,
            0.000931615439314656,
            0.0009736585706450987,
            0.0009719907472059987,
            0.0010253420691302701,
            0.0009021677655608723,
            0.0008850468588674727,
            0.0009753656895469208,
            0.0009009991026782239,
            0.0008128696213604819,
            0.0008202555552640757,
            0.0007551492306441769,
            0.000744830424432198,
            0.0007846664315938187,
            0.000606706398544111,
            0.0006780732348133093,
            0.0006907852378123038,
            0.0006705278004232556,
            0.0006480831028226969,
            0.0006092428223666898,
            0.0006334646722039571,
            0.0006236649497169826,
            0.0006151736380392248,
            0.0005998551834480742,
            0.0005276400061025476,
            0.0005028968900875183,
            0.0005718354810765957,
            0.0004846985123310989,
            0.0005594415493701685,
            0.000566733399682942,
            0.0004992558007591278,
            0.000496518281146119,
            0.0005120612505315866,
            0.0005177320605202295,
            0.0004788577547060888,
            0.00046692259394750586,
            0.0004242988484982175,
            0.00045983423989815023
        ]
    },
    "train_oa": {
        "type": "index_value",
        "index": [
            10,
            20,
            30,
            40,
            50,
            60,
            70,
            80,
            90,
            100
        ],
        "value": [
            95.50150667240636,
            95.96427034007749,
            95.7705553164012,
            95.74903142488161,
            95.7597933706414,
            95.70598364184244,
            95.70598364184244,
            95.69522169608265,
            95.781317262161,
            95.61988807576411
        ]
    },
    "train_aa": {
        "type": "index_value",
        "index": [
            10,
            20,
            30,
            40,
            50,
            60,
            70,
            80,
            90,
            100
        ],
        "value": [
            96.55076499369926,
            97.50562503198373,
            97.46071964585396,
            97.39826395116184,
            97.3502770142186,
            97.33654087811125,
            97.37897777906966,
            97.3411067007574,
            97.33641181488328,
            97.29450980747258
        ]
    },
    "train_kappa": {
        "type": "index_value",
        "index": [
            10,
            20,
            30,
            40,
            50,
            60,
            70,
            80,
            90,
            100
        ],
        "value": [
            94.82515360105627,
            95.35429980251942,
            95.13369889620998,
            95.10865620086247,
            95.12107211975017,
            95.05963346010627,
            95.05999491650256,
            95.04707682319923,
            95.14532553336373,
            94.96119601145824
        ]
    },
    "param": {
        "data": {
            "data_sign": "Indian",
            "data_file": "Indian_70",
            "diffusion_sign": false,
            "diffusion_data_sign_path_prefix": "/home/cn/codes/spectral_diff_temp/codes/save_feature/indian_unet3d_patch16_without_downsample_kernal5_fix/save_feature",
            "diffusion_data_sign": "t5_2_full.pkl.npy",
            "patch_size": 13,
            "test_ratio": 0.95,
            "batch_size": 64,
            "num_classes": 16,
            "pca": 30,
            "dim_heads": 64,
            "spectral_size": 30
        },
        "net": {
            "trainer": "cross_trainer",
            "net_type": "just_pixel",
            "mlp_head_dim": 64,
            "depth": 2,
            "dim": 64,
            "heads": 20
        },
        "train": {
            "epochs": 100,
            "lr": 0.001,
            "weight_decay": 0,
            "temp": 20
        },
        "uniq_name": "indian_cross_param_use.json_70_3"
    },