{
    "epoch_loss": {
        "type": "index_value",
        "index": [
            1,
            2,
            3,
            4,
            5,
            6,
            7,
            8,
            9,
            10,
            11,
            12,
            13,
            14,
            15,
            16,
            17,
            18,
            19,
            20,
            21,
            22,
            23,
            24,
            25,
            26,
            27,
            28,
            29,
            30,
            31,
            32,
            33,
            34,
            35,
            36,
            37,
            38,
            39,
            40,
            41,
            42,
            43,
            44,
            45,
            46,
            47,
            48,
            49,
            50,
            51,
            52,
            53,
            54,
            55,
            56,
            57,
            58,
            59,
            60,
            61,
            62,
            63,
            64,
            65,
            66,
            67,
            68,
            69,
            70,
            71,
            72,
            73,
            74,
            75,
            76,
            77,
            78,
            79,
            80,
            81,
            82,
            83,
            84,
            85,
            86,
            87,
            88,
            89,
            90,
            91,
            92,
            93,
            94,
            95,
            96,
            97,
            98,
            99,
            100
        ],
        "value": [
            2.0476847908518336,
            1.3450553374247507,
            1.0222901895239547,
            0.8098640758712012,
            0.6333746528840279,
            0.4978544846311346,
            0.4031369049806853,
            0.320312181303093,
            0.22942397280319318,
            0.1707195800703925,
            0.12875655186068904,
            0.1015153103046589,
            0.08427688016279324,
            0.06591498606779554,
            0.052338610428410606,
            0.04338255752851297,
            0.03550343660151099,
            0.03327719563500838,
            0.030013733384040026,
            0.026077097063665993,
            0.023742594093352824,
            0.02179721533111087,
            0.01830152888690029,
            0.01811388742413607,
            0.016799613749524496,
            0.016185279507693405,
            0.015224763393603466,
            0.012966464886122995,
            0.012596879850838098,
            0.012643633276089892,
            0.011458802297040148,
            0.010773258627736353,
            0.010039432930785257,
            0.00974889598820392,
            0.0099002005163211,
            0.008801465988293424,
            0.008277336244580444,
            0.008060240027335313,
            0.007488379120692477,
            0.007009785207038796,
            0.007048397165563729,
            0.006626441755944544,
            0.006779909192643187,
            0.006152925375211346,
            0.006460427218494383,
            0.005408741793855354,
            0.005603642144181707,
            0.0056143125921890545,
            0.005442729484088518,
            0.005320402751634787,
            0.0051152559945376605,
            0.004383172768562495,
            0.004865891040042714,
            0.004684893917795774,
            0.004583329717452462,
            0.004452200648416807,
            0.004123413041737434,
            0.004047366788375888,
            0.004255784406989544,
            0.003791030303382122,
            0.0038211934209742525,
            0.0038534544727152533,
            0.0034939055310075615,
            0.002965352642727462,
            0.0033227278146188,
            0.0032888486842952065,
            0.0030058835872222443,
            0.0031623279503840314,
            0.0026786767999297596,
            0.0029434243842187497,
            0.002825664421375673,
            0.002900964477695189,
            0.002800453141717626,
            0.0026802531158266305,
            0.0028694384324423096,
            0.002946614480770386,
            0.0026618547020228326,
            0.0023116797275908357,
            0.002414042736311351,
            0.002208273311414093,
            0.0021667429707474535,
            0.0023071131132006107,
            0.002190377976460097,
            0.002281607443315757,
            0.002020268615016395,
            0.0020239986332452244,
            0.001904475546718852,
            0.001908119194217966,
            0.0018763477276373018,
            0.00216463672181776,
            0.0021536820924731794,
            0.0017085933726415173,
            0.001888191902187762,
            0.0020403567814847104,
            0.0017178099705241956,
            0.0016433856867438367,
            0.0016811825146244184,
            0.0016290142330936752,
            0.0014977921073132002,
            0.0016915765433647746
        ]
    },
    "train_oa": {
        "type": "index_value",
        "index": [
            10,
            20,
            30,
            40,
            50,
            60,
            70,
            80,
            90,
            100
        ],
        "value": [
            93.20754716981132,
            93.35033146353902,
            93.3197348291688,
            93.09535951045385,
            93.21774604793472,
            93.15655277919429,
            93.10555838857726,
            93.02396736359,
            93.09535951045385,
            93.04436511983681
        ]
    },
    "train_aa": {
        "type": "index_value",
        "index": [
            10,
            20,
            30,
            40,
            50,
            60,
            70,
            80,
            90,
            100
        ],
        "value": [
            96.0822313367108,
            96.18972734233155,
            96.17483707731024,
            96.06832320665737,
            96.07685244476738,
            96.10146573843471,
            96.06553658917566,
            96.01606126931291,
            96.05070559266409,
            96.00416256300429
        ]
    },
    "train_kappa": {
        "type": "index_value",
        "index": [
            10,
            20,
            30,
            40,
            50,
            60,
            70,
            80,
            90,
            100
        ],
        "value": [
            92.24451260903132,
            92.40313514849974,
            92.36489489049188,
            92.11513679543991,
            92.24967382202846,
            92.18489775565268,
            92.12515521149443,
            92.03436881795712,
            92.11381166480378,
            92.05630037313118
        ]
    },
    "param": {
        "data": {
            "data_sign": "Indian",
            "data_file": "Indian_30",
            "diffusion_sign": false,
            "diffusion_data_sign_path_prefix": "/home/cn/codes/spectral_diff_temp/codes/save_feature/indian_unet3d_patch16_without_downsample_kernal5_fix/save_feature",
            "diffusion_data_sign": "t5_2_full.pkl.npy",
            "patch_size": 13,
            "test_ratio": 0.95,
            "batch_size": 64,
            "num_classes": 16,
            "pca": 30,
            "dim_heads": 64,
            "spectral_size": 30
        },
        "net": {
            "trainer": "cross_trainer",
            "net_type": "just_pixel",
            "mlp_head_dim": 64,
            "depth": 2,
            "dim": 64,
            "heads": 20
        },
        "train": {
            "epochs": 100,
            "lr": 0.001,
            "weight_decay": 0,
            "temp": 20
        },
        "uniq_name": "indian_cross_param_use.json_30_4"
    },