{
    "epoch_loss": {
        "type": "index_value",
        "index": [
            1,
            2,
            3,
            4,
            5,
            6,
            7,
            8,
            9,
            10,
            11,
            12,
            13,
            14,
            15,
            16,
            17,
            18,
            19,
            20,
            21,
            22,
            23,
            24,
            25,
            26,
            27,
            28,
            29,
            30,
            31,
            32,
            33,
            34,
            35,
            36,
            37,
            38,
            39,
            40,
            41,
            42,
            43,
            44,
            45,
            46,
            47,
            48,
            49,
            50,
            51,
            52,
            53,
            54,
            55,
            56,
            57,
            58,
            59,
            60,
            61,
            62,
            63,
            64,
            65,
            66,
            67,
            68,
            69,
            70,
            71,
            72,
            73,
            74,
            75,
            76,
            77,
            78,
            79,
            80,
            81,
            82,
            83,
            84,
            85,
            86,
            87,
            88,
            89,
            90,
            91,
            92,
            93,
            94,
            95,
            96,
            97,
            98,
            99,
            100
        ],
        "value": [
            2.190064610204389,
            1.4828073901514853,
            1.1651861167723132,
            0.9600373437327724,
            0.7652561087762156,
            0.6341230250173999,
            0.5127687413846292,
            0.42198441355459154,
            0.3424722158139752,
            0.27783652765135614,
            0.2333613798502953,
            0.17582338683066828,
            0.14916650316407604,
            0.11907723627744182,
            0.10398537055138618,
            0.08621610004094339,
            0.06697082192667068,
            0.06054121472181812,
            0.05185237026983692,
            0.04418337333106225,
            0.041819079749045834,
            0.036124301821954787,
            0.03476677923913925,
            0.03269160346638772,
            0.028587580832742876,
            0.02677503719685539,
            0.025407703389083186,
            0.022599409232216497,
            0.021083502243122748,
            0.020466902119017416,
            0.018271681426032898,
            0.019246504804299725,
            0.017451653581473135,
            0.017483232398667642,
            0.017041224085034862,
            0.01476516071106157,
            0.01461601804100698,
            0.015159557327147454,
            0.0127258422093526,
            0.011860380033331532,
            0.011833176425387783,
            0.010873841806765526,
            0.01042822187826518,
            0.010886016848587221,
            0.009526534288400603,
            0.010626352067676283,
            0.009266650742821155,
            0.008659782272673422,
            0.009014201464672243,
            0.008953193436947561,
            0.008589969160816361,
            0.007522578672656128,
            0.00852051978750575,
            0.0075864288475244275,
            0.0071819388938526955,
            0.006810702530727271,
            0.006984142953109357,
            0.006393288929135568,
            0.00650629535497677,
            0.006787213770252082,
            0.00598446937998937,
            0.005793096530701845,
            0.007131332294234345,
            0.005223574011676734,
            0.005311061414859948,
            0.0051191390311766055,
            0.005774496336497607,
            0.005215395482317094,
            0.005714527439446219,
            0.005057713314290008,
            0.0048254898749291895,
            0.00480674188884516,
            0.004330624411663701,
            0.004564367847577218,
            0.004464312510625008,
            0.004109199050693743,
            0.004735172786299259,
            0.004560074222183997,
            0.004390710460082177,
            0.004643089813931334,
            0.00402673972740529,
            0.004582541180594314,
            0.003698688443569887,
            0.003858085616581863,
            0.0036537074994656346,
            0.0034816204269807185,
            0.003203588405684117,
            0.0034249529753240847,
            0.0033979142580421702,
            0.0036240761078173114,
            0.0028268639418867324,
            0.0031307025256777,
            0.00277116114213582,
            0.002866912637687018,
            0.0027286514594790437,
            0.002908354405794413,
            0.0028180084206284053,
            0.0027656679116790333,
            0.0029658067986489305,
            0.0026487701317115175
        ]
    },
    "train_oa": {
        "type": "index_value",
        "index": [
            10,
            20,
            30,
            40,
            50,
            60,
            70,
            80,
            90,
            100
        ],
        "value": [
            84.34450145889929,
            88.08733272965087,
            88.39923533554683,
            88.13763960156957,
            88.42941945869805,
            88.56021732568668,
            88.74132206459402,
            88.62058557198912,
            88.50991045376799,
            88.45960358184928
        ]
    },
    "train_aa": {
        "type": "index_value",
        "index": [
            10,
            20,
            30,
            40,
            50,
            60,
            70,
            80,
            90,
            100
        ],
        "value": [
            91.45276245134491,
            93.165678737078,
            93.50569246505036,
            93.39950768640671,
            93.56951062759646,
            93.71499779864635,
            93.83164541283799,
            93.67499216440362,
            93.74903090055497,
            93.68935986294137
        ]
    },
    "train_kappa": {
        "type": "index_value",
        "index": [
            10,
            20,
            30,
            40,
            50,
            60,
            70,
            80,
            90,
            100
        ],
        "value": [
            82.27376895862552,
            86.47016732380196,
            86.8361788020044,
            86.53192609675975,
            86.87369325212387,
            87.01463451303876,
            87.21931202558477,
            87.08385924922364,
            86.9658382036488,
            86.90737119414318
        ]
    },
    "param": {
        "data": {
            "data_sign": "Indian",
            "data_file": "Indian_20",
            "diffusion_sign": false,
            "diffusion_data_sign_path_prefix": "/home/cn/codes/spectral_diff_temp/codes/save_feature/indian_unet3d_patch16_without_downsample_kernal5_fix/save_feature",
            "diffusion_data_sign": "t5_2_full.pkl.npy",
            "patch_size": 13,
            "test_ratio": 0.95,
            "batch_size": 64,
            "num_classes": 16,
            "pca": 30,
            "dim_heads": 64,
            "spectral_size": 30
        },
        "net": {
            "trainer": "cross_trainer",
            "net_type": "just_pixel",
            "mlp_head_dim": 64,
            "depth": 2,
            "dim": 64,
            "heads": 20
        },
        "train": {
            "epochs": 100,
            "lr": 0.001,
            "weight_decay": 0,
            "temp": 20
        },
        "uniq_name": "indian_cross_param_use.json_20_1"
    },