{
    "epoch_loss": {
        "type": "index_value",
        "index": [
            1,
            2,
            3,
            4,
            5,
            6,
            7,
            8,
            9,
            10,
            11,
            12,
            13,
            14,
            15,
            16,
            17,
            18,
            19,
            20,
            21,
            22,
            23,
            24,
            25,
            26,
            27,
            28,
            29,
            30,
            31,
            32,
            33,
            34,
            35,
            36,
            37,
            38,
            39,
            40,
            41,
            42,
            43,
            44,
            45,
            46,
            47,
            48,
            49,
            50,
            51,
            52,
            53,
            54,
            55,
            56,
            57,
            58,
            59,
            60,
            61,
            62,
            63,
            64,
            65,
            66,
            67,
            68,
            69,
            70,
            71,
            72,
            73,
            74,
            75,
            76,
            77,
            78,
            79,
            80,
            81,
            82,
            83,
            84,
            85,
            86,
            87,
            88,
            89,
            90,
            91,
            92,
            93,
            94,
            95,
            96,
            97,
            98,
            99,
            100
        ],
        "value": [
            1.9101587308419716,
            1.2225237730387095,
            0.925645797102301,
            0.7151647698771846,
            0.5634506892513584,
            0.435798128982922,
            0.3369438747564952,
            0.26225256933285307,
            0.20692216410293235,
            0.1592299563659204,
            0.13624545039088876,
            0.11205264946093431,
            0.08080693804197484,
            0.05831336364284292,
            0.0518170091080236,
            0.04023815060521031,
            0.03562890909410812,
            0.03160263581184654,
            0.02713967092872203,
            0.02521687831628967,
            0.023242809751012304,
            0.02087231596243811,
            0.020353314525506518,
            0.01803265590858352,
            0.015562788071530359,
            0.014298731024872075,
            0.012925522141829805,
            0.012215519063845949,
            0.011779119445195605,
            0.011129389894572465,
            0.010223561184698934,
            0.010195753755266065,
            0.009609550413851803,
            0.008958097593439324,
            0.008893834771001124,
            0.009182691850976364,
            0.008216831480731835,
            0.007671508451437091,
            0.007617856786997469,
            0.006982934443061953,
            0.006720477316595681,
            0.006231380756608806,
            0.006126915104687214,
            0.006498766307895248,
            0.005887749961468282,
            0.005737599325240464,
            0.005094400489585356,
            0.005371835963750207,
            0.005209484590670547,
            0.004944008099636785,
            0.0050812214906621085,
            0.005027565555563112,
            0.004402408023943772,
            0.00427782929057742,
            0.003970519622771052,
            0.004134549549571029,
            0.004566177608327822,
            0.003473967896891875,
            0.00366493372187891,
            0.0036875859389568235,
            0.0037923407581475404,
            0.0032207327328521657,
            0.003171823715354811,
            0.003286265749232592,
            0.003151268943691173,
            0.002878306404192437,
            0.0026833607399886525,
            0.002836292888549668,
            0.0026156328983504224,
            0.0025251105297692455,
            0.0026782334903842427,
            0.0025590743433247815,
            0.002419591149281677,
            0.0025292140628874033,
            0.002308537806006702,
            0.0025518565598103378,
            0.002230490383750818,
            0.0021959874141323672,
            0.002375544157919583,
            0.0020894360275486032,
            0.0021886851928020652,
            0.002027477620186301,
            0.0023061808865718746,
            0.00201406882580806,
            0.0019190869354936589,
            0.001901415768205314,
            0.0018826908723509929,
            0.0017704045135729215,
            0.001839955526127203,
            0.0019429596591958994,
            0.0018278002929831812,
            0.001638771364096183,
            0.002005286430856129,
            0.0016331700765452272,
            0.0019227301173314856,
            0.0016132830568748686,
            0.0016509138544820048,
            0.001540982876568697,
            0.001648148226023123,
            0.0016625871009252093
        ]
    },
    "train_oa": {
        "type": "index_value",
        "index": [
            10,
            20,
            30,
            40,
            50,
            60,
            70,
            80,
            90,
            100
        ],
        "value": [
            92.71800101988781,
            93.35033146353902,
            92.97297297297298,
            93.23814380418153,
            93.25854156042836,
            93.18714941356451,
            93.29933707292199,
            93.48291687914329,
            93.18714941356451,
            93.30953595104539
        ]
    },
    "train_aa": {
        "type": "index_value",
        "index": [
            10,
            20,
            30,
            40,
            50,
            60,
            70,
            80,
            90,
            100
        ],
        "value": [
            95.84027239048314,
            96.235595969282,
            95.99006752241789,
            96.08120614756292,
            96.02530851718664,
            95.97367875545153,
            96.08470512900485,
            96.1265938791294,
            95.98035378675588,
            96.03433972839971
        ]
    },
    "train_kappa": {
        "type": "index_value",
        "index": [
            10,
            20,
            30,
            40,
            50,
            60,
            70,
            80,
            90,
            100
        ],
        "value": [
            91.68855590996272,
            92.40669749411492,
            91.97207900165061,
            92.27529103769349,
            92.29685919000832,
            92.21374436377536,
            92.34444285581337,
            92.55395035924123,
            92.21436013080631,
            92.35603583054132
        ]
    },
    "param": {
        "data": {
            "data_sign": "Indian",
            "data_file": "Indian_30",
            "diffusion_sign": false,
            "diffusion_data_sign_path_prefix": "/home/cn/codes/spectral_diff_temp/codes/save_feature/indian_unet3d_patch16_without_downsample_kernal5_fix/save_feature",
            "diffusion_data_sign": "t5_2_full.pkl.npy",
            "patch_size": 13,
            "test_ratio": 0.95,
            "batch_size": 64,
            "num_classes": 16,
            "pca": 30,
            "dim_heads": 64,
            "spectral_size": 30
        },
        "net": {
            "trainer": "cross_trainer",
            "net_type": "just_pixel",
            "mlp_head_dim": 64,
            "depth": 2,
            "dim": 64,
            "heads": 20
        },
        "train": {
            "epochs": 100,
            "lr": 0.001,
            "weight_decay": 0,
            "temp": 20
        },
        "uniq_name": "indian_cross_param_use.json_30_2"
    },