{
    "epoch_loss": {
        "type": "index_value",
        "index": [
            1,
            2,
            3,
            4,
            5,
            6,
            7,
            8,
            9,
            10,
            11,
            12,
            13,
            14,
            15,
            16,
            17,
            18,
            19,
            20,
            21,
            22,
            23,
            24,
            25,
            26,
            27,
            28,
            29,
            30,
            31,
            32,
            33,
            34,
            35,
            36,
            37,
            38,
            39,
            40,
            41,
            42,
            43,
            44,
            45,
            46,
            47,
            48,
            49,
            50,
            51,
            52,
            53,
            54,
            55,
            56,
            57,
            58,
            59,
            60,
            61,
            62,
            63,
            64,
            65,
            66,
            67,
            68,
            69,
            70,
            71,
            72,
            73,
            74,
            75,
            76,
            77,
            78,
            79,
            80,
            81,
            82,
            83,
            84,
            85,
            86,
            87,
            88,
            89,
            90,
            91,
            92,
            93,
            94,
            95,
            96,
            97,
            98,
            99,
            100
        ],
        "value": [
            2.2177539040965417,
            1.5154021962996451,
            1.223792770601088,
            1.0006512088160362,
            0.8348956831039921,
            0.6731779921439386,
            0.5383519364941505,
            0.4533160803779479,
            0.3729977613495242,
            0.3059024793486441,
            0.24187552852015343,
            0.20387951077953462,
            0.1693836188124072,
            0.14529867974981184,
            0.11283193307538186,
            0.0946941418513175,
            0.08091483253144449,
            0.06733497376403501,
            0.06061402816445597,
            0.051155503190332845,
            0.04544801579848413,
            0.0393653895826109,
            0.04401250858941386,
            0.039384366307527785,
            0.028314136329197114,
            0.032269272965288934,
            0.027748001042392945,
            0.024221325918070732,
            0.021960739274659465,
            0.021754637949409024,
            0.020490382936212324,
            0.019935570356826627,
            0.016215420694601152,
            0.015790975670660696,
            0.015580984625604845,
            0.01489976174648731,
            0.015997649092347393,
            0.012883005868042668,
            0.013363605293054734,
            0.011886767844759649,
            0.01295539257266829,
            0.011386974011698078,
            0.010954183177842247,
            0.011196725851585787,
            0.01070654928203552,
            0.009376308183756567,
            0.008983871803408669,
            0.010111984935018324,
            0.00963194224863283,
            0.008984090556060115,
            0.007817435745270022,
            0.008852527882423132,
            0.007484199025578076,
            0.007931796010703809,
            0.007683423822445254,
            0.007247356902207098,
            0.007066102920761031,
            0.006191500672890294,
            0.008087348968030945,
            0.006124598764243626,
            0.005852877883420837,
            0.005692165435081528,
            0.005810431913743096,
            0.005555946406938376,
            0.00596281124819671,
            0.005576300245499419,
            0.005337209972522913,
            0.005032371546352102,
            0.004833515390994087,
            0.004911116399471799,
            0.0047123890550386524,
            0.004793008482984958,
            0.0044544813944207085,
            0.004697387091695301,
            0.003977346285096099,
            0.0046049019261713954,
            0.004311987712618805,
            0.004606691880091544,
            0.0036748218004621805,
            0.004444047778604492,
            0.0038443150209082713,
            0.003878059039913839,
            0.0036951707300519753,
            0.0040485069696461,
            0.003664367715077054,
            0.0034281750449970845,
            0.003546149560040043,
            0.003198096582726125,
            0.0036486716159889773,
            0.0030858528755244707,
            0.0031832747356665713,
            0.002938855817962077,
            0.0030323976665855416,
            0.0030803472074049133,
            0.002675946139460129,
            0.0028552243185620153,
            0.002633499888883483,
            0.0032435833731846463,
            0.0024873802047823707,
            0.002851772966283944
        ]
    },
    "train_oa": {
        "type": "index_value",
        "index": [
            10,
            20,
            30,
            40,
            50,
            60,
            70,
            80,
            90,
            100
        ],
        "value": [
            86.21591709427507,
            87.64463225676627,
            88.39923533554683,
            88.0973941040346,
            88.30868296609317,
            87.96659623704598,
            88.27849884294194,
            88.46966495623302,
            87.87604386759232,
            88.31874434047691
        ]
    },
    "train_aa": {
        "type": "index_value",
        "index": [
            10,
            20,
            30,
            40,
            50,
            60,
            70,
            80,
            90,
            100
        ],
        "value": [
            91.53897436832274,
            92.80899982449637,
            93.11961002986209,
            93.2461876087371,
            93.25786585329259,
            93.10449713038267,
            93.17840223599744,
            93.17331011935055,
            92.99412532356142,
            93.22089740392707
        ]
    },
    "train_kappa": {
        "type": "index_value",
        "index": [
            10,
            20,
            30,
            40,
            50,
            60,
            70,
            80,
            90,
            100
        ],
        "value": [
            84.3151754892823,
            85.98962333090665,
            86.82751625601846,
            86.50001257245378,
            86.73156205728286,
            86.34919594454912,
            86.69807519297837,
            86.90221826524521,
            86.24907174163027,
            86.73909147165921
        ]
    },
    "param": {
        "data": {
            "data_sign": "Indian",
            "data_file": "Indian_20",
            "diffusion_sign": false,
            "diffusion_data_sign_path_prefix": "/home/cn/codes/spectral_diff_temp/codes/save_feature/indian_unet3d_patch16_without_downsample_kernal5_fix/save_feature",
            "diffusion_data_sign": "t5_2_full.pkl.npy",
            "patch_size": 13,
            "test_ratio": 0.95,
            "batch_size": 64,
            "num_classes": 16,
            "pca": 30,
            "dim_heads": 64,
            "spectral_size": 30
        },
        "net": {
            "trainer": "cross_trainer",
            "net_type": "just_pixel",
            "mlp_head_dim": 64,
            "depth": 2,
            "dim": 64,
            "heads": 20
        },
        "train": {
            "epochs": 100,
            "lr": 0.001,
            "weight_decay": 0,
            "temp": 20
        },
        "uniq_name": "indian_cross_param_use.json_20_3"
    },