{
    "epoch_loss": {
        "type": "index_value",
        "index": [
            1,
            2,
            3,
            4,
            5,
            6,
            7,
            8,
            9,
            10,
            11,
            12,
            13,
            14,
            15,
            16,
            17,
            18,
            19,
            20,
            21,
            22,
            23,
            24,
            25,
            26,
            27,
            28,
            29,
            30,
            31,
            32,
            33,
            34,
            35,
            36,
            37,
            38,
            39,
            40,
            41,
            42,
            43,
            44,
            45,
            46,
            47,
            48,
            49,
            50,
            51,
            52,
            53,
            54,
            55,
            56,
            57,
            58,
            59,
            60,
            61,
            62,
            63,
            64,
            65,
            66,
            67,
            68,
            69,
            70,
            71,
            72,
            73,
            74,
            75,
            76,
            77,
            78,
            79,
            80,
            81,
            82,
            83,
            84,
            85,
            86,
            87,
            88,
            89,
            90,
            91,
            92,
            93,
            94,
            95,
            96,
            97,
            98,
            99,
            100
        ],
        "value": [
            1.598702409668811,
            0.8384216680588148,
            0.5228278118476148,
            0.3375822336112236,
            0.22681215597383453,
            0.18207938344712202,
            0.12375391295938834,
            0.08751430577001335,
            0.06033306461934552,
            0.049943452207465835,
            0.03018878441794048,
            0.0307754321964569,
            0.024754607273743803,
            0.01799135198671004,
            0.0148114955503401,
            0.011900953400156974,
            0.0098611436443268,
            0.007933206974486748,
            0.006795192665995374,
            0.0058788657214119,
            0.005662525872500286,
            0.005055126303116334,
            0.004383577419429497,
            0.004773818644872338,
            0.004011179433609492,
            0.004012045671130088,
            0.0038103542509964274,
            0.0033569068270080005,
            0.002995883444497206,
            0.003098899355713405,
            0.00284671397788044,
            0.0029230393255566416,
            0.0025807714210557575,
            0.0024096190508732635,
            0.0023229371425597185,
            0.002290843987474158,
            0.0023544032847219194,
            0.0022113129422462715,
            0.0018790675872952267,
            0.0017691499125443762,
            0.0017766611230334312,
            0.0017914419563010802,
            0.0016146020902956476,
            0.001731932087091981,
            0.0014924471618491118,
            0.0015027960538547126,
            0.0013805637220708994,
            0.0014166766533987099,
            0.0012276487850362183,
            0.0013297685418683237,
            0.0014404777514344731,
            0.001074458864729992,
            0.001055218184044672,
            0.0010812287828255284,
            0.0009925576301099666,
            0.001136170797865656,
            0.0009889544155204492,
            0.0009299467844467031,
            0.000920881299073221,
            0.0008853199478776881,
            0.0009241574375334143,
            0.0009340167693749221,
            0.0008869448399536223,
            0.0008448557343450482,
            0.000916726766741066,
            0.000767107564817151,
            0.0007639351438408805,
            0.0007645170206054977,
            0.0007398714488774895,
            0.0007188735234618818,
            0.0006456372966191354,
            0.0006394818800127968,
            0.0006881443238084606,
            0.0006324129443972953,
            0.0006033932775327132,
            0.0006118419781451909,
            0.0005831061632684308,
            0.0005967640729499818,
            0.0006295373649811912,
            0.0005825922111759996,
            0.0005418932756255685,
            0.0004958382594226084,
            0.00047163867286475857,
            0.0005301018578592403,
            0.0005174701412340323,
            0.00047451465970771466,
            0.0005232057565323693,
            0.0004202178403629777,
            0.0004336641250622031,
            0.0004203538256144732,
            0.0004093575550458739,
            0.0004439160449789338,
            0.0004675726716270843,
            0.00038866316458949755,
            0.00039680241531090126,
            0.00043965939065251285,
            0.0003645505699966953,
            0.0004051668142285986,
            0.000358918378868148,
            0.0003453393481710794
        ]
    },
    "train_oa": {
        "type": "index_value",
        "index": [
            10,
            20,
            30,
            40,
            50,
            60,
            70,
            80,
            90,
            100
        ],
        "value": [
            96.39816633922725,
            96.52914210870989,
            96.58371534599432,
            96.57280069853743,
            96.62737393582186,
            96.49639816633922,
            96.68194717310631,
            96.60554464090811,
            96.56188605108055,
            96.55097140362366
        ]
    },
    "train_aa": {
        "type": "index_value",
        "index": [
            10,
            20,
            30,
            40,
            50,
            60,
            70,
            80,
            90,
            100
        ],
        "value": [
            98.27618445728966,
            98.4107275367422,
            98.48991585826758,
            98.4513110926006,
            98.52237299829696,
            98.44716266535703,
            98.53306356363602,
            98.485192255793,
            98.48476991103206,
            98.46792079338645
        ]
    },
    "train_kappa": {
        "type": "index_value",
        "index": [
            10,
            20,
            30,
            40,
            50,
            60,
            70,
            80,
            90,
            100
        ],
        "value": [
            95.84805677972479,
            96.002503885549,
            96.06580098372467,
            96.05286056296667,
            96.11596660216779,
            95.9656540629862,
            96.17780439917635,
            96.09037382870324,
            96.0406513052668,
            96.02806189161524
        ]
    },
    "param": {
        "data": {
            "data_sign": "Indian",
            "data_file": "Indian_80",
            "diffusion_sign": false,
            "diffusion_data_sign_path_prefix": "/home/cn/codes/spectral_diff_temp/codes/save_feature/indian_unet3d_patch16_without_downsample_kernal5_fix/save_feature",
            "diffusion_data_sign": "t5_2_full.pkl.npy",
            "patch_size": 13,
            "test_ratio": 0.95,
            "batch_size": 64,
            "num_classes": 16,
            "pca": 30,
            "dim_heads": 64,
            "spectral_size": 30
        },
        "net": {
            "trainer": "cross_trainer",
            "net_type": "just_pixel",
            "mlp_head_dim": 64,
            "depth": 2,
            "dim": 64,
            "heads": 20
        },
        "train": {
            "epochs": 100,
            "lr": 0.001,
            "weight_decay": 0,
            "temp": 20
        },
        "uniq_name": "indian_cross_param_use.json_80_4"
    },