{
    "epoch_loss": {
        "type": "index_value",
        "index": [
            1,
            2,
            3,
            4,
            5,
            6,
            7,
            8,
            9,
            10,
            11,
            12,
            13,
            14,
            15,
            16,
            17,
            18,
            19,
            20,
            21,
            22,
            23,
            24,
            25,
            26,
            27,
            28,
            29,
            30,
            31,
            32,
            33,
            34,
            35,
            36,
            37,
            38,
            39,
            40,
            41,
            42,
            43,
            44,
            45,
            46,
            47,
            48,
            49,
            50,
            51,
            52,
            53,
            54,
            55,
            56,
            57,
            58,
            59,
            60,
            61,
            62,
            63,
            64,
            65,
            66,
            67,
            68,
            69,
            70,
            71,
            72,
            73,
            74,
            75,
            76,
            77,
            78,
            79,
            80,
            81,
            82,
            83,
            84,
            85,
            86,
            87,
            88,
            89,
            90,
            91,
            92,
            93,
            94,
            95,
            96,
            97,
            98,
            99,
            100
        ],
        "value": [
            1.7435941340124737,
            1.0380358416339361,
            0.6764484846462218,
            0.4651753745675808,
            0.3089869877519458,
            0.22031772318673393,
            0.17177150246237902,
            0.12381255382530058,
            0.08612150321416151,
            0.05884884893353646,
            0.04771642081727789,
            0.032444765433182594,
            0.0504583212870208,
            0.038418556589457545,
            0.025376320414542432,
            0.01654071527833914,
            0.015490112941095013,
            0.013024953503652669,
            0.010959096933110306,
            0.010145461569656195,
            0.008653729514949736,
            0.007660351944760732,
            0.00697230000359692,
            0.006578719359400267,
            0.006387240036042742,
            0.00569223173012216,
            0.005702876436896848,
            0.005743431951625424,
            0.004777043182267712,
            0.004941680774930526,
            0.004419747053362889,
            0.0048897044475279304,
            0.004247590411846338,
            0.004321303600648096,
            0.003737294988452199,
            0.0032188793736653,
            0.0033303541638083226,
            0.003356964632298937,
            0.0030147688502182297,
            0.002901723748861284,
            0.0026488207202368702,
            0.0025335138487970815,
            0.002395287847840098,
            0.002437880852269831,
            0.0024165140857363735,
            0.0023875169361971924,
            0.0023989735211740093,
            0.0022207340678851036,
            0.0022050985518027606,
            0.0020442619208052774,
            0.0019306432293331591,
            0.0019903478548809112,
            0.001832752558093027,
            0.0018616393905306436,
            0.001959614316339378,
            0.0016688999599983247,
            0.0015761830130008646,
            0.001650209782449157,
            0.0013992577307534368,
            0.0014298792394664152,
            0.0014997286697570346,
            0.0014593191309736314,
            0.0014317979261351179,
            0.0012156040531030193,
            0.0012577950609273568,
            0.0012171781137489917,
            0.0013243427050796573,
            0.001023064150549291,
            0.0011292581080189908,
            0.0010798854719309143,
            0.0009494626960332,
            0.0010182403214951524,
            0.0010416745296183932,
            0.0009573104535426579,
            0.0010179293974969387,
            0.0010994367691110527,
            0.0010833546578120597,
            0.000919138889381394,
            0.0009860278070203852,
            0.0009634229909187181,
            0.0008526648596906641,
            0.0008823071200200137,
            0.0008103742684826633,
            0.0008533463848275026,
            0.0008875307928407036,
            0.0008350245832232477,
            0.0006927666257860808,
            0.0007903207492695935,
            0.0008268536756433402,
            0.0006890299592331557,
            0.0007265333953806781,
            0.000686596037846446,
            0.0006824691054673625,
            0.0006683521955150169,
            0.0006386443954710021,
            0.0006185332067539418,
            0.000626144674944465,
            0.0006161381886368831,
            0.0006088660908170368,
            0.000614494768424892
        ]
    },
    "train_oa": {
        "type": "index_value",
        "index": [
            10,
            20,
            30,
            40,
            50,
            60,
            70,
            80,
            90,
            100
        ],
        "value": [
            94.99044788792187,
            95.76523031203567,
            95.7121630227128,
            95.75461685417109,
            95.64848227552537,
            95.75461685417109,
            95.70154956484824,
            95.68032264911909,
            95.75461685417109,
            95.59541498620251
        ]
    },
    "train_aa": {
        "type": "index_value",
        "index": [
            10,
            20,
            30,
            40,
            50,
            60,
            70,
            80,
            90,
            100
        ],
        "value": [
            97.54757369855609,
            98.21308081450184,
            98.16384105567064,
            98.24163455756076,
            98.19737171616796,
            98.25142038163432,
            98.20705422053848,
            98.19541937520584,
            98.25340942419413,
            98.17371965997921
        ]
    },
    "train_kappa": {
        "type": "index_value",
        "index": [
            10,
            20,
            30,
            40,
            50,
            60,
            70,
            80,
            90,
            100
        ],
        "value": [
            94.26299558984906,
            95.14265319282754,
            95.08325039803968,
            95.13209211670942,
            95.01022755969964,
            95.13198321386706,
            95.0716971326313,
            95.04712322014835,
            95.13261751074428,
            94.95012138548874
        ]
    },
    "param": {
        "data": {
            "data_sign": "Indian",
            "data_file": "Indian_60",
            "diffusion_sign": false,
            "diffusion_data_sign_path_prefix": "/home/cn/codes/spectral_diff_temp/codes/save_feature/indian_unet3d_patch16_without_downsample_kernal5_fix/save_feature",
            "diffusion_data_sign": "t5_2_full.pkl.npy",
            "patch_size": 13,
            "test_ratio": 0.95,
            "batch_size": 64,
            "num_classes": 16,
            "pca": 30,
            "dim_heads": 64,
            "spectral_size": 30
        },
        "net": {
            "trainer": "cross_trainer",
            "net_type": "just_pixel",
            "mlp_head_dim": 64,
            "depth": 2,
            "dim": 64,
            "heads": 20
        },
        "train": {
            "epochs": 100,
            "lr": 0.001,
            "weight_decay": 0,
            "temp": 20
        },
        "uniq_name": "indian_cross_param_use.json_60_4"
    },