{
    "epoch_loss": {
        "type": "index_value",
        "index": [
            1,
            2,
            3,
            4,
            5,
            6,
            7,
            8,
            9,
            10,
            11,
            12,
            13,
            14,
            15,
            16,
            17,
            18,
            19,
            20,
            21,
            22,
            23,
            24,
            25,
            26,
            27,
            28,
            29,
            30,
            31,
            32,
            33,
            34,
            35,
            36,
            37,
            38,
            39,
            40,
            41,
            42,
            43,
            44,
            45,
            46,
            47,
            48,
            49,
            50,
            51,
            52,
            53,
            54,
            55,
            56,
            57,
            58,
            59,
            60,
            61,
            62,
            63,
            64,
            65,
            66,
            67,
            68,
            69,
            70,
            71,
            72,
            73,
            74,
            75,
            76,
            77,
            78,
            79,
            80,
            81,
            82,
            83,
            84,
            85,
            86,
            87,
            88,
            89,
            90,
            91,
            92,
            93,
            94,
            95,
            96,
            97,
            98,
            99,
            100
        ],
        "value": [
            1.673816907243918,
            0.9249582169197944,
            0.5710709758935927,
            0.39192288522311763,
            0.275229636747137,
            0.18438680578984687,
            0.12613298036274864,
            0.0925184306742131,
            0.06051791633324563,
            0.03922673617270673,
            0.030245320690462957,
            0.02329386948036612,
            0.01797248322084593,
            0.015404884758927978,
            0.01258032923017394,
            0.011218274588323935,
            0.009571768448550873,
            0.008843735677882048,
            0.008018115175305988,
            0.007974585582470071,
            0.006934595317652794,
            0.005745541602626147,
            0.006004310365330307,
            0.00520155996146496,
            0.004979812531355407,
            0.00495580644147274,
            0.004407510116634075,
            0.004158236280272451,
            0.004222286865358458,
            0.0038587873136914697,
            0.0036152411544697442,
            0.003332438732496421,
            0.0032226263067141065,
            0.0029545758946729647,
            0.0026927332869704614,
            0.00267633745376733,
            0.0027611592461918495,
            0.0026650031886959803,
            0.002637208394157382,
            0.0023872680045360683,
            0.002137661267796,
            0.002090403753456386,
            0.0020091105422808896,
            0.002073986136112187,
            0.0017468014429347705,
            0.001712300532955828,
            0.0015958340739045008,
            0.001673722286662914,
            0.0017045355739379487,
            0.0015679355593964598,
            0.0015242424640997216,
            0.0013989727595497931,
            0.0013740778911144492,
            0.0014360022046014495,
            0.0013986018768783227,
            0.0013092116190241252,
            0.0012646506293778976,
            0.001147714924675976,
            0.0011506615690264146,
            0.0012666464195943894,
            0.00103300715292548,
            0.0011093543930993247,
            0.00104483472968694,
            0.001018774377954822,
            0.000981369395808452,
            0.000999152145989321,
            0.0009524966440481779,
            0.0008884543175161928,
            0.0008510262538730522,
            0.0008574413450589538,
            0.0008875013464359156,
            0.0008271979715464912,
            0.0007968163429788638,
            0.0007670283532392938,
            0.0008104867564636899,
            0.0007621208146212538,
            0.0007327663751251902,
            0.000699922439760004,
            0.0006382577559183758,
            0.0007508548827892483,
            0.0006144280301999639,
            0.0006789700143343828,
            0.0005730209603167042,
            0.0006213832979067156,
            0.0006614224111214631,
            0.0005690136340728016,
            0.0005892042002262101,
            0.0005478505496178484,
            0.0005667834350977447,
            0.0005370965948846101,
            0.0005421108084080241,
            0.0005268217499325073,
            0.0005121957835504861,
            0.0004941685393583049,
            0.0005233753428774007,
            0.0004887743947916551,
            0.00042656653573105936,
            0.000457804320559398,
            0.0004229648605007542,
            0.0004221767768221971
        ]
    },
    "train_oa": {
        "type": "index_value",
        "index": [
            10,
            20,
            30,
            40,
            50,
            60,
            70,
            80,
            90,
            100
        ],
        "value": [
            95.71674558760223,
            96.14722341799397,
            96.17950925527336,
            96.093413689195,
            96.4162720619888,
            96.37322427894964,
            96.34093844167026,
            96.53465346534654,
            96.47008179078777,
            96.4270340077486
        ]
    },
    "train_aa": {
        "type": "index_value",
        "index": [
            10,
            20,
            30,
            40,
            50,
            60,
            70,
            80,
            90,
            100
        ],
        "value": [
            97.10827770763703,
            97.59048554098678,
            97.62120746553005,
            97.63488284295136,
            97.69237214929497,
            97.70654334065232,
            97.69115791747164,
            97.79244140646426,
            97.74377652190952,
            97.73463484948643
        ]
    },
    "train_kappa": {
        "type": "index_value",
        "index": [
            10,
            20,
            30,
            40,
            50,
            60,
            70,
            80,
            90,
            100
        ],
        "value": [
            95.06764046580841,
            95.56466183729145,
            95.60236058792754,
            95.50414897697809,
            95.87308509214883,
            95.82393384022893,
            95.78699550241953,
            96.00937549161345,
            95.9350603234436,
            95.88601612025501
        ]
    },
    "param": {
        "data": {
            "data_sign": "Indian",
            "data_file": "Indian_70",
            "diffusion_sign": false,
            "diffusion_data_sign_path_prefix": "/home/cn/codes/spectral_diff_temp/codes/save_feature/indian_unet3d_patch16_without_downsample_kernal5_fix/save_feature",
            "diffusion_data_sign": "t5_2_full.pkl.npy",
            "patch_size": 13,
            "test_ratio": 0.95,
            "batch_size": 64,
            "num_classes": 16,
            "pca": 30,
            "dim_heads": 64,
            "spectral_size": 30
        },
        "net": {
            "trainer": "cross_trainer",
            "net_type": "just_pixel",
            "mlp_head_dim": 64,
            "depth": 2,
            "dim": 64,
            "heads": 20
        },
        "train": {
            "epochs": 100,
            "lr": 0.001,
            "weight_decay": 0,
            "temp": 20
        },
        "uniq_name": "indian_cross_param_use.json_70_4"
    },