{
    "epoch_loss": {
        "type": "index_value",
        "index": [
            1,
            2,
            3,
            4,
            5,
            6,
            7,
            8,
            9,
            10,
            11,
            12,
            13,
            14,
            15,
            16,
            17,
            18,
            19,
            20,
            21,
            22,
            23,
            24,
            25,
            26,
            27,
            28,
            29,
            30,
            31,
            32,
            33,
            34,
            35,
            36,
            37,
            38,
            39,
            40,
            41,
            42,
            43,
            44,
            45,
            46,
            47,
            48,
            49,
            50,
            51,
            52,
            53,
            54,
            55,
            56,
            57,
            58,
            59,
            60,
            61,
            62,
            63,
            64,
            65,
            66,
            67,
            68,
            69,
            70,
            71,
            72,
            73,
            74,
            75,
            76,
            77,
            78,
            79,
            80,
            81,
            82,
            83,
            84,
            85,
            86,
            87,
            88,
            89,
            90,
            91,
            92,
            93,
            94,
            95,
            96,
            97,
            98,
            99,
            100
        ],
        "value": [
            1.7457782433716245,
            1.01890692276995,
            0.7109147947385205,
            0.48903267018884383,
            0.33783787478126376,
            0.2601533676289301,
            0.20194913180231905,
            0.183368529831628,
            0.12199116611747385,
            0.07984777485012576,
            0.054989027762571585,
            0.048207522767450675,
            0.030144075008318675,
            0.0247051943917877,
            0.018486757719936582,
            0.016368777246778647,
            0.01303770797869963,
            0.011633649600180995,
            0.011057955899840039,
            0.009414506084009771,
            0.009209595652164254,
            0.008751100894320473,
            0.0076584232939540114,
            0.006781258758274611,
            0.00704244209032285,
            0.006622401782353167,
            0.00521663455697995,
            0.005083550028998445,
            0.005011875045563499,
            0.004747156695684614,
            0.004122797630619181,
            0.004267460231904612,
            0.004452483493726624,
            0.0039869729190740505,
            0.0038750493392785234,
            0.003385180709917355,
            0.0032674229879522338,
            0.0033878004496540994,
            0.003256622132335079,
            0.003045624335428211,
            0.00270981187065061,
            0.0028458720046639478,
            0.002517520173586806,
            0.0025537218189062923,
            0.002590812224119974,
            0.002258306144519361,
            0.0022898088676681543,
            0.002142355464677019,
            0.0019166023737076385,
            0.0020292583960553287,
            0.0019379258519004773,
            0.0018516300224159655,
            0.0017211300878647035,
            0.0017676860786087027,
            0.0016915593610202584,
            0.0017438949580713115,
            0.0018002275763779987,
            0.0016315392060306693,
            0.0015913696368106674,
            0.0014218581992988682,
            0.0012859809323593505,
            0.0014172991618914969,
            0.001309516018441233,
            0.0012937862996998475,
            0.001382177809795011,
            0.0013300980909467374,
            0.0010706454521369419,
            0.0011063557487834771,
            0.0011822516654652995,
            0.0011963189721440823,
            0.0011215181259704166,
            0.0011169189928457628,
            0.0010285839112419207,
            0.001050270042306729,
            0.0010119102615271857,
            0.0009197479536522634,
            0.000984384946186127,
            0.0008443919479359333,
            0.0009050040415453273,
            0.0008926181074236368,
            0.0009067847846445269,
            0.0007914160340973723,
            0.0008498779422729676,
            0.0007997588637400927,
            0.0007554571042366623,
            0.0008581758058993675,
            0.0008106721233477435,
            0.000715503226565884,
            0.0007867499870082595,
            0.0007264365331875667,
            0.0008101174403759037,
            0.0006656272923421822,
            0.0006843252074279729,
            0.0007091030783099916,
            0.0006911912842900318,
            0.0005983306327130884,
            0.0006248616962412095,
            0.000627586361797281,
            0.0005714948148468899,
            0.0005643004859812297
        ]
    },
    "train_oa": {
        "type": "index_value",
        "index": [
            10,
            20,
            30,
            40,
            50,
            60,
            70,
            80,
            90,
            100
        ],
        "value": [
            95.6378688176608,
            96.45510507323286,
            96.18976862661856,
            96.23222245807685,
            96.24283591594141,
            96.16854171088941,
            96.17915516875398,
            96.30651666312885,
            96.17915516875398,
            96.37019741031628
        ]
    },
    "train_aa": {
        "type": "index_value",
        "index": [
            10,
            20,
            30,
            40,
            50,
            60,
            70,
            80,
            90,
            100
        ],
        "value": [
            96.79727025643852,
            98.39519773195686,
            98.29969236744425,
            98.27444139040404,
            98.31188774372617,
            98.29562837775438,
            98.28574692410822,
            98.34003642075436,
            98.28532457425577,
            98.3197603006791
        ]
    },
    "train_kappa": {
        "type": "index_value",
        "index": [
            10,
            20,
            30,
            40,
            50,
            60,
            70,
            80,
            90,
            100
        ],
        "value": [
            94.99772023094202,
            95.93226655616519,
            95.62978645257031,
            95.67763659954662,
            95.68993112910564,
            95.60549322971626,
            95.61768896968907,
            95.76291815253722,
            95.61757182222405,
            95.83502278861366
        ]
    },
    "param": {
        "data": {
            "data_sign": "Indian",
            "data_file": "Indian_60",
            "diffusion_sign": false,
            "diffusion_data_sign_path_prefix": "/home/cn/codes/spectral_diff_temp/codes/save_feature/indian_unet3d_patch16_without_downsample_kernal5_fix/save_feature",
            "diffusion_data_sign": "t5_2_full.pkl.npy",
            "patch_size": 13,
            "test_ratio": 0.95,
            "batch_size": 64,
            "num_classes": 16,
            "pca": 30,
            "dim_heads": 64,
            "spectral_size": 30
        },
        "net": {
            "trainer": "cross_trainer",
            "net_type": "just_pixel",
            "mlp_head_dim": 64,
            "depth": 2,
            "dim": 64,
            "heads": 20
        },
        "train": {
            "epochs": 100,
            "lr": 0.001,
            "weight_decay": 0,
            "temp": 20
        },
        "uniq_name": "indian_cross_param_use.json_60_0"
    },