{
    "epoch_loss": {
        "type": "index_value",
        "index": [
            1,
            2,
            3,
            4,
            5,
            6,
            7,
            8,
            9,
            10,
            11,
            12,
            13,
            14,
            15,
            16,
            17,
            18,
            19,
            20,
            21,
            22,
            23,
            24,
            25,
            26,
            27,
            28,
            29,
            30,
            31,
            32,
            33,
            34,
            35,
            36,
            37,
            38,
            39,
            40,
            41,
            42,
            43,
            44,
            45,
            46,
            47,
            48,
            49,
            50,
            51,
            52,
            53,
            54,
            55,
            56,
            57,
            58,
            59,
            60,
            61,
            62,
            63,
            64,
            65,
            66,
            67,
            68,
            69,
            70,
            71,
            72,
            73,
            74,
            75,
            76,
            77,
            78,
            79,
            80,
            81,
            82,
            83,
            84,
            85,
            86,
            87,
            88,
            89,
            90,
            91,
            92,
            93,
            94,
            95,
            96,
            97,
            98,
            99,
            100
        ],
        "value": [
            1.9483795123057321,
            1.2768141503806587,
            0.9892650713791719,
            0.766236116757264,
            0.5894445148674218,
            0.4564620967920836,
            0.35742546174977274,
            0.27632580402198137,
            0.20558411178288158,
            0.16442021633590664,
            0.1364476040408418,
            0.10825807419983116,
            0.08792512199363194,
            0.0705089635542921,
            0.05760863262253839,
            0.04656573750817024,
            0.041928162747943726,
            0.03376980115835731,
            0.02826034754246205,
            0.023762543224268132,
            0.021547027704146533,
            0.021041964390524873,
            0.01941603678907897,
            0.01746814155967923,
            0.015550410358218459,
            0.015437201504503284,
            0.014844697346357075,
            0.013359387480729335,
            0.012612870567151019,
            0.011539758199842664,
            0.012175532745885419,
            0.011500504723674542,
            0.009819119421949794,
            0.009635901405803254,
            0.008992454016094541,
            0.00821557750103173,
            0.009176621507215607,
            0.007297375038064815,
            0.007267990157947884,
            0.007015754905034293,
            0.006949140556022391,
            0.0061413619944171325,
            0.006246445817990346,
            0.005885752786353633,
            0.005923629985904103,
            0.005706382093128857,
            0.005424076355658136,
            0.006049258730936426,
            0.005336594113425628,
            0.0049213420071110535,
            0.004870718328265456,
            0.004595773311348649,
            0.004935528193642427,
            0.004992820544856357,
            0.004634004115622054,
            0.004924932326953691,
            0.004151659346445724,
            0.004081190702178188,
            0.003773941593412478,
            0.003689188273153729,
            0.003524359258999293,
            0.003571240271248662,
            0.003289347115971215,
            0.0036219478068822944,
            0.003278715802390162,
            0.003617022509544014,
            0.003383492828590107,
            0.0030409325950418236,
            0.0035883313850373836,
            0.0029286198959862057,
            0.002731119064396029,
            0.0027167357290415347,
            0.0026364061259874353,
            0.0028821909821147586,
            0.0028194626709362406,
            0.0031337724801421434,
            0.002756111567151976,
            0.0023605536988323874,
            0.0021207822415440737,
            0.002339065834242213,
            0.0022933050771957045,
            0.002192983781365124,
            0.002189142453308041,
            0.002226327020498748,
            0.002462282835564635,
            0.002332897319852769,
            0.0020099078632287077,
            0.0021381562959553826,
            0.002056406540292743,
            0.0021041220532277147,
            0.0021453800292366796,
            0.0019548510983670216,
            0.0017746086536512317,
            0.0017603815812198026,
            0.0017693712363472662,
            0.0018342682926051385,
            0.001746985905065394,
            0.001731092859109914,
            0.0017579445869217183,
            0.0014444159633303817
        ]
    },
    "train_oa": {
        "type": "index_value",
        "index": [
            10,
            20,
            30,
            40,
            50,
            60,
            70,
            80,
            90,
            100
        ],
        "value": [
            91.46353901070883,
            93.16675165731769,
            93.44212136664967,
            93.29933707292199,
            93.48291687914329,
            93.20754716981132,
            93.13615502294748,
            93.30953595104539,
            93.43192248852627,
            93.28913819479857
        ]
    },
    "train_aa": {
        "type": "index_value",
        "index": [
            10,
            20,
            30,
            40,
            50,
            60,
            70,
            80,
            90,
            100
        ],
        "value": [
            95.17601928280463,
            96.02376431929575,
            96.13059618925647,
            96.08073550043764,
            96.1460475332741,
            96.07252166424334,
            95.93133978268388,
            96.0375978777263,
            96.06896756993955,
            96.06163704437807
        ]
    },
    "train_kappa": {
        "type": "index_value",
        "index": [
            10,
            20,
            30,
            40,
            50,
            60,
            70,
            80,
            90,
            100
        ],
        "value": [
            90.21620488554753,
            92.19744614128446,
            92.51011798727964,
            92.34599564144078,
            92.55620506871823,
            92.2462516746071,
            92.16200765226249,
            92.35905104348203,
            92.49653760345822,
            92.33688974400786
        ]
    },
    "param": {
        "data": {
            "data_sign": "Indian",
            "data_file": "Indian_30",
            "diffusion_sign": false,
            "diffusion_data_sign_path_prefix": "/home/cn/codes/spectral_diff_temp/codes/save_feature/indian_unet3d_patch16_without_downsample_kernal5_fix/save_feature",
            "diffusion_data_sign": "t5_2_full.pkl.npy",
            "patch_size": 13,
            "test_ratio": 0.95,
            "batch_size": 64,
            "num_classes": 16,
            "pca": 30,
            "dim_heads": 64,
            "spectral_size": 30
        },
        "net": {
            "trainer": "cross_trainer",
            "net_type": "just_pixel",
            "mlp_head_dim": 64,
            "depth": 2,
            "dim": 64,
            "heads": 20
        },
        "train": {
            "epochs": 100,
            "lr": 0.001,
            "weight_decay": 0,
            "temp": 20
        },
        "uniq_name": "indian_cross_param_use.json_30_1"
    },