{
    "epoch_loss": {
        "type": "index_value",
        "index": [
            1,
            2,
            3,
            4,
            5,
            6,
            7,
            8,
            9,
            10,
            11,
            12,
            13,
            14,
            15,
            16,
            17,
            18,
            19,
            20,
            21,
            22,
            23,
            24,
            25,
            26,
            27,
            28,
            29,
            30,
            31,
            32,
            33,
            34,
            35,
            36,
            37,
            38,
            39,
            40,
            41,
            42,
            43,
            44,
            45,
            46,
            47,
            48,
            49,
            50,
            51,
            52,
            53,
            54,
            55,
            56,
            57,
            58,
            59,
            60,
            61,
            62,
            63,
            64,
            65,
            66,
            67,
            68,
            69,
            70,
            71,
            72,
            73,
            74,
            75,
            76,
            77,
            78,
            79,
            80,
            81,
            82,
            83,
            84,
            85,
            86,
            87,
            88,
            89,
            90,
            91,
            92,
            93,
            94,
            95,
            96,
            97,
            98,
            99,
            100
        ],
        "value": [
            1.6560413153567657,
            0.892407409076033,
            0.561976404959879,
            0.37679107541699147,
            0.2584278039019185,
            0.17935913116082378,
            0.14136945762230685,
            0.08872467414510038,
            0.06033923334073248,
            0.039914667551856305,
            0.03451944286414386,
            0.02421943716852767,
            0.020651898145395385,
            0.01763383490242679,
            0.013841055210995077,
            0.012893428815803184,
            0.010692588639491341,
            0.01182408648267653,
            0.010308366243570824,
            0.00882194505648273,
            0.007618063631639772,
            0.006338390377189578,
            0.0057704796072566645,
            0.0054607107683572464,
            0.005012433362838617,
            0.004473568023500678,
            0.004501925892797041,
            0.0039005494222060515,
            0.0039486391888298835,
            0.0036643547329043456,
            0.0037103263381965917,
            0.0031923597944703815,
            0.0030431923803911315,
            0.00297274224702444,
            0.0028009953903269835,
            0.0026848063365796674,
            0.0026803899127230938,
            0.0024352391006409453,
            0.002431424135997183,
            0.002337098220419703,
            0.0019927452699852527,
            0.0019451063847687007,
            0.0018435212474047764,
            0.0019937943647223423,
            0.0020799135973933957,
            0.0015916283643350022,
            0.0017157575274188005,
            0.0016889302570921687,
            0.001578799257193115,
            0.0016994744721973312,
            0.0014903570093261224,
            0.0015091893015976299,
            0.0015178107227857614,
            0.0012757322234476264,
            0.0012637721939068852,
            0.0012287395137003084,
            0.001119352005789,
            0.0013437901625736708,
            0.0011253302313276453,
            0.0010464488361527132,
            0.0010355153571631342,
            0.0010460516150316754,
            0.0010557744368354138,
            0.0010519446445655277,
            0.0009413967440036186,
            0.0008891423522614433,
            0.0009120409803897095,
            0.0009153164070330233,
            0.0008712685140858958,
            0.0009247608413012813,
            0.00083969853646409,
            0.000806848426464295,
            0.0007864175778701745,
            0.0007487842086906951,
            0.0007330532137196522,
            0.0007315647064916432,
            0.0007810627063225406,
            0.0006814509150431012,
            0.0007443862287860458,
            0.0006433569527179579,
            0.0006307706533899082,
            0.0005761640425065927,
            0.0006361429762876667,
            0.0006852746454443172,
            0.0006252620225653535,
            0.0006227061063534888,
            0.0005900169085431941,
            0.0006215611708476019,
            0.0005833749873943183,
            0.0005143980264869035,
            0.0005207210208669834,
            0.0005028357348198513,
            0.0005357633830805269,
            0.0005365275816073254,
            0.0004891028121462172,
            0.00047424677776439407,
            0.0004823869251480176,
            0.0004439869529240188,
            0.0004619492356939866,
            0.00043031320819103764
        ]
    },
    "train_oa": {
        "type": "index_value",
        "index": [
            10,
            20,
            30,
            40,
            50,
            60,
            70,
            80,
            90,
            100
        ],
        "value": [
            95.63065002152389,
            95.85665088247956,
            95.91046061127851,
            95.9319845027981,
            95.84588893671976,
            95.81360309944039,
            95.9427464485579,
            95.7705553164012,
            95.85665088247956,
            95.85665088247956
        ]
    },
    "train_aa": {
        "type": "index_value",
        "index": [
            10,
            20,
            30,
            40,
            50,
            60,
            70,
            80,
            90,
            100
        ],
        "value": [
            96.86324378246545,
            97.2445393715194,
            97.29523540845648,
            97.26925142076459,
            97.30005718044738,
            97.20733136542279,
            97.34228741100223,
            97.21458764441515,
            97.26496670771041,
            97.25176432322374
        ]
    },
    "train_kappa": {
        "type": "index_value",
        "index": [
            10,
            20,
            30,
            40,
            50,
            60,
            70,
            80,
            90,
            100
        ],
        "value": [
            94.96309014012417,
            95.22948980789543,
            95.2923981808586,
            95.31558182247679,
            95.21943400271252,
            95.18056424145462,
            95.32913812971388,
            95.13216904152576,
            95.23055823741274,
            95.23029357556241
        ]
    },
    "param": {
        "data": {
            "data_sign": "Indian",
            "data_file": "Indian_70",
            "diffusion_sign": false,
            "diffusion_data_sign_path_prefix": "/home/cn/codes/spectral_diff_temp/codes/save_feature/indian_unet3d_patch16_without_downsample_kernal5_fix/save_feature",
            "diffusion_data_sign": "t5_2_full.pkl.npy",
            "patch_size": 13,
            "test_ratio": 0.95,
            "batch_size": 64,
            "num_classes": 16,
            "pca": 30,
            "dim_heads": 64,
            "spectral_size": 30
        },
        "net": {
            "trainer": "cross_trainer",
            "net_type": "just_pixel",
            "mlp_head_dim": 64,
            "depth": 2,
            "dim": 64,
            "heads": 20
        },
        "train": {
            "epochs": 100,
            "lr": 0.001,
            "weight_decay": 0,
            "temp": 20
        },
        "uniq_name": "indian_cross_param_use.json_70_1"
    },