{
    "epoch_loss": {
        "type": "index_value",
        "index": [
            1,
            2,
            3,
            4,
            5,
            6,
            7,
            8,
            9,
            10,
            11,
            12,
            13,
            14,
            15,
            16,
            17,
            18,
            19,
            20,
            21,
            22,
            23,
            24,
            25,
            26,
            27,
            28,
            29,
            30,
            31,
            32,
            33,
            34,
            35,
            36,
            37,
            38,
            39,
            40,
            41,
            42,
            43,
            44,
            45,
            46,
            47,
            48,
            49,
            50,
            51,
            52,
            53,
            54,
            55,
            56,
            57,
            58,
            59,
            60,
            61,
            62,
            63,
            64,
            65,
            66,
            67,
            68,
            69,
            70,
            71,
            72,
            73,
            74,
            75,
            76,
            77,
            78,
            79,
            80,
            81,
            82,
            83,
            84,
            85,
            86,
            87,
            88,
            89,
            90,
            91,
            92,
            93,
            94,
            95,
            96,
            97,
            98,
            99,
            100
        ],
        "value": [
            1.689481519009499,
            0.992606709412825,
            0.6740770776009473,
            0.47764369694036324,
            0.3537934567360376,
            0.2507304487774709,
            0.17709908557846296,
            0.1469339009604114,
            0.10021969348084105,
            0.06262947905903284,
            0.04252218610934796,
            0.0315125264889564,
            0.02236925291872731,
            0.017941798444976974,
            0.015112571158145691,
            0.013811798882248396,
            0.0116029481753761,
            0.010897461878993923,
            0.010150471734876284,
            0.009247739149534572,
            0.008553260124255842,
            0.007548301936236482,
            0.0070527438423455555,
            0.006785259988077859,
            0.005743685007284529,
            0.005869163087081556,
            0.005555142432861165,
            0.00537363017887832,
            0.005014911462905329,
            0.004547802635672375,
            0.0045960357073726,
            0.004014674707866548,
            0.0037543240466133714,
            0.003499165036577051,
            0.003649244556809351,
            0.0032640077503670586,
            0.003156370253323554,
            0.003201304412950303,
            0.0028174611623821262,
            0.0028379209341870973,
            0.002565267787482747,
            0.0024841258838939444,
            0.002359667216048113,
            0.0025150255159899467,
            0.002379454272273284,
            0.0023658863750783033,
            0.0020946676644666667,
            0.002118108443861789,
            0.0018746364569491927,
            0.002081804678233694,
            0.001854035337095204,
            0.0019573972914075114,
            0.0017178913616680033,
            0.001692346636455916,
            0.0016978522079930322,
            0.0014689767221101485,
            0.001501446400353507,
            0.001500345861703662,
            0.0013884770859341434,
            0.001675389389233819,
            0.0014786657548150298,
            0.0013141404752064375,
            0.0013495519327364654,
            0.0014636361053125637,
            0.0012715129804501293,
            0.0012108769636328682,
            0.0011425139068568435,
            0.0012808943746167774,
            0.0011922685035865893,
            0.001084525417142346,
            0.0010780382507560638,
            0.0009472414702255878,
            0.0009605646819808715,
            0.0009429914853732668,
            0.0009652903672879812,
            0.000992566881900678,
            0.000923108563875552,
            0.0007863931649673095,
            0.0009556126751528181,
            0.0008375650738279235,
            0.0008899157853040308,
            0.0009482331979234884,
            0.0007531036707423988,
            0.0008687744368410511,
            0.0008068694187606377,
            0.0007471748160512526,
            0.0007506532480820851,
            0.0007223525160429223,
            0.0006579841696009707,
            0.0006544635113257748,
            0.0006280048403206497,
            0.0006899640021537135,
            0.0006551788468786629,
            0.0006455682239753105,
            0.0006723724765378752,
            0.0005901943981065274,
            0.0006250316826705488,
            0.000538815240200582,
            0.0006278492301981783,
            0.0006232642979831846
        ]
    },
    "train_oa": {
        "type": "index_value",
        "index": [
            10,
            20,
            30,
            40,
            50,
            60,
            70,
            80,
            90,
            100
        ],
        "value": [
            96.08363404797284,
            95.87136489068139,
            95.9032052642751,
            95.79707068562938,
            95.92443218000425,
            95.83952451708767,
            95.78645722776481,
            95.78645722776481,
            95.75461685417109,
            95.75461685417109
        ]
    },
    "train_aa": {
        "type": "index_value",
        "index": [
            10,
            20,
            30,
            40,
            50,
            60,
            70,
            80,
            90,
            100
        ],
        "value": [
            97.7593917935122,
            98.19113373781852,
            98.35155989988552,
            98.24766038323789,
            98.35416001133403,
            98.27198044792262,
            98.24741322699171,
            98.24788464151082,
            98.26062547698238,
            98.24144923037406
        ]
    },
    "train_kappa": {
        "type": "index_value",
        "index": [
            10,
            20,
            30,
            40,
            50,
            60,
            70,
            80,
            90,
            100
        ],
        "value": [
            95.5063367535896,
            95.26467509855802,
            95.30293173567483,
            95.18102919458248,
            95.32626047551918,
            95.22961263231284,
            95.16872142566228,
            95.16907733392887,
            95.132869448405,
            95.13268936089428
        ]
    },
    "param": {
        "data": {
            "data_sign": "Indian",
            "data_file": "Indian_60",
            "diffusion_sign": false,
            "diffusion_data_sign_path_prefix": "/home/cn/codes/spectral_diff_temp/codes/save_feature/indian_unet3d_patch16_without_downsample_kernal5_fix/save_feature",
            "diffusion_data_sign": "t5_2_full.pkl.npy",
            "patch_size": 13,
            "test_ratio": 0.95,
            "batch_size": 64,
            "num_classes": 16,
            "pca": 30,
            "dim_heads": 64,
            "spectral_size": 30
        },
        "net": {
            "trainer": "cross_trainer",
            "net_type": "just_pixel",
            "mlp_head_dim": 64,
            "depth": 2,
            "dim": 64,
            "heads": 20
        },
        "train": {
            "epochs": 100,
            "lr": 0.001,
            "weight_decay": 0,
            "temp": 20
        },
        "uniq_name": "indian_cross_param_use.json_60_2"
    },