{
    "epoch_loss": {
        "type": "index_value",
        "index": [
            1,
            2,
            3,
            4,
            5,
            6,
            7,
            8,
            9,
            10,
            11,
            12,
            13,
            14,
            15,
            16,
            17,
            18,
            19,
            20,
            21,
            22,
            23,
            24,
            25,
            26,
            27,
            28,
            29,
            30,
            31,
            32,
            33,
            34,
            35,
            36,
            37,
            38,
            39,
            40,
            41,
            42,
            43,
            44,
            45,
            46,
            47,
            48,
            49,
            50,
            51,
            52,
            53,
            54,
            55,
            56,
            57,
            58,
            59,
            60,
            61,
            62,
            63,
            64,
            65,
            66,
            67,
            68,
            69,
            70,
            71,
            72,
            73,
            74,
            75,
            76,
            77,
            78,
            79,
            80,
            81,
            82,
            83,
            84,
            85,
            86,
            87,
            88,
            89,
            90,
            91,
            92,
            93,
            94,
            95,
            96,
            97,
            98,
            99,
            100
        ],
        "value": [
            1.8689693653420225,
            1.1684111813976341,
            0.8407673794929296,
            0.6392207688664737,
            0.48245436687992044,
            0.4055298166732266,
            0.3525075569544753,
            0.2665235963586259,
            0.22903549344572302,
            0.16946448365302935,
            0.14117898638934306,
            0.11208364898211336,
            0.0722238786824762,
            0.05694135309082188,
            0.04674351756295113,
            0.04277292363447686,
            0.05737973525099559,
            0.09303939342498779,
            0.13830139783963766,
            0.1375448760921008,
            0.1340493274061647,
            0.10777325244390801,
            0.055003614560382004,
            0.038069044482218074,
            0.045123127633578154,
            0.04104744265340779,
            0.028514499329540827,
            0.03997258535803181,
            0.021952213030563644,
            0.016302291865218175,
            0.01342296498279049,
            0.010548930308998448,
            0.008893324904245874,
            0.012930702826339905,
            0.036913596399842874,
            0.037316749357197386,
            0.015058974135820179,
            0.015573692648378138,
            0.010960033699257733,
            0.013723864028715107,
            0.01318484269184609,
            0.02675420433691103,
            0.03471443199948089,
            0.04207761315246151,
            0.028478953808750193,
            0.011842426576026499,
            0.008628259068482544,
            0.006595582127162855,
            0.005010489017179568,
            0.0054432668608345395,
            0.005061202031904704,
            0.005734384850892302,
            0.005983664998657083,
            0.007235823007785294,
            0.006964286355531379,
            0.006081706703933951,
            0.004750747233629227,
            0.006396939850425067,
            0.005728230594772182,
            0.01096319487599069,
            0.008045890559888866,
            0.00634914400591834,
            0.009487669455678496,
            0.048735141396930776,
            0.03138055509492142,
            0.025806093205736107,
            0.022760963246022184,
            0.010389182359388429,
            0.02612098086982557,
            0.016166792697694204,
            0.01021583305595264,
            0.006718992498027135,
            0.005148334275573901,
            0.0034657415219467797,
            0.0033589601261566765,
            0.0027545423769991693,
            0.002796725822893316,
            0.0031566475071523287,
            0.0026807653755970195,
            0.006302014044294618,
            0.014239173459067736,
            0.022222659869553293,
            0.056264507137749296,
            0.017211530230020824,
            0.009410880403975919,
            0.006313441270222403,
            0.01861216902273567,
            0.008841586975406294,
            0.007747336966942435,
            0.011008607147082891,
            0.02108560977120922,
            0.03779006693257044,
            0.032606639886555606,
            0.029664385706594545,
            0.030180228287226534,
            0.030409841530331192,
            0.01799014123947653,
            0.030694823737626206,
            0.016674860316800745,
            0.006611724677559448
        ]
    },
    "train_oa": {
        "type": "index_value",
        "index": [
            10,
            20,
            30,
            40,
            50,
            60,
            70,
            80,
            90,
            100
        ],
        "value": [
            91.92964304190377,
            93.47128815312985,
            92.62286601138128,
            94.10243145369891,
            93.22296947749612,
            92.66425245732023,
            92.58147956544232,
            93.18158303155717,
            91.44335230212106,
            92.1779617175375
        ]
    },
    "train_aa": {
        "type": "index_value",
        "index": [
            10,
            20,
            30,
            40,
            50,
            60,
            70,
            80,
            90,
            100
        ],
        "value": [
            95.66751043139213,
            94.54750182999095,
            96.25777215298268,
            96.76366344169976,
            96.40624934539616,
            96.14216709758539,
            96.1038787075987,
            96.43559258368725,
            95.67889659445991,
            95.5836371608158
        ]
    },
    "train_kappa": {
        "type": "index_value",
        "index": [
            10,
            20,
            30,
            40,
            50,
            60,
            70,
            80,
            90,
            100
        ],
        "value": [
            90.8032274965821,
            92.52333152250615,
            91.58614249856592,
            93.25024210508789,
            92.26033898812354,
            91.6256013692957,
            91.53505474610037,
            92.21526785463399,
            90.25829639375044,
            91.08240226736434
        ]
    },
    "param": {
        "data": {
            "data_sign": "Indian",
            "data_file": "Indian_40",
            "diffusion_sign": false,
            "diffusion_data_sign_path_prefix": "/home/cn/codes/spectral_diff_temp/codes/save_feature/indian_unet3d_patch16_without_downsample_kernal5_fix/save_feature",
            "diffusion_data_sign": "t5_2_full.pkl.npy",
            "patch_size": 13,
            "test_ratio": 0.95,
            "batch_size": 64,
            "num_classes": 16,
            "pca": 30,
            "dim_heads": 64,
            "spectral_size": 30
        },
        "net": {
            "trainer": "cross_trainer",
            "net_type": "just_pixel",
            "mlp_head_dim": 64,
            "depth": 2,
            "dim": 64,
            "heads": 20
        },
        "train": {
            "epochs": 100,
            "lr": 0.001,
            "weight_decay": 0,
            "temp": 20
        },
        "uniq_name": "indian_cross_param_use.json_40_3"
    },