{
    "epoch_loss": {
        "type": "index_value",
        "index": [
            1,
            2,
            3,
            4,
            5,
            6,
            7,
            8,
            9,
            10,
            11,
            12,
            13,
            14,
            15,
            16,
            17,
            18,
            19,
            20,
            21,
            22,
            23,
            24,
            25,
            26,
            27,
            28,
            29,
            30,
            31,
            32,
            33,
            34,
            35,
            36,
            37,
            38,
            39,
            40,
            41,
            42,
            43,
            44,
            45,
            46,
            47,
            48,
            49,
            50,
            51,
            52,
            53,
            54,
            55,
            56,
            57,
            58,
            59,
            60,
            61,
            62,
            63,
            64,
            65,
            66,
            67,
            68,
            69,
            70,
            71,
            72,
            73,
            74,
            75,
            76,
            77,
            78,
            79,
            80,
            81,
            82,
            83,
            84,
            85,
            86,
            87,
            88,
            89,
            90,
            91,
            92,
            93,
            94,
            95,
            96,
            97,
            98,
            99,
            100
        ],
        "value": [
            2.1140801114420738,
            1.4240646708396174,
            1.1657174341140255,
            0.9484422622188445,
            0.7698803090280102,
            0.6169326759153797,
            0.5145124333520089,
            0.4322716376473827,
            0.34624903086693054,
            0.2755954734740719,
            0.22847785863184158,
            0.19268827496036406,
            0.15253820534675352,
            0.12322538081676729,
            0.09628933836375514,
            0.08681161523826661,
            0.07152077709474872,
            0.06836207504234006,
            0.052684889012767425,
            0.047731986569781455,
            0.041490201315572184,
            0.04000081148359083,
            0.035804715800669885,
            0.033762982175234824,
            0.02839798528340555,
            0.025188133541134097,
            0.021505498970227858,
            0.02194613595643351,
            0.02149065564717016,
            0.019151523853501967,
            0.018941573714537006,
            0.016989949754168912,
            0.015401060494684404,
            0.016316598425469092,
            0.01457269397233763,
            0.013682918442833808,
            0.013834651102942805,
            0.013819535893778647,
            0.012597087962973503,
            0.012325460607967069,
            0.01113803583167253,
            0.012008265838507682,
            0.010323516267441935,
            0.010375448322344211,
            0.010101281322779194,
            0.00973298296092018,
            0.009128476985760274,
            0.008598404792287658,
            0.008436406259575199,
            0.00904531097340007,
            0.007884524438169695,
            0.007709216038065572,
            0.00689637731880911,
            0.008084490621883062,
            0.006325801951630462,
            0.006564373874496068,
            0.006651295358014684,
            0.0067603798973704535,
            0.0060552700122277585,
            0.005650385045596669,
            0.006117403639420386,
            0.005997909094777799,
            0.00543024312224119,
            0.005194313208302183,
            0.005798268997140469,
            0.004936153949388573,
            0.004664617966139509,
            0.004728771157322392,
            0.005395354507791419,
            0.008658289272458323,
            0.010562785696839133,
            0.014983501961274494,
            0.009590165100751384,
            0.009999550022785702,
            0.007626564392159062,
            0.006341026311800365,
            0.0056182637540323115,
            0.004719425755883417,
            0.004617853854752837,
            0.004637116781105437,
            0.004186512779204115,
            0.003578187472697708,
            0.0036661289542192412,
            0.0038927853768390996,
            0.0032520068433856773,
            0.003478339578836195,
            0.0032129006730693003,
            0.003099472272480207,
            0.0029256029129629173,
            0.0030546667985618114,
            0.0029790453327399108,
            0.0031282164441842225,
            0.0029338465072214605,
            0.002770611532633343,
            0.0026168540270338136,
            0.0032124287809335416,
            0.0027292131341152613,
            0.0025626541806324835,
            0.002677313462200184,
            0.0027185937224496757
        ]
    },
    "train_oa": {
        "type": "index_value",
        "index": [
            10,
            20,
            30,
            40,
            50,
            60,
            70,
            80,
            90,
            100
        ],
        "value": [
            85.0387362913774,
            87.43334339470772,
            88.31874434047691,
            87.85592111882482,
            88.2181305966395,
            87.88610524197605,
            88.41935808431431,
            86.86990642921823,
            87.73518462621995,
            87.86598249320858
        ]
    },
    "train_aa": {
        "type": "index_value",
        "index": [
            10,
            20,
            30,
            40,
            50,
            60,
            70,
            80,
            90,
            100
        ],
        "value": [
            91.42887842930159,
            92.73114931136016,
            93.09737163469973,
            93.00275247199613,
            93.13468992491727,
            92.98301774113857,
            93.35683436567506,
            92.62495507404955,
            92.77810148844452,
            92.74275663301083
        ]
    },
    "train_kappa": {
        "type": "index_value",
        "index": [
            10,
            20,
            30,
            40,
            50,
            60,
            70,
            80,
            90,
            100
        ],
        "value": [
            83.07375364557308,
            85.74587645489521,
            86.73141361940448,
            86.22103262040383,
            86.63616835262256,
            86.26165135153823,
            86.85048744555868,
            85.12553994537879,
            86.08697366714087,
            86.2330076373375
        ]
    },
    "param": {
        "data": {
            "data_sign": "Indian",
            "data_file": "Indian_20",
            "diffusion_sign": false,
            "diffusion_data_sign_path_prefix": "/home/cn/codes/spectral_diff_temp/codes/save_feature/indian_unet3d_patch16_without_downsample_kernal5_fix/save_feature",
            "diffusion_data_sign": "t5_2_full.pkl.npy",
            "patch_size": 13,
            "test_ratio": 0.95,
            "batch_size": 64,
            "num_classes": 16,
            "pca": 30,
            "dim_heads": 64,
            "spectral_size": 30
        },
        "net": {
            "trainer": "cross_trainer",
            "net_type": "just_pixel",
            "mlp_head_dim": 64,
            "depth": 2,
            "dim": 64,
            "heads": 20
        },
        "train": {
            "epochs": 100,
            "lr": 0.001,
            "weight_decay": 0,
            "temp": 20
        },
        "uniq_name": "indian_cross_param_use.json_20_4"
    },