{
    "epoch_loss": {
        "type": "index_value",
        "index": [
            1,
            2,
            3,
            4,
            5,
            6,
            7,
            8,
            9,
            10,
            11,
            12,
            13,
            14,
            15,
            16,
            17,
            18,
            19,
            20,
            21,
            22,
            23,
            24,
            25,
            26,
            27,
            28,
            29,
            30,
            31,
            32,
            33,
            34,
            35,
            36,
            37,
            38,
            39,
            40,
            41,
            42,
            43,
            44,
            45,
            46,
            47,
            48,
            49,
            50,
            51,
            52,
            53,
            54,
            55,
            56,
            57,
            58,
            59,
            60,
            61,
            62,
            63,
            64,
            65,
            66,
            67,
            68,
            69,
            70,
            71,
            72,
            73,
            74,
            75,
            76,
            77,
            78,
            79,
            80,
            81,
            82,
            83,
            84,
            85,
            86,
            87,
            88,
            89,
            90,
            91,
            92,
            93,
            94,
            95,
            96,
            97,
            98,
            99,
            100
        ],
        "value": [
            2.495271825790405,
            1.7374988555908204,
            1.4942362308502197,
            1.3093993663787842,
            1.1419168949127196,
            0.9995295166969299,
            0.9097769618034363,
            0.8000423312187195,
            0.6936878085136413,
            0.611437076330185,
            0.5338238120079041,
            0.4703176856040955,
            0.4129279315471649,
            0.3333583354949951,
            0.31016268134117125,
            0.26908531188964846,
            0.21512883603572847,
            0.2108177125453949,
            0.16317875385284425,
            0.14340517222881316,
            0.12860018908977508,
            0.10525584369897842,
            0.10158826261758805,
            0.08447244465351104,
            0.08138690590858459,
            0.07316776365041733,
            0.07107576131820678,
            0.06036125421524048,
            0.05705162137746811,
            0.05291260108351707,
            0.05321469157934189,
            0.04730426967144012,
            0.04201576709747314,
            0.03619819059967995,
            0.03902653083205223,
            0.03444867357611656,
            0.03441769778728485,
            0.03306570053100586,
            0.028484565392136573,
            0.03310272917151451,
            0.02901495769619942,
            0.02741711288690567,
            0.023203717172145845,
            0.023051561415195466,
            0.024564442783594133,
            0.022818612307310103,
            0.021018964424729347,
            0.020149609073996544,
            0.01918597295880318,
            0.01918804869055748,
            0.019419310614466667,
            0.016901199147105216,
            0.017169832065701485,
            0.016376515105366706,
            0.017968279868364335,
            0.01614420861005783,
            0.015884171798825265,
            0.014722312800586224,
            0.015638031437993048,
            0.014880228042602538,
            0.012851744145154952,
            0.013419000431895256,
            0.014395951107144356,
            0.011570383980870246,
            0.012640175595879554,
            0.011577673256397247,
            0.011660192720592022,
            0.011828857660293578,
            0.011558441258966923,
            0.013165443763136863,
            0.01008693128824234,
            0.012152931094169617,
            0.011435383558273315,
            0.010031390003859997,
            0.010218246467411518,
            0.010839136689901352,
            0.009986195899546146,
            0.00965238269418478,
            0.009401719830930234,
            0.009266956709325314,
            0.00805672612041235,
            0.009368339739739894,
            0.008474795892834664,
            0.007884878106415272,
            0.008037910424172878,
            0.009316840395331382,
            0.007399388775229454,
            0.007710458897054196,
            0.007339734770357609,
            0.0079601364210248,
            0.0077739058062434195,
            0.007404613215476275,
            0.006617372669279575,
            0.008217892982065678,
            0.007387910597026348,
            0.006428349856287241,
            0.00786571390926838,
            0.006149714533239603,
            0.0063398642465472225,
            0.005946047324687243
        ]
    },
    "train_oa": {
        "type": "index_value",
        "index": [
            10,
            20,
            30,
            40,
            50,
            60,
            70,
            80,
            90,
            100
        ],
        "value": [
            79.39339875111507,
            82.53543463177718,
            84.061849539102,
            84.36911487758945,
            84.41867380315195,
            83.79423134106453,
            84.042025968877,
            84.89443948855188,
            84.43849737337695,
            84.77549806720191
        ]
    },
    "train_aa": {
        "type": "index_value",
        "index": [
            10,
            20,
            30,
            40,
            50,
            60,
            70,
            80,
            90,
            100
        ],
        "value": [
            88.1513734840681,
            92.00270805578896,
            92.4386596351032,
            92.62232570621367,
            92.68122570288334,
            92.13377126333725,
            92.35958425802737,
            92.63870189917635,
            92.4193845040057,
            92.52016316797045
        ]
    },
    "train_kappa": {
        "type": "index_value",
        "index": [
            10,
            20,
            30,
            40,
            50,
            60,
            70,
            80,
            90,
            100
        ],
        "value": [
            76.81661656907941,
            80.39179355785345,
            82.07528870375101,
            82.41332876067919,
            82.47478954569827,
            81.76601512631777,
            82.05325365177671,
            82.9818278896989,
            82.48942319364735,
            82.85715328726752
        ]
    },
    "param": {
        "data": {
            "data_sign": "Indian",
            "data_file": "Indian_10",
            "diffusion_sign": false,
            "diffusion_data_sign_path_prefix": "/home/cn/codes/spectral_diff_temp/codes/save_feature/indian_unet3d_patch16_without_downsample_kernal5_fix/save_feature",
            "diffusion_data_sign": "t5_2_full.pkl.npy",
            "patch_size": 13,
            "test_ratio": 0.95,
            "batch_size": 64,
            "num_classes": 16,
            "pca": 30,
            "dim_heads": 64,
            "spectral_size": 30
        },
        "net": {
            "trainer": "cross_trainer",
            "net_type": "just_pixel",
            "mlp_head_dim": 64,
            "depth": 2,
            "dim": 64,
            "heads": 20
        },
        "train": {
            "epochs": 100,
            "lr": 0.001,
            "weight_decay": 0,
            "temp": 20
        },
        "uniq_name": "indian_cross_param_use.json_10_2"
    },