{
    "epoch_loss": {
        "type": "index_value",
        "index": [
            1,
            2,
            3,
            4,
            5,
            6,
            7,
            8,
            9,
            10,
            11,
            12,
            13,
            14,
            15,
            16,
            17,
            18,
            19,
            20,
            21,
            22,
            23,
            24,
            25,
            26,
            27,
            28,
            29,
            30,
            31,
            32,
            33,
            34,
            35,
            36,
            37,
            38,
            39,
            40,
            41,
            42,
            43,
            44,
            45,
            46,
            47,
            48,
            49,
            50,
            51,
            52,
            53,
            54,
            55,
            56,
            57,
            58,
            59,
            60,
            61,
            62,
            63,
            64,
            65,
            66,
            67,
            68,
            69,
            70,
            71,
            72,
            73,
            74,
            75,
            76,
            77,
            78,
            79,
            80,
            81,
            82,
            83,
            84,
            85,
            86,
            87,
            88,
            89,
            90,
            91,
            92,
            93,
            94,
            95,
            96,
            97,
            98,
            99,
            100
        ],
        "value": [
            1.7086846826750373,
            1.02924946912563,
            0.7109046697274514,
            0.47668796816207415,
            0.34894524803291604,
            0.26083050738790287,
            0.19400596204968745,
            0.12711892684272236,
            0.09095749116824724,
            0.06167927965885255,
            0.0594041150175516,
            0.040728669985059855,
            0.041126302765465875,
            0.02713464775057229,
            0.022962940418544936,
            0.01721997301720906,
            0.015351049660823951,
            0.013280628744774689,
            0.012695933000012228,
            0.011441553686311204,
            0.010651445679013835,
            0.009276292022248165,
            0.008735611011278167,
            0.008209533663399764,
            0.00790163885449277,
            0.007398664790313888,
            0.006636116999085229,
            0.006337190894049244,
            0.005933285932025873,
            0.005816815241268025,
            0.005635419078812623,
            0.005314039470630577,
            0.004774254554992213,
            0.004792263151455131,
            0.00437178307211553,
            0.004389301271791138,
            0.004102643746268031,
            0.0040930278527108125,
            0.004344229470508192,
            0.0037348108066157723,
            0.003559689235925632,
            0.0031294635693453134,
            0.0031095350296817814,
            0.003167300950067714,
            0.0030736806471745245,
            0.0027867460100934275,
            0.002595693298910813,
            0.0025524470876298385,
            0.002414379624310491,
            0.0024927913847979334,
            0.0023715714052175217,
            0.002338006731037216,
            0.002218947356026967,
            0.0020504726631128613,
            0.0020263716745507,
            0.002046899969583989,
            0.002062987552894282,
            0.0018506413886866064,
            0.0018217766859904038,
            0.0018616578263769105,
            0.001973771466439325,
            0.0017871589924661787,
            0.0017112033647769685,
            0.0015930460966051886,
            0.0015026398203195402,
            0.0015259238487440917,
            0.001495804950672401,
            0.001399917871266379,
            0.0015335371884834048,
            0.0013307749632468055,
            0.0013615255487262347,
            0.0013370170046533947,
            0.0013851888562650173,
            0.0013079393963720998,
            0.0012285028019094228,
            0.0012964275378300949,
            0.0012587524692954193,
            0.0011775492574589346,
            0.0012068638833269071,
            0.0012034470796013195,
            0.001125541697954425,
            0.0011199192598948476,
            0.001106073632081396,
            0.0009694350858311165,
            0.0009415350190311714,
            0.0009538586431154861,
            0.0009518823702652622,
            0.0009275151794466325,
            0.0009403768512640827,
            0.0009267130175837913,
            0.0008904361997001471,
            0.0009240802281256899,
            0.0009454746495623682,
            0.0008185166291694773,
            0.0007958959507818736,
            0.0008280901218279448,
            0.0008535497937781718,
            0.0008464845345346217,
            0.0008383607186198,
            0.000823213939552985
        ]
    },
    "train_oa": {
        "type": "index_value",
        "index": [
            10,
            20,
            30,
            40,
            50,
            60,
            70,
            80,
            90,
            100
        ],
        "value": [
            95.02721943048577,
            94.96440536013401,
            94.93299832495813,
            95.10050251256281,
            95.03768844221105,
            95.13190954773869,
            95.00628140703517,
            94.9748743718593,
            95.09003350083752,
            95.02721943048577
        ]
    },
    "train_aa": {
        "type": "index_value",
        "index": [
            10,
            20,
            30,
            40,
            50,
            60,
            70,
            80,
            90,
            100
        ],
        "value": [
            97.16466525020485,
            97.2995939022951,
            97.32128229348345,
            97.34894543795527,
            97.30669456277687,
            97.37353560945107,
            97.31915053732108,
            97.29797366740617,
            97.3350192489854,
            97.34372313547365
        ]
    },
    "train_kappa": {
        "type": "index_value",
        "index": [
            10,
            20,
            30,
            40,
            50,
            60,
            70,
            80,
            90,
            100
        ],
        "value": [
            94.29267641399848,
            94.22842822742324,
            94.19315852323483,
            94.38423796438877,
            94.31303829917586,
            94.42057055974426,
            94.27823192083993,
            94.24309643303161,
            94.37223592774761,
            94.30302032963654
        ]
    },
    "param": {
        "data": {
            "data_sign": "Indian",
            "data_file": "Indian_50",
            "diffusion_sign": false,
            "diffusion_data_sign_path_prefix": "/home/cn/codes/spectral_diff_temp/codes/save_feature/indian_unet3d_patch16_without_downsample_kernal5_fix/save_feature",
            "diffusion_data_sign": "t5_2_full.pkl.npy",
            "patch_size": 13,
            "test_ratio": 0.95,
            "batch_size": 64,
            "num_classes": 16,
            "pca": 30,
            "dim_heads": 64,
            "spectral_size": 30
        },
        "net": {
            "trainer": "cross_trainer",
            "net_type": "just_pixel",
            "mlp_head_dim": 64,
            "depth": 2,
            "dim": 64,
            "heads": 20
        },
        "train": {
            "epochs": 100,
            "lr": 0.001,
            "weight_decay": 0,
            "temp": 20
        },
        "uniq_name": "indian_cross_param_use.json_50_1"
    },