{
    "epoch_loss": {
        "type": "index_value",
        "index": [
            1,
            2,
            3,
            4,
            5,
            6,
            7,
            8,
            9,
            10,
            11,
            12,
            13,
            14,
            15,
            16,
            17,
            18,
            19,
            20,
            21,
            22,
            23,
            24,
            25,
            26,
            27,
            28,
            29,
            30,
            31,
            32,
            33,
            34,
            35,
            36,
            37,
            38,
            39,
            40,
            41,
            42,
            43,
            44,
            45,
            46,
            47,
            48,
            49,
            50,
            51,
            52,
            53,
            54,
            55,
            56,
            57,
            58,
            59,
            60,
            61,
            62,
            63,
            64,
            65,
            66,
            67,
            68,
            69,
            70,
            71,
            72,
            73,
            74,
            75,
            76,
            77,
            78,
            79,
            80,
            81,
            82,
            83,
            84,
            85,
            86,
            87,
            88,
            89,
            90,
            91,
            92,
            93,
            94,
            95,
            96,
            97,
            98,
            99,
            100
        ],
        "value": [
            1.6190736686404736,
            0.8180430757418179,
            0.5154538951341231,
            0.3438048816483944,
            0.23395745787964903,
            0.16360039454512126,
            0.1392109695044042,
            0.09613334724084982,
            0.05740314276191546,
            0.04303591215182798,
            0.030346683199965526,
            0.023392528055617867,
            0.01572266771100811,
            0.012363535022189997,
            0.009414897683284759,
            0.008997382833463892,
            0.008199137090186982,
            0.007632415306008153,
            0.006625935113573277,
            0.006099971514212339,
            0.005634096368852567,
            0.005162702255180618,
            0.004693371414274608,
            0.004584642550621007,
            0.003996528110620261,
            0.004065382441937608,
            0.0035457437264235225,
            0.0035795667814904793,
            0.0035316582620075346,
            0.0029954181445579165,
            0.0029656309640872965,
            0.0027915435835030255,
            0.0027578623773463298,
            0.0024251403711588837,
            0.0022512847258218433,
            0.002326784670659664,
            0.002000865179286257,
            0.002061245188446032,
            0.0018654693592350035,
            0.001989227875753579,
            0.0019005716421916436,
            0.0016529735091220324,
            0.0016031381915080968,
            0.0016719197824198097,
            0.0015376914102368214,
            0.0013659720555617857,
            0.0015479102306643702,
            0.0013697784634567488,
            0.0013085606305756313,
            0.0013559750136049686,
            0.0013825296282531777,
            0.0011917738616209488,
            0.001146784209793651,
            0.0012223901349850677,
            0.0011284066173106624,
            0.0011561575828491957,
            0.0010537861338957952,
            0.001029502279566397,
            0.0009100186133460786,
            0.0009171700747872137,
            0.0009701649935551077,
            0.0010049433691389413,
            0.0009348232954206749,
            0.0007953339800617307,
            0.0008044324971314798,
            0.0008337478552454022,
            0.0008744050724763447,
            0.0007986363632691871,
            0.0007387420887396549,
            0.000694304097849934,
            0.0006985775821155971,
            0.000632943939741036,
            0.0006421579547863019,
            0.0006204266213039116,
            0.0005870286669588982,
            0.0006052504766778721,
            0.0006364160116940562,
            0.0006955071529026529,
            0.0005944488310274817,
            0.000551254216445783,
            0.0005526949311825066,
            0.0005386622572058971,
            0.0005106671758327229,
            0.0004933496583518748,
            0.0005100562155594588,
            0.00046712627388937906,
            0.0004978940652219858,
            0.0004644908182101929,
            0.0005205469688183431,
            0.00043072321624842085,
            0.00045822555517988566,
            0.00040659120171643596,
            0.0004498009794741259,
            0.0004173589538276905,
            0.00038210365856678944,
            0.00042326753731369767,
            0.0004101466159820351,
            0.00041855345005165225,
            0.0003990977264644292,
            0.00036417872746382507
        ]
    },
    "train_oa": {
        "type": "index_value",
        "index": [
            10,
            20,
            30,
            40,
            50,
            60,
            70,
            80,
            90,
            100
        ],
        "value": [
            96.03798297314997,
            96.82383759004584,
            96.83475223750273,
            96.84566688495961,
            96.80200829513207,
            96.81292294258895,
            96.74743505784762,
            96.74743505784762,
            96.7801790002183,
            96.67103252564942
        ]
    },
    "train_aa": {
        "type": "index_value",
        "index": [
            10,
            20,
            30,
            40,
            50,
            60,
            70,
            80,
            90,
            100
        ],
        "value": [
            97.84361621420993,
            98.61793415017924,
            98.64456857137043,
            98.64507059079357,
            98.61440987836609,
            98.60982574653647,
            98.57510465006116,
            98.6176864252515,
            98.60928412972243,
            98.57526166629383
        ]
    },
    "train_kappa": {
        "type": "index_value",
        "index": [
            10,
            20,
            30,
            40,
            50,
            60,
            70,
            80,
            90,
            100
        ],
        "value": [
            95.44038565893787,
            96.33969711604638,
            96.35250807866512,
            96.36551986452669,
            96.31535093381198,
            96.32762943322982,
            96.25220546736966,
            96.25285284501386,
            96.29006093241952,
            96.16521717865673
        ]
    },
    "param": {
        "data": {
            "data_sign": "Indian",
            "data_file": "Indian_80",
            "diffusion_sign": false,
            "diffusion_data_sign_path_prefix": "/home/cn/codes/spectral_diff_temp/codes/save_feature/indian_unet3d_patch16_without_downsample_kernal5_fix/save_feature",
            "diffusion_data_sign": "t5_2_full.pkl.npy",
            "patch_size": 13,
            "test_ratio": 0.95,
            "batch_size": 64,
            "num_classes": 16,
            "pca": 30,
            "dim_heads": 64,
            "spectral_size": 30
        },
        "net": {
            "trainer": "cross_trainer",
            "net_type": "just_pixel",
            "mlp_head_dim": 64,
            "depth": 2,
            "dim": 64,
            "heads": 20
        },
        "train": {
            "epochs": 100,
            "lr": 0.001,
            "weight_decay": 0,
            "temp": 20
        },
        "uniq_name": "indian_cross_param_use.json_80_2"
    },