{
    "epoch_loss": {
        "type": "index_value",
        "index": [
            1,
            2,
            3,
            4,
            5,
            6,
            7,
            8,
            9,
            10,
            11,
            12,
            13,
            14,
            15,
            16,
            17,
            18,
            19,
            20,
            21,
            22,
            23,
            24,
            25,
            26,
            27,
            28,
            29,
            30,
            31,
            32,
            33,
            34,
            35,
            36,
            37,
            38,
            39,
            40,
            41,
            42,
            43,
            44,
            45,
            46,
            47,
            48,
            49,
            50,
            51,
            52,
            53,
            54,
            55,
            56,
            57,
            58,
            59,
            60,
            61,
            62,
            63,
            64,
            65,
            66,
            67,
            68,
            69,
            70,
            71,
            72,
            73,
            74,
            75,
            76,
            77,
            78,
            79,
            80,
            81,
            82,
            83,
            84,
            85,
            86,
            87,
            88,
            89,
            90,
            91,
            92,
            93,
            94,
            95,
            96,
            97,
            98,
            99,
            100
        ],
        "value": [
            2.473668336868286,
            1.7725556373596192,
            1.4923463106155395,
            1.2832070350646974,
            1.1181544542312623,
            1.0105605840682983,
            0.8618598937988281,
            0.795547604560852,
            0.6858261704444886,
            0.6024815559387207,
            0.5326286196708679,
            0.5287787675857544,
            0.4166837990283966,
            0.3608174443244934,
            0.29123937487602236,
            0.2612782746553421,
            0.227749103307724,
            0.18862391710281373,
            0.15245178639888762,
            0.15516778826713562,
            0.1359914183616638,
            0.11111188679933548,
            0.10434584021568298,
            0.08792015314102172,
            0.08383837342262268,
            0.07471455186605454,
            0.07505195140838623,
            0.06967703849077225,
            0.059507261216640475,
            0.054244241863489154,
            0.04873781725764274,
            0.044846581667661665,
            0.04101169556379318,
            0.04042374715209007,
            0.03885168060660362,
            0.03712359443306923,
            0.03518041595816612,
            0.03072224333882332,
            0.03101477175951004,
            0.025940587744116783,
            0.027643834799528123,
            0.026375260576605795,
            0.02842208296060562,
            0.02537087947130203,
            0.023175737634301186,
            0.02314018867909908,
            0.024569058790802956,
            0.021526898816227914,
            0.020254793018102644,
            0.019001851230859755,
            0.019627319276332857,
            0.01964842788875103,
            0.017378973215818404,
            0.019580703228712082,
            0.01749247796833515,
            0.01721470579504967,
            0.01602393127977848,
            0.01846718154847622,
            0.0164236418902874,
            0.015132652223110199,
            0.017512794211506845,
            0.014173221588134766,
            0.013886668533086777,
            0.01299838162958622,
            0.013253959268331528,
            0.012737790867686272,
            0.012498774752020835,
            0.011978152953088284,
            0.012409946881234646,
            0.010587758198380471,
            0.010665042139589787,
            0.010726318694651127,
            0.010006129927933215,
            0.011188645660877228,
            0.011569890007376672,
            0.010864380374550819,
            0.008688094466924668,
            0.009372816979885101,
            0.00946994535624981,
            0.009261347725987435,
            0.008594890683889389,
            0.010185804776847362,
            0.009482173807919025,
            0.009310156106948853,
            0.007652279175817967,
            0.008587869629263879,
            0.00873385202139616,
            0.009898086450994015,
            0.009227621555328368,
            0.007835528254508973,
            0.007848280109465122,
            0.008052848652005196,
            0.007321752607822418,
            0.007723345980048179,
            0.0068437447771430016,
            0.006964398920536042,
            0.007454029843211174,
            0.0063141955062747,
            0.0071958091109991075,
            0.006507174856960773
        ]
    },
    "train_oa": {
        "type": "index_value",
        "index": [
            10,
            20,
            30,
            40,
            50,
            60,
            70,
            80,
            90,
            100
        ],
        "value": [
            77.87689562890276,
            81.36584398850233,
            82.48587570621469,
            82.31737535930222,
            83.03102388740213,
            81.02884329467737,
            82.02002180592724,
            82.68411140846467,
            82.30746357418971,
            82.97155317672713
        ]
    },
    "train_aa": {
        "type": "index_value",
        "index": [
            10,
            20,
            30,
            40,
            50,
            60,
            70,
            80,
            90,
            100
        ],
        "value": [
            86.55888082278037,
            90.63499878358469,
            91.3578395895801,
            91.19316460038394,
            91.2882206848622,
            90.84452523989357,
            91.18219426129244,
            91.27934339075492,
            91.07629326653505,
            91.42374651109789
        ]
    },
    "train_kappa": {
        "type": "index_value",
        "index": [
            10,
            20,
            30,
            40,
            50,
            60,
            70,
            80,
            90,
            100
        ],
        "value": [
            75.16203827433216,
            79.06350139199373,
            80.33424408330039,
            80.14220055995962,
            80.92961592720303,
            78.73879562312864,
            79.82779922971429,
            80.5452810166253,
            80.12651018384115,
            80.86081164375926
        ]
    },
    "param": {
        "data": {
            "data_sign": "Indian",
            "data_file": "Indian_10",
            "diffusion_sign": false,
            "diffusion_data_sign_path_prefix": "/home/cn/codes/spectral_diff_temp/codes/save_feature/indian_unet3d_patch16_without_downsample_kernal5_fix/save_feature",
            "diffusion_data_sign": "t5_2_full.pkl.npy",
            "patch_size": 13,
            "test_ratio": 0.95,
            "batch_size": 64,
            "num_classes": 16,
            "pca": 30,
            "dim_heads": 64,
            "spectral_size": 30
        },
        "net": {
            "trainer": "cross_trainer",
            "net_type": "just_pixel",
            "mlp_head_dim": 64,
            "depth": 2,
            "dim": 64,
            "heads": 20
        },
        "train": {
            "epochs": 100,
            "lr": 0.001,
            "weight_decay": 0,
            "temp": 20
        },
        "uniq_name": "indian_cross_param_use.json_10_4"
    },