{
    "epoch_loss": {
        "type": "index_value",
        "index": [
            1,
            2,
            3,
            4,
            5,
            6,
            7,
            8,
            9,
            10,
            11,
            12,
            13,
            14,
            15,
            16,
            17,
            18,
            19,
            20,
            21,
            22,
            23,
            24,
            25,
            26,
            27,
            28,
            29,
            30,
            31,
            32,
            33,
            34,
            35,
            36,
            37,
            38,
            39,
            40,
            41,
            42,
            43,
            44,
            45,
            46,
            47,
            48,
            49,
            50,
            51,
            52,
            53,
            54,
            55,
            56,
            57,
            58,
            59,
            60,
            61,
            62,
            63,
            64,
            65,
            66,
            67,
            68,
            69,
            70,
            71,
            72,
            73,
            74,
            75,
            76,
            77,
            78,
            79,
            80,
            81,
            82,
            83,
            84,
            85,
            86,
            87,
            88,
            89,
            90,
            91,
            92,
            93,
            94,
            95,
            96,
            97,
            98,
            99,
            100
        ],
        "value": [
            1.708570127908091,
            0.9947587550046798,
            0.657444302844021,
            0.4467284663556709,
            0.33832080559546024,
            0.23925785916748185,
            0.1684397014878249,
            0.12189543221096318,
            0.07787492569927869,
            0.049990205312690536,
            0.03504645024868857,
            0.029660514518708676,
            0.023912590260571263,
            0.019004765332664084,
            0.016813264502056998,
            0.014297569319245461,
            0.012381391805859041,
            0.010608641484790586,
            0.009771712676159127,
            0.009765006283674268,
            0.008111793025337079,
            0.007497206722761188,
            0.0068969713645607705,
            0.007084581094986546,
            0.006196416274249157,
            0.006277507937377028,
            0.00567652209422032,
            0.0047354601101753865,
            0.004678079833647071,
            0.004542827507100342,
            0.004273619682966149,
            0.004260449322276132,
            0.0038406995157210075,
            0.0037038370991123453,
            0.003324377835033396,
            0.003546809376146478,
            0.003277236924584428,
            0.0029957021131634064,
            0.0029188616284616335,
            0.002913536252498969,
            0.002664672720956615,
            0.002650593983475682,
            0.0023009605996283686,
            0.0022196014467491675,
            0.0023147944994991536,
            0.002288718821177937,
            0.0019848453188697924,
            0.00214156874358663,
            0.002087478869692608,
            0.0019949871552331056,
            0.001872671527355603,
            0.0017761572516391542,
            0.001657351379185924,
            0.001688204759347873,
            0.0016485493174926383,
            0.0016752034194875585,
            0.0017405540006406417,
            0.001664697728232405,
            0.0014990697383425653,
            0.0014095054260886387,
            0.0012536544655139998,
            0.001417708524898091,
            0.0012884495751436758,
            0.0011776249292402324,
            0.0012852870260940767,
            0.001218566111600907,
            0.0012142258741866972,
            0.001247641928195548,
            0.0011659570574927107,
            0.0010797239645348215,
            0.0010752354779797622,
            0.0009669164662162673,
            0.0010214277803971058,
            0.0009709204876645634,
            0.0010001484350838498,
            0.0009284163107295963,
            0.0008340474539644737,
            0.0009040623649047122,
            0.0007786963703989208,
            0.0008550532621938505,
            0.0008362698572279013,
            0.0008196690347988244,
            0.0008015032386645999,
            0.0007935394656150731,
            0.0006700865434484946,
            0.0007990629724316983,
            0.0007644483204869083,
            0.0007985425554722673,
            0.0007429146949717597,
            0.0006959609947186482,
            0.0006965279269190967,
            0.0007041493264486407,
            0.0006438461716535717,
            0.000643805220065483,
            0.0005755639585616808,
            0.0005654527717343157,
            0.0006102286687429359,
            0.0006646162338589769,
            0.0005641511737587473,
            0.0005013382848436091
        ]
    },
    "train_oa": {
        "type": "index_value",
        "index": [
            10,
            20,
            30,
            40,
            50,
            60,
            70,
            80,
            90,
            100
        ],
        "value": [
            95.91381872213968,
            96.2109955423477,
            96.06240713224369,
            96.18976862661856,
            96.15792825302483,
            96.13670133729569,
            96.0942475058374,
            96.10486096370198,
            96.0942475058374,
            96.07302059010826
        ]
    },
    "train_aa": {
        "type": "index_value",
        "index": [
            10,
            20,
            30,
            40,
            50,
            60,
            70,
            80,
            90,
            100
        ],
        "value": [
            98.16816835719591,
            98.31474377781959,
            98.29087507446219,
            98.3534612728756,
            98.32279861770729,
            98.3323980721126,
            98.27222811132827,
            98.27721837090567,
            98.28432708576177,
            98.27114913430172
        ]
    },
    "train_kappa": {
        "type": "index_value",
        "index": [
            10,
            20,
            30,
            40,
            50,
            60,
            70,
            80,
            90,
            100
        ],
        "value": [
            95.31416845320719,
            95.6530283719864,
            95.4844157427204,
            95.62931758585972,
            95.59302332101888,
            95.56839962046692,
            95.52003091031067,
            95.53183912571987,
            95.51971906707969,
            95.49558087843629
        ]
    },
    "param": {
        "data": {
            "data_sign": "Indian",
            "data_file": "Indian_60",
            "diffusion_sign": false,
            "diffusion_data_sign_path_prefix": "/home/cn/codes/spectral_diff_temp/codes/save_feature/indian_unet3d_patch16_without_downsample_kernal5_fix/save_feature",
            "diffusion_data_sign": "t5_2_full.pkl.npy",
            "patch_size": 13,
            "test_ratio": 0.95,
            "batch_size": 64,
            "num_classes": 16,
            "pca": 30,
            "dim_heads": 64,
            "spectral_size": 30
        },
        "net": {
            "trainer": "cross_trainer",
            "net_type": "just_pixel",
            "mlp_head_dim": 64,
            "depth": 2,
            "dim": 64,
            "heads": 20
        },
        "train": {
            "epochs": 100,
            "lr": 0.001,
            "weight_decay": 0,
            "temp": 20
        },
        "uniq_name": "indian_cross_param_use.json_60_1"
    },