{
    "epoch_loss": {
        "type": "index_value",
        "index": [
            1,
            2,
            3,
            4,
            5,
            6,
            7,
            8,
            9,
            10,
            11,
            12,
            13,
            14,
            15,
            16,
            17,
            18,
            19,
            20,
            21,
            22,
            23,
            24,
            25,
            26,
            27,
            28,
            29,
            30,
            31,
            32,
            33,
            34,
            35,
            36,
            37,
            38,
            39,
            40,
            41,
            42,
            43,
            44,
            45,
            46,
            47,
            48,
            49,
            50,
            51,
            52,
            53,
            54,
            55,
            56,
            57,
            58,
            59,
            60,
            61,
            62,
            63,
            64,
            65,
            66,
            67,
            68,
            69,
            70,
            71,
            72,
            73,
            74,
            75,
            76,
            77,
            78,
            79,
            80,
            81,
            82,
            83,
            84,
            85,
            86,
            87,
            88,
            89,
            90,
            91,
            92,
            93,
            94,
            95,
            96,
            97,
            98,
            99,
            100
        ],
        "value": [
            1.6201777584002184,
            0.9023659577439447,
            0.5954431658815067,
            0.41881030390005997,
            0.2684585130077669,
            0.19250799650122005,
            0.13621473343519333,
            0.09222059329444214,
            0.054072470866462906,
            0.04232666474477998,
            0.02814745471901343,
            0.025337593454785857,
            0.021279797125354705,
            0.015736767212503132,
            0.012884045829422297,
            0.011605277021056432,
            0.00998699457979252,
            0.008904737757096532,
            0.00829220298568688,
            0.007003759162922856,
            0.007329269283613659,
            0.006089562042192979,
            0.006324953187934377,
            0.005267986347032721,
            0.004991682512002492,
            0.004446444372902454,
            0.004270192255658198,
            0.004091203145346095,
            0.0038677545372871615,
            0.00376017915781747,
            0.0031476465305420517,
            0.003569762033430807,
            0.0029640272079675986,
            0.0028487775874272564,
            0.0027978823689574547,
            0.0026706931492179444,
            0.0024861182984404553,
            0.0023683171890590384,
            0.0020808731980647118,
            0.0021949457058190614,
            0.0022760984208532137,
            0.002000699795236618,
            0.001977824067352427,
            0.0017264519052729867,
            0.00181908304659531,
            0.0017000140158543236,
            0.0016608740465351563,
            0.0015448850208295893,
            0.0015495703850027132,
            0.0015370571317273808,
            0.0014495743861200061,
            0.0014096170058279312,
            0.0014095475967504404,
            0.0013228646928907734,
            0.0011652446340510666,
            0.0012529113190297267,
            0.0012381842460623448,
            0.0012205143397345034,
            0.0011457147708312534,
            0.0011570807063442149,
            0.0010962599631527375,
            0.0011126425668554402,
            0.0010189060733654578,
            0.0010258804516751969,
            0.000983525875176312,
            0.0009603021063529492,
            0.000868237900592449,
            0.0008163995162049618,
            0.0008683280860946797,
            0.0008038885686707137,
            0.0008472288068157184,
            0.0008027566873732187,
            0.000823482832615434,
            0.0007528958244511007,
            0.0007171163226812572,
            0.0008465183517810973,
            0.0007306943576278841,
            0.0006986400676339421,
            0.0006991732789421515,
            0.0007058446014070321,
            0.0006385852803905322,
            0.0006133191197012846,
            0.0006289242920314926,
            0.0006721925824664557,
            0.0005932981849956066,
            0.0005720858628201797,
            0.0005443223764002713,
            0.0005236005226197354,
            0.0005647721671783477,
            0.0004804902679609016,
            0.0005509827876353564,
            0.00047499076527754544,
            0.0005075600949629884,
            0.0005776892676380198,
            0.00047483763509345323,
            0.0004922693134008156,
            0.0004990518314444218,
            0.0004676247064618816,
            0.0004849047984566847,
            0.00042946894812862836
        ]
    },
    "train_oa": {
        "type": "index_value",
        "index": [
            10,
            20,
            30,
            40,
            50,
            60,
            70,
            80,
            90,
            100
        ],
        "value": [
            95.73826947912183,
            95.79207920792079,
            95.86741282823935,
            95.9535083943177,
            95.9319845027981,
            96.07188979767542,
            95.96427034007749,
            95.84588893671976,
            95.97503228583729,
            96.01808006887646
        ]
    },
    "train_aa": {
        "type": "index_value",
        "index": [
            10,
            20,
            30,
            40,
            50,
            60,
            70,
            80,
            90,
            100
        ],
        "value": [
            97.34110519662235,
            97.28919314507043,
            97.14030179748025,
            97.37635853042033,
            97.38703879698866,
            97.40762867937653,
            97.41143327260043,
            97.06345158744449,
            97.1358793129336,
            97.12479153826341
        ]
    },
    "train_kappa": {
        "type": "index_value",
        "index": [
            10,
            20,
            30,
            40,
            50,
            60,
            70,
            80,
            90,
            100
        ],
        "value": [
            95.09369100631756,
            95.15705895355757,
            95.24464066705916,
            95.34242456244912,
            95.31793540655585,
            95.47761891524911,
            95.35532125627996,
            95.21894421599491,
            95.36730209835856,
            95.4155624908034
        ]
    },
    "param": {
        "data": {
            "data_sign": "Indian",
            "data_file": "Indian_70",
            "diffusion_sign": false,
            "diffusion_data_sign_path_prefix": "/home/cn/codes/spectral_diff_temp/codes/save_feature/indian_unet3d_patch16_without_downsample_kernal5_fix/save_feature",
            "diffusion_data_sign": "t5_2_full.pkl.npy",
            "patch_size": 13,
            "test_ratio": 0.95,
            "batch_size": 64,
            "num_classes": 16,
            "pca": 30,
            "dim_heads": 64,
            "spectral_size": 30
        },
        "net": {
            "trainer": "cross_trainer",
            "net_type": "just_pixel",
            "mlp_head_dim": 64,
            "depth": 2,
            "dim": 64,
            "heads": 20
        },
        "train": {
            "epochs": 100,
            "lr": 0.001,
            "weight_decay": 0,
            "temp": 20
        },
        "uniq_name": "indian_cross_param_use.json_70_2"
    },