{
    "epoch_loss": {
        "type": "index_value",
        "index": [
            1,
            2,
            3,
            4,
            5,
            6,
            7,
            8,
            9,
            10,
            11,
            12,
            13,
            14,
            15,
            16,
            17,
            18,
            19,
            20,
            21,
            22,
            23,
            24,
            25,
            26,
            27,
            28,
            29,
            30,
            31,
            32,
            33,
            34,
            35,
            36,
            37,
            38,
            39,
            40,
            41,
            42,
            43,
            44,
            45,
            46,
            47,
            48,
            49,
            50,
            51,
            52,
            53,
            54,
            55,
            56,
            57,
            58,
            59,
            60,
            61,
            62,
            63,
            64,
            65,
            66,
            67,
            68,
            69,
            70,
            71,
            72,
            73,
            74,
            75,
            76,
            77,
            78,
            79,
            80,
            81,
            82,
            83,
            84,
            85,
            86,
            87,
            88,
            89,
            90,
            91,
            92,
            93,
            94,
            95,
            96,
            97,
            98,
            99,
            100
        ],
        "value": [
            1.8538534902546504,
            1.1901732944462398,
            0.8911943109068152,
            0.6991082348235665,
            0.539132202324802,
            0.41595942557674564,
            0.31965229037689835,
            0.23171633992293109,
            0.18875161670658686,
            0.15145056460001696,
            0.11872623779185831,
            0.11352470149732616,
            0.11333029543700283,
            0.07072892580946831,
            0.07769599863111157,
            0.06412828131897809,
            0.05734115124565281,
            0.04597214609384537,
            0.028460765742275813,
            0.023102950355778,
            0.023030233403591262,
            0.023529264412514152,
            0.020126407021937305,
            0.018194761790641365,
            0.016146346008124417,
            0.020914453451764094,
            0.021234544682992646,
            0.01822785788202939,
            0.023714717222403172,
            0.05084670651448916,
            0.07704537387375962,
            0.032142847368161975,
            0.0396426844678513,
            0.06821741184143171,
            0.032676969744163016,
            0.022990279052763768,
            0.013851367243348735,
            0.012839585797835703,
            0.01313555750944843,
            0.05178898664778226,
            0.04359852650190053,
            0.03211021668290439,
            0.05066765064041909,
            0.022923158354138676,
            0.015929975534138614,
            0.015120861720140667,
            0.011013855979050675,
            0.00714331620360074,
            0.0077821562857660525,
            0.005737536446484801,
            0.005410780186114246,
            0.004027381121525413,
            0.005406596914750256,
            0.003875207832108622,
            0.00473739224651905,
            0.00645346064375688,
            0.004700127733896857,
            0.006678657555212714,
            0.0050193210298272025,
            0.0038292708564294526,
            0.003447954632239799,
            0.0032593825934072065,
            0.003072784397087685,
            0.0041655482571214845,
            0.013536646273242284,
            0.11269409985166706,
            0.05768277955381838,
            0.02053709982651962,
            0.011726167365551403,
            0.005757531980435326,
            0.004226872008549024,
            0.0034671983719892696,
            0.0027727158580689807,
            0.0029025396255597676,
            0.0023997566879612126,
            0.0020953488650999655,
            0.003054214041833192,
            0.002655670735729884,
            0.002609782437602543,
            0.0027066142081397853,
            0.0020537015803362407,
            0.0020134647006857884,
            0.0016797815628145656,
            0.0018940268033375478,
            0.004366490543398955,
            0.002134380434729057,
            0.002048456862772981,
            0.0020073996537862573,
            0.0019790328758424276,
            0.001987566393225977,
            0.002492168701368652,
            0.0018965112402626913,
            0.0015524047417311024,
            0.0015876893311330717,
            0.0016616160968599253,
            0.001476186423320068,
            0.0013179859809883652,
            0.00116805364186429,
            0.0009967426909771684,
            0.0025396843134642463
        ]
    },
    "train_oa": {
        "type": "index_value",
        "index": [
            10,
            20,
            30,
            40,
            50,
            60,
            70,
            80,
            90,
            100
        ],
        "value": [
            93.84376616658045,
            93.78168649767201,
            91.23642007242628,
            93.3264355923435,
            94.3404035178479,
            94.42317640972581,
            93.22296947749612,
            92.8401448525608,
            92.7884117951371,
            93.53336782203829
        ]
    },
    "train_aa": {
        "type": "index_value",
        "index": [
            10,
            20,
            30,
            40,
            50,
            60,
            70,
            80,
            90,
            100
        ],
        "value": [
            96.64669538155181,
            97.00641932718166,
            95.43774765762224,
            96.57911954434391,
            97.09657519881681,
            97.25786316411346,
            96.6703337071696,
            96.53085189224304,
            96.79973793663841,
            96.98857094561416
        ]
    },
    "train_kappa": {
        "type": "index_value",
        "index": [
            10,
            20,
            30,
            40,
            50,
            60,
            70,
            80,
            90,
            100
        ],
        "value": [
            92.97156200004643,
            92.90254385103813,
            90.02255398085988,
            92.38126574949968,
            93.5323786003196,
            93.62666106339255,
            92.26772074076617,
            91.8378877275779,
            91.7897982728181,
            92.62559974742118
        ]
    },
    "param": {
        "data": {
            "data_sign": "Indian",
            "data_file": "Indian_40",
            "diffusion_sign": false,
            "diffusion_data_sign_path_prefix": "/home/cn/codes/spectral_diff_temp/codes/save_feature/indian_unet3d_patch16_without_downsample_kernal5_fix/save_feature",
            "diffusion_data_sign": "t5_2_full.pkl.npy",
            "patch_size": 13,
            "test_ratio": 0.95,
            "batch_size": 64,
            "num_classes": 16,
            "pca": 30,
            "dim_heads": 64,
            "spectral_size": 30
        },
        "net": {
            "trainer": "cross_trainer",
            "net_type": "just_pixel",
            "mlp_head_dim": 64,
            "depth": 2,
            "dim": 64,
            "heads": 20
        },
        "train": {
            "epochs": 100,
            "lr": 0.001,
            "weight_decay": 0,
            "temp": 20
        },
        "uniq_name": "indian_cross_param_use.json_40_4"
    },