{
    "epoch_loss": {
        "type": "index_value",
        "index": [
            1,
            2,
            3,
            4,
            5,
            6,
            7,
            8,
            9,
            10,
            11,
            12,
            13,
            14,
            15,
            16,
            17,
            18,
            19,
            20,
            21,
            22,
            23,
            24,
            25,
            26,
            27,
            28,
            29,
            30,
            31,
            32,
            33,
            34,
            35,
            36,
            37,
            38,
            39,
            40,
            41,
            42,
            43,
            44,
            45,
            46,
            47,
            48,
            49,
            50,
            51,
            52,
            53,
            54,
            55,
            56,
            57,
            58,
            59,
            60,
            61,
            62,
            63,
            64,
            65,
            66,
            67,
            68,
            69,
            70,
            71,
            72,
            73,
            74,
            75,
            76,
            77,
            78,
            79,
            80,
            81,
            82,
            83,
            84,
            85,
            86,
            87,
            88,
            89,
            90,
            91,
            92,
            93,
            94,
            95,
            96,
            97,
            98,
            99,
            100
        ],
        "value": [
            2.4548142910003663,
            1.7078566312789918,
            1.4606651067733765,
            1.2735184192657472,
            1.119956636428833,
            0.9776615858078003,
            0.8634480953216552,
            0.7708934664726257,
            0.6628654718399047,
            0.6198366641998291,
            0.5265688419342041,
            0.44036996364593506,
            0.3845047652721405,
            0.31271472573280334,
            0.28547301292419436,
            0.24040980339050294,
            0.20371983349323272,
            0.17140452861785888,
            0.16203854382038116,
            0.1308213323354721,
            0.12523218989372253,
            0.10626196563243866,
            0.09151089936494827,
            0.08548801243305207,
            0.07620207816362382,
            0.07209395617246628,
            0.06319510638713836,
            0.06632501929998398,
            0.052656035870313644,
            0.047961468994617465,
            0.048008131235837935,
            0.04984219148755074,
            0.043287013471126554,
            0.04103585034608841,
            0.03342346027493477,
            0.033709102869033815,
            0.03220230937004089,
            0.031912250071763994,
            0.0288896806538105,
            0.030150607973337174,
            0.02806715965270996,
            0.02831755168735981,
            0.023656273260712624,
            0.02413511984050274,
            0.02410912960767746,
            0.023327607661485672,
            0.021043498441576956,
            0.021988996118307114,
            0.020431569218635558,
            0.020615505054593086,
            0.02023921012878418,
            0.01877935081720352,
            0.02085575684905052,
            0.017178530618548394,
            0.01639288105070591,
            0.01745799295604229,
            0.016301897168159486,
            0.015525704622268677,
            0.013727087900042534,
            0.01565552279353142,
            0.013900812715291977,
            0.015221953019499778,
            0.012644893303513528,
            0.01345391757786274,
            0.012640567310154439,
            0.01127944402396679,
            0.012087443470954895,
            0.011776565574109554,
            0.011529815196990967,
            0.01047201845794916,
            0.01074068881571293,
            0.010672308132052421,
            0.010451828129589558,
            0.010367176681756973,
            0.011459687910974025,
            0.0101517079398036,
            0.009158189035952091,
            0.010045722126960754,
            0.009390595369040966,
            0.008725622482597829,
            0.008310599997639657,
            0.008779738377779723,
            0.007567604444921017,
            0.008657578751444817,
            0.007723309099674225,
            0.007982107810676098,
            0.008224968239665032,
            0.007703753374516964,
            0.008010399341583253,
            0.007136437855660915,
            0.007207876909524203,
            0.006992209888994694,
            0.007125397212803364,
            0.007612009532749653,
            0.005766751151531935,
            0.00746537558734417,
            0.00575790237635374,
            0.006413589604198933,
            0.006823677755892277,
            0.006146847270429134
        ]
    },
    "train_oa": {
        "type": "index_value",
        "index": [
            10,
            20,
            30,
            40,
            50,
            60,
            70,
            80,
            90,
            100
        ],
        "value": [
            80.18634156011498,
            81.6631975418773,
            82.11913965705223,
            82.57508177222718,
            82.62464069778967,
            82.3371989295272,
            82.23808107840223,
            82.12905144216474,
            82.19843393795222,
            82.78322925958965
        ]
    },
    "train_aa": {
        "type": "index_value",
        "index": [
            10,
            20,
            30,
            40,
            50,
            60,
            70,
            80,
            90,
            100
        ],
        "value": [
            89.69041911981219,
            91.52461933980982,
            91.58554872086424,
            91.62267717635378,
            91.60009891751609,
            91.6729734106908,
            91.43937266064152,
            91.62087838457195,
            91.42869245189502,
            91.66375582465933
        ]
    },
    "train_kappa": {
        "type": "index_value",
        "index": [
            10,
            20,
            30,
            40,
            50,
            60,
            70,
            80,
            90,
            100
        ],
        "value": [
            77.71878874965329,
            79.44259973241066,
            79.94056018484628,
            80.43590634651116,
            80.47601302332356,
            80.18126801228345,
            80.05551563236253,
            79.95527220328019,
            80.01363496562162,
            80.6534610067495
        ]
    },
    "param": {
        "data": {
            "data_sign": "Indian",
            "data_file": "Indian_10",
            "diffusion_sign": false,
            "diffusion_data_sign_path_prefix": "/home/cn/codes/spectral_diff_temp/codes/save_feature/indian_unet3d_patch16_without_downsample_kernal5_fix/save_feature",
            "diffusion_data_sign": "t5_2_full.pkl.npy",
            "patch_size": 13,
            "test_ratio": 0.95,
            "batch_size": 64,
            "num_classes": 16,
            "pca": 30,
            "dim_heads": 64,
            "spectral_size": 30
        },
        "net": {
            "trainer": "cross_trainer",
            "net_type": "just_pixel",
            "mlp_head_dim": 64,
            "depth": 2,
            "dim": 64,
            "heads": 20
        },
        "train": {
            "epochs": 100,
            "lr": 0.001,
            "weight_decay": 0,
            "temp": 20
        },
        "uniq_name": "indian_cross_param_use.json_10_2"
    },