{
    "epoch_loss": {
        "type": "index_value",
        "index": [
            1,
            2,
            3,
            4,
            5,
            6,
            7,
            8,
            9,
            10,
            11,
            12,
            13,
            14,
            15,
            16,
            17,
            18,
            19,
            20,
            21,
            22,
            23,
            24,
            25,
            26,
            27,
            28,
            29,
            30,
            31,
            32,
            33,
            34,
            35,
            36,
            37,
            38,
            39,
            40,
            41,
            42,
            43,
            44,
            45,
            46,
            47,
            48,
            49,
            50,
            51,
            52,
            53,
            54,
            55,
            56,
            57,
            58,
            59,
            60,
            61,
            62,
            63,
            64,
            65,
            66,
            67,
            68,
            69,
            70,
            71,
            72,
            73,
            74,
            75,
            76,
            77,
            78,
            79,
            80,
            81,
            82,
            83,
            84,
            85,
            86,
            87,
            88,
            89,
            90,
            91,
            92,
            93,
            94,
            95,
            96,
            97,
            98,
            99,
            100
        ],
        "value": [
            2.1774037845673098,
            1.4334183523731847,
            1.1617910777368854,
            0.9284549909253275,
            0.7472290015989734,
            0.6164836291343935,
            0.4992175327193352,
            0.4200978450236782,
            0.3361179897862096,
            0.27599644737858925,
            0.2228749482862411,
            0.18267439219259446,
            0.15732391813108998,
            0.12094848545328263,
            0.1137812755761608,
            0.08587618782635659,
            0.07595466779124352,
            0.058338247648169916,
            0.0573326580707104,
            0.0499448811815631,
            0.045013024489725786,
            0.037498221714650434,
            0.03572872175324348,
            0.03432401166327538,
            0.028368783417728638,
            0.02550271010446933,
            0.02534453378569695,
            0.02345566085029033,
            0.02372866449577193,
            0.019597484628039022,
            0.01812524164636289,
            0.017717248081199583,
            0.0173335189901052,
            0.015385077893733978,
            0.015736075791139757,
            0.014832008978532207,
            0.015938013491611325,
            0.012936827870866944,
            0.012519327148554787,
            0.014101708728459573,
            0.010590742474361774,
            0.011257857138351087,
            0.011692431917594325,
            0.011603717523957453,
            0.009966759020162206,
            0.009954130283046153,
            0.010883233299659144,
            0.009807174256251704,
            0.008410874396682746,
            0.009061096145981742,
            0.00827697329223156,
            0.007874940167511663,
            0.008325775015738703,
            0.007350155404738841,
            0.007243314484554913,
            0.007180917818820284,
            0.006996267216820871,
            0.006053649441849801,
            0.006367122057464815,
            0.006296206800447356,
            0.006540966935215458,
            0.006579613042694907,
            0.005582468614222542,
            0.006080180208288854,
            0.005923303568194951,
            0.005625989095818612,
            0.00645583399962033,
            0.005598693602387943,
            0.005960670801540537,
            0.005221787377470924,
            0.004719947651028633,
            0.005139009774692597,
            0.004441017720607981,
            0.0042304527585304555,
            0.0041942618546947355,
            0.0048615311542826315,
            0.004703665942314171,
            0.004315590128422745,
            0.0041245253876813,
            0.004123257635341536,
            0.0041647618215891625,
            0.003863918988574897,
            0.0039134877012862316,
            0.0036557991628444965,
            0.003311000720808102,
            0.0035720849289528787,
            0.0033581982141420727,
            0.0034443405426798327,
            0.0031605354660461027,
            0.0037063671801719936,
            0.0032755680412294404,
            0.0032694237532034038,
            0.00332704390128774,
            0.0029412979605577647,
            0.002778989234338364,
            0.0031828307621781867,
            0.002837557856354021,
            0.0027619198805862856,
            0.0025370912551279027,
            0.0026679726527823557
        ]
    },
    "train_oa": {
        "type": "index_value",
        "index": [
            10,
            20,
            30,
            40,
            50,
            60,
            70,
            80,
            90,
            100
        ],
        "value": [
            86.47751282825233,
            87.78549149813864,
            88.18794647348828,
            88.42941945869805,
            88.2684374685582,
            87.97665761142972,
            87.84585974444109,
            88.16782372472079,
            87.95653486266224,
            88.14770097595331
        ]
    },
    "train_aa": {
        "type": "index_value",
        "index": [
            10,
            20,
            30,
            40,
            50,
            60,
            70,
            80,
            90,
            100
        ],
        "value": [
            92.64867986647529,
            93.18833125335246,
            93.41600142914331,
            93.46867877882133,
            93.36849876566504,
            93.36118320663891,
            93.2678332873827,
            93.36466907143091,
            93.33685820266165,
            93.39844999645014
        ]
    },
    "train_kappa": {
        "type": "index_value",
        "index": [
            10,
            20,
            30,
            40,
            50,
            60,
            70,
            80,
            90,
            100
        ],
        "value": [
            84.66774434611123,
            86.1368204514088,
            86.59149233511606,
            86.86322225871503,
            86.68342106391074,
            86.36160936639229,
            86.2155847192189,
            86.5726500755639,
            86.3434852873486,
            86.5529784630668
        ]
    },
    "param": {
        "data": {
            "data_sign": "Indian",
            "data_file": "Indian_20",
            "diffusion_sign": false,
            "diffusion_data_sign_path_prefix": "/home/cn/codes/spectral_diff_temp/codes/save_feature/indian_unet3d_patch16_without_downsample_kernal5_fix/save_feature",
            "diffusion_data_sign": "t5_2_full.pkl.npy",
            "patch_size": 13,
            "test_ratio": 0.95,
            "batch_size": 64,
            "num_classes": 16,
            "pca": 30,
            "dim_heads": 64,
            "spectral_size": 30
        },
        "net": {
            "trainer": "cross_trainer",
            "net_type": "just_pixel",
            "mlp_head_dim": 64,
            "depth": 2,
            "dim": 64,
            "heads": 20
        },
        "train": {
            "epochs": 100,
            "lr": 0.001,
            "weight_decay": 0,
            "temp": 20
        },
        "uniq_name": "indian_cross_param_use.json_20_0"
    },