{
    "epoch_loss": {
        "type": "index_value",
        "index": [
            1,
            2,
            3,
            4,
            5,
            6,
            7,
            8,
            9,
            10,
            11,
            12,
            13,
            14,
            15,
            16,
            17,
            18,
            19,
            20,
            21,
            22,
            23,
            24,
            25,
            26,
            27,
            28,
            29,
            30,
            31,
            32,
            33,
            34,
            35,
            36,
            37,
            38,
            39,
            40,
            41,
            42,
            43,
            44,
            45,
            46,
            47,
            48,
            49,
            50,
            51,
            52,
            53,
            54,
            55,
            56,
            57,
            58,
            59,
            60,
            61,
            62,
            63,
            64,
            65,
            66,
            67,
            68,
            69,
            70,
            71,
            72,
            73,
            74,
            75,
            76,
            77,
            78,
            79,
            80,
            81,
            82,
            83,
            84,
            85,
            86,
            87,
            88,
            89,
            90,
            91,
            92,
            93,
            94,
            95,
            96,
            97,
            98,
            99,
            100
        ],
        "value": [
            1.7861180485111394,
            1.107954591104429,
            0.8329990873598072,
            0.6204733587291142,
            0.5040591971514976,
            0.39760442629252396,
            0.32000583246962666,
            0.28110613071755186,
            0.22848187754415486,
            0.17503422825303797,
            0.16890620287150554,
            0.1431311801688312,
            0.11063773756566113,
            0.08287662063559441,
            0.06707920368811855,
            0.04356562948390229,
            0.037443673569862154,
            0.038863209828938525,
            0.032832526180842155,
            0.0292682544111389,
            0.027578467707315535,
            0.022793143579404648,
            0.01995113890056741,
            0.04111052498425523,
            0.04388320384776755,
            0.03237415768512308,
            0.028006641730053784,
            0.0386748928321551,
            0.02807319021388276,
            0.020188352986149592,
            0.018366115346346815,
            0.027052226285003637,
            0.01694422419348808,
            0.0331114335623506,
            0.02820761466067131,
            0.021332885712793428,
            0.01626756812815797,
            0.03011051427623997,
            0.06438520127167441,
            0.036504320392053424,
            0.02094832580689698,
            0.012962422550541081,
            0.009408202940878803,
            0.008583647696530982,
            0.04188727878340303,
            0.02175911191901932,
            0.014632316944125581,
            0.008354993460521307,
            0.010340584875786141,
            0.013707822724564434,
            0.04568272186060474,
            0.045101965943427934,
            0.017200287380447127,
            0.016998874712480256,
            0.015279894822264372,
            0.015490227264084229,
            0.007046446740014913,
            0.005886520692848996,
            0.004341997129664029,
            0.0038867064892020944,
            0.0043408051898626435,
            0.004532099586643585,
            0.004245236873218458,
            0.00506591939762847,
            0.019061243646357157,
            0.02578649986280154,
            0.015502693922552343,
            0.0077452083973035424,
            0.006080199058537614,
            0.007510842296154532,
            0.009829057584682556,
            0.005594341467096381,
            0.010087974624682779,
            0.009281575309801591,
            0.008821765241557604,
            0.004248692079970281,
            0.007307832039994736,
            0.02432001923045067,
            0.011496033621569202,
            0.007425485944298849,
            0.007566242670155552,
            0.003579883466232313,
            0.003999736453470302,
            0.004118105881426432,
            0.010483509860932827,
            0.012432607145954485,
            0.007391710931511774,
            0.0058289278387921315,
            0.005170942118314848,
            0.003949335253197853,
            0.0023324293888186756,
            0.0029655380672073527,
            0.00505649210400369,
            0.004316357130261316,
            0.008243667191430314,
            0.0066196718061827635,
            0.0035329489547708264,
            0.002412246999471155,
            0.002292833418572602,
            0.0016480922214176558
        ]
    },
    "train_oa": {
        "type": "index_value",
        "index": [
            10,
            20,
            30,
            40,
            50,
            60,
            70,
            80,
            90,
            100
        ],
        "value": [
            92.57113295395757,
            92.95395757889291,
            92.61251939989653,
            93.12984997413348,
            92.92291774443869,
            92.871184687015,
            89.90170719089498,
            90.63631660631142,
            93.29539575788928,
            92.5504397309881
        ]
    },
    "train_aa": {
        "type": "index_value",
        "index": [
            10,
            20,
            30,
            40,
            50,
            60,
            70,
            80,
            90,
            100
        ],
        "value": [
            94.75490464378426,
            96.61274549048828,
            96.33587709695618,
            95.38661850589007,
            95.77586010872896,
            96.21888121428763,
            94.58639646819391,
            94.79964991906043,
            96.62246835074164,
            95.98057028965108
        ]
    },
    "train_kappa": {
        "type": "index_value",
        "index": [
            10,
            20,
            30,
            40,
            50,
            60,
            70,
            80,
            90,
            100
        ],
        "value": [
            91.50017756064366,
            91.95654642214603,
            91.57676385419424,
            92.13034986353166,
            91.87515000903387,
            91.8582689568809,
            88.51228442357376,
            89.3366709761747,
            92.33649376957428,
            91.49654356760347
        ]
    },
    "param": {
        "data": {
            "data_sign": "Indian",
            "data_file": "Indian_40",
            "diffusion_sign": false,
            "diffusion_data_sign_path_prefix": "/home/cn/codes/spectral_diff_temp/codes/save_feature/indian_unet3d_patch16_without_downsample_kernal5_fix/save_feature",
            "diffusion_data_sign": "t5_2_full.pkl.npy",
            "patch_size": 13,
            "test_ratio": 0.95,
            "batch_size": 64,
            "num_classes": 16,
            "pca": 30,
            "dim_heads": 64,
            "spectral_size": 30
        },
        "net": {
            "trainer": "cross_trainer",
            "net_type": "just_pixel",
            "mlp_head_dim": 64,
            "depth": 2,
            "dim": 64,
            "heads": 20
        },
        "train": {
            "epochs": 100,
            "lr": 0.001,
            "weight_decay": 0,
            "temp": 20
        },
        "uniq_name": "indian_cross_param_use.json_40_0"
    },