{
    "epoch_loss": {
        "type": "index_value",
        "index": [
            1,
            2,
            3,
            4,
            5,
            6,
            7,
            8,
            9,
            10,
            11,
            12,
            13,
            14,
            15,
            16,
            17,
            18,
            19,
            20,
            21,
            22,
            23,
            24,
            25,
            26,
            27,
            28,
            29,
            30,
            31,
            32,
            33,
            34,
            35,
            36,
            37,
            38,
            39,
            40,
            41,
            42,
            43,
            44,
            45,
            46,
            47,
            48,
            49,
            50,
            51,
            52,
            53,
            54,
            55,
            56,
            57,
            58,
            59,
            60,
            61,
            62,
            63,
            64,
            65,
            66,
            67,
            68,
            69,
            70,
            71,
            72,
            73,
            74,
            75,
            76,
            77,
            78,
            79,
            80,
            81,
            82,
            83,
            84,
            85,
            86,
            87,
            88,
            89,
            90,
            91,
            92,
            93,
            94,
            95,
            96,
            97,
            98,
            99,
            100
        ],
        "value": [
            1.5268012362000256,
            0.7736432270490476,
            0.4721518873400719,
            0.3092700826979166,
            0.2207742528210239,
            0.13293894189097186,
            0.08974078941572776,
            0.071868127690013,
            0.05217373252202857,
            0.03472167474030077,
            0.025771360138384925,
            0.017382328435367363,
            0.015305133577583575,
            0.011944979358132048,
            0.009539625457493997,
            0.009259266909914436,
            0.008034053837782818,
            0.007106100823798773,
            0.0064767562037140215,
            0.005998215692078398,
            0.005682172596012521,
            0.004996831056755293,
            0.004394954156555516,
            0.004512328295964189,
            0.004114133304990862,
            0.004264782501166993,
            0.0034635193378637994,
            0.003126455008471256,
            0.0033647024022156534,
            0.003039070952121638,
            0.0030527516707723142,
            0.002705549324109547,
            0.0026523292183759516,
            0.0024115327681845746,
            0.002375644807966825,
            0.0021191392322657794,
            0.001955443425699486,
            0.0020235305425617585,
            0.0018599482442542786,
            0.0017791485693220053,
            0.0016380090613677249,
            0.001683429937395023,
            0.0015890589306257808,
            0.0015747557965466255,
            0.0016556246864387514,
            0.0014350179187857513,
            0.001419807740456314,
            0.0012944597395765831,
            0.0014108420873794228,
            0.0012161873127637978,
            0.0011502547354952338,
            0.0012258959101108626,
            0.0010619259099051933,
            0.0010720307555558586,
            0.0010482931197209674,
            0.001090631906046826,
            0.0009603561621340097,
            0.0010320878502627512,
            0.0009396813372698405,
            0.0009054831712589819,
            0.000956797498734985,
            0.0009015108116091895,
            0.0008132397783547469,
            0.0007788479672903375,
            0.0008327188133069322,
            0.0007643218904801344,
            0.000754317136409863,
            0.0007530314679255001,
            0.0006986433040267568,
            0.0006931106429915488,
            0.0006437846382873402,
            0.0006255918344578739,
            0.0006578293436321686,
            0.0006646479095701597,
            0.0005728708708225283,
            0.000599711246637708,
            0.0006646608171055801,
            0.0006002469391843926,
            0.0005566908056563299,
            0.0005160683590688305,
            0.0005276478147089203,
            0.0005685449712811228,
            0.0004989102366808784,
            0.0005087832321148116,
            0.00046712945804120706,
            0.00046461898491978335,
            0.00043336910103223257,
            0.0004046995175844735,
            0.0004666330632428093,
            0.0004294280858062252,
            0.00041506532563595743,
            0.0004306144284863255,
            0.0003955965259413577,
            0.00036947849252571375,
            0.0004002580092748646,
            0.00038560418930014365,
            0.0003875388144605417,
            0.0003370531807512665,
            0.00034632125930760395,
            0.00032599977502601927
        ]
    },
    "train_oa": {
        "type": "index_value",
        "index": [
            10,
            20,
            30,
            40,
            50,
            60,
            70,
            80,
            90,
            100
        ],
        "value": [
            95.65597031215893,
            96.5073128137961,
            96.57280069853743,
            96.49639816633922,
            96.54005675616678,
            96.47456887142545,
            96.55097140362366,
            96.46365422396856,
            96.47456887142545,
            96.46365422396856
        ]
    },
    "train_aa": {
        "type": "index_value",
        "index": [
            10,
            20,
            30,
            40,
            50,
            60,
            70,
            80,
            90,
            100
        ],
        "value": [
            97.64931590161619,
            98.41813761779711,
            98.51230417479451,
            98.45064204257548,
            98.46371760177345,
            98.4516594350634,
            98.45789528147698,
            98.40960268602387,
            98.42564027807248,
            98.39968755038097
        ]
    },
    "train_kappa": {
        "type": "index_value",
        "index": [
            10,
            20,
            30,
            40,
            50,
            60,
            70,
            80,
            90,
            100
        ],
        "value": [
            95.00069536925753,
            95.97455405867554,
            96.0509655543976,
            95.9640213262011,
            96.01340376266853,
            95.93864781202801,
            96.02597323020528,
            95.92596432340802,
            95.93819411278439,
            95.92490852045013
        ]
    },
    "param": {
        "data": {
            "data_sign": "Indian",
            "data_file": "Indian_80",
            "diffusion_sign": false,
            "diffusion_data_sign_path_prefix": "/home/cn/codes/spectral_diff_temp/codes/save_feature/indian_unet3d_patch16_without_downsample_kernal5_fix/save_feature",
            "diffusion_data_sign": "t5_2_full.pkl.npy",
            "patch_size": 13,
            "test_ratio": 0.95,
            "batch_size": 64,
            "num_classes": 16,
            "pca": 30,
            "dim_heads": 64,
            "spectral_size": 30
        },
        "net": {
            "trainer": "cross_trainer",
            "net_type": "just_pixel",
            "mlp_head_dim": 64,
            "depth": 2,
            "dim": 64,
            "heads": 20
        },
        "train": {
            "epochs": 100,
            "lr": 0.001,
            "weight_decay": 0,
            "temp": 20
        },
        "uniq_name": "indian_cross_param_use.json_80_0"
    },