{
    "epoch_loss": {
        "type": "index_value",
        "index": [
            1,
            2,
            3,
            4,
            5,
            6,
            7,
            8,
            9,
            10,
            11,
            12,
            13,
            14,
            15,
            16,
            17,
            18,
            19,
            20,
            21,
            22,
            23,
            24,
            25,
            26,
            27,
            28,
            29,
            30,
            31,
            32,
            33,
            34,
            35,
            36,
            37,
            38,
            39,
            40,
            41,
            42,
            43,
            44,
            45,
            46,
            47,
            48,
            49,
            50,
            51,
            52,
            53,
            54,
            55,
            56,
            57,
            58,
            59,
            60,
            61,
            62,
            63,
            64,
            65,
            66,
            67,
            68,
            69,
            70,
            71,
            72,
            73,
            74,
            75,
            76,
            77,
            78,
            79,
            80,
            81,
            82,
            83,
            84,
            85,
            86,
            87,
            88,
            89,
            90,
            91,
            92,
            93,
            94,
            95,
            96,
            97,
            98,
            99,
            100
        ],
        "value": [
            1.5317708094841642,
            0.8037969799028588,
            0.5164825864746249,
            0.338814587963757,
            0.2176272940257326,
            0.13486374390980688,
            0.09578862227670841,
            0.06944596036075998,
            0.05557974086939027,
            0.04267461965993225,
            0.030428997346344844,
            0.021899929028535613,
            0.019240498097258744,
            0.012834064423414195,
            0.01019012848670974,
            0.008753947010597946,
            0.007867379885992822,
            0.0068908254251829944,
            0.0065121718411605455,
            0.005826647266601628,
            0.005638882318184314,
            0.00522276512094411,
            0.00471365135103094,
            0.004597838009727336,
            0.003898984812141808,
            0.0036333535057633923,
            0.0031897435900810917,
            0.003256189697717677,
            0.0029428730334952924,
            0.003111429342001046,
            0.002944542487257305,
            0.0028296810011066696,
            0.0025382532062147778,
            0.002434179448996428,
            0.0021781110057603865,
            0.0019847753400106427,
            0.002006017172875323,
            0.0019411754926363317,
            0.0018542334867903505,
            0.0020591540120948166,
            0.0018320096429204353,
            0.0018826297392448362,
            0.0016232784185258684,
            0.0015907745582172382,
            0.0014680972133901077,
            0.0015784183743289006,
            0.0013500119597165269,
            0.0013597087356070846,
            0.0012172664021524809,
            0.0012172399041188921,
            0.0013672242187633562,
            0.0011057199196154877,
            0.0011335455030913996,
            0.0009990768476493019,
            0.00105528684166751,
            0.0010789445063344304,
            0.001138006184586832,
            0.0009563359849711001,
            0.0008999467203534947,
            0.0008974458920326437,
            0.0007729674199499231,
            0.0008375619524419856,
            0.0008385345546366765,
            0.0007675565390336981,
            0.0008364925898907993,
            0.0007226245038480376,
            0.0007577860946278666,
            0.0006643075353732434,
            0.000710768480986535,
            0.0006860662261885184,
            0.000660270119264547,
            0.000654920447211226,
            0.0006367654029644937,
            0.0005981107443749302,
            0.0005777028437254894,
            0.0006510519501628918,
            0.0005589207138092083,
            0.0005831785724473057,
            0.0005463205401403546,
            0.0004964164008297328,
            0.000551359633812955,
            0.0005492015486390766,
            0.0004330075634776237,
            0.00048077847504334587,
            0.0005155687903464457,
            0.000462886448725741,
            0.0004490059881840371,
            0.0005120446078377333,
            0.0003989180280092723,
            0.0004496917221952219,
            0.00045149719831812183,
            0.0003936294416295966,
            0.000424545347281897,
            0.00039685765861147176,
            0.00041017784725698165,
            0.00035392218520552117,
            0.00037544097194149094,
            0.0003600748611252974,
            0.00037524934702042213,
            0.0003589012263770701
        ]
    },
    "train_oa": {
        "type": "index_value",
        "index": [
            10,
            20,
            30,
            40,
            50,
            60,
            70,
            80,
            90,
            100
        ],
        "value": [
            96.29993451211526,
            96.47456887142545,
            96.55097140362366,
            96.37633704431346,
            96.37633704431346,
            96.37633704431346,
            96.33267845448592,
            96.3545077493997,
            96.31084915957214,
            96.41999563414102
        ]
    },
    "train_aa": {
        "type": "index_value",
        "index": [
            10,
            20,
            30,
            40,
            50,
            60,
            70,
            80,
            90,
            100
        ],
        "value": [
            95.92247026269158,
            98.3380780996226,
            98.3974988181771,
            98.3395780916007,
            98.3438852765935,
            98.30199277710355,
            98.35698970604928,
            98.31670424079435,
            98.32101539489611,
            98.36886389908895
        ]
    },
    "train_kappa": {
        "type": "index_value",
        "index": [
            10,
            20,
            30,
            40,
            50,
            60,
            70,
            80,
            90,
            100
        ],
        "value": [
            95.7349250474993,
            95.936857343495,
            96.02480445394485,
            95.82455156006559,
            95.82471908878524,
            95.8238298235613,
            95.77506906854458,
            95.7997506539976,
            95.75033109409232,
            95.87507299452072
        ]
    },
    "param": {
        "data": {
            "data_sign": "Indian",
            "data_file": "Indian_80",
            "diffusion_sign": false,
            "diffusion_data_sign_path_prefix": "/home/cn/codes/spectral_diff_temp/codes/save_feature/indian_unet3d_patch16_without_downsample_kernal5_fix/save_feature",
            "diffusion_data_sign": "t5_2_full.pkl.npy",
            "patch_size": 13,
            "test_ratio": 0.95,
            "batch_size": 64,
            "num_classes": 16,
            "pca": 30,
            "dim_heads": 64,
            "spectral_size": 30
        },
        "net": {
            "trainer": "cross_trainer",
            "net_type": "just_pixel",
            "mlp_head_dim": 64,
            "depth": 2,
            "dim": 64,
            "heads": 20
        },
        "train": {
            "epochs": 100,
            "lr": 0.001,
            "weight_decay": 0,
            "temp": 20
        },
        "uniq_name": "indian_cross_param_use.json_80_1"
    },