{
    "epoch_loss": {
        "type": "index_value",
        "index": [
            1,
            2,
            3,
            4,
            5,
            6,
            7,
            8,
            9,
            10,
            11,
            12,
            13,
            14,
            15,
            16,
            17,
            18,
            19,
            20,
            21,
            22,
            23,
            24,
            25,
            26,
            27,
            28,
            29,
            30,
            31,
            32,
            33,
            34,
            35,
            36,
            37,
            38,
            39,
            40,
            41,
            42,
            43,
            44,
            45,
            46,
            47,
            48,
            49,
            50,
            51,
            52,
            53,
            54,
            55,
            56,
            57,
            58,
            59,
            60,
            61,
            62,
            63,
            64,
            65,
            66,
            67,
            68,
            69,
            70,
            71,
            72,
            73,
            74,
            75,
            76,
            77,
            78,
            79,
            80,
            81,
            82,
            83,
            84,
            85,
            86,
            87,
            88,
            89,
            90,
            91,
            92,
            93,
            94,
            95,
            96,
            97,
            98,
            99,
            100
        ],
        "value": [
            2.5857198238372803,
            1.8290319919586182,
            1.560460901260376,
            1.3575322866439818,
            1.1785547971725463,
            1.0416205644607544,
            0.9079530596733093,
            0.820683765411377,
            0.7186601042747498,
            0.6477759838104248,
            0.5538715958595276,
            0.4890777826309204,
            0.4260918140411377,
            0.3789189398288727,
            0.3245267152786255,
            0.2822598576545715,
            0.2417417734861374,
            0.22525046467781068,
            0.18500421643257142,
            0.17811965346336364,
            0.13899711072444915,
            0.13383241593837739,
            0.1126751333475113,
            0.09971930980682372,
            0.08779005706310272,
            0.0779275968670845,
            0.07411763221025466,
            0.06762891262769699,
            0.062442123889923096,
            0.05752128511667252,
            0.05301290228962898,
            0.04475533217191696,
            0.043300376087427137,
            0.04100357592105865,
            0.03996579647064209,
            0.03880991339683533,
            0.03355547785758972,
            0.03320165649056435,
            0.03063676878809929,
            0.03209005147218704,
            0.030102455615997316,
            0.03088202103972435,
            0.025170380249619484,
            0.024770672619342803,
            0.023472030088305472,
            0.02506926655769348,
            0.024329212307929993,
            0.023271646350622177,
            0.022622328624129294,
            0.020281655341386796,
            0.02000015862286091,
            0.018908780068159103,
            0.020637806877493857,
            0.021099727228283884,
            0.018512020260095595,
            0.01732957884669304,
            0.01830384470522404,
            0.017139727249741554,
            0.016128086484968662,
            0.015722647495567798,
            0.016051698848605155,
            0.013241434842348099,
            0.014159183949232101,
            0.012577716074883939,
            0.013666734844446183,
            0.012026689574122429,
            0.01298000980168581,
            0.011734815314412117,
            0.012219279631972313,
            0.013445868343114852,
            0.012303071841597558,
            0.012215286493301392,
            0.011708783358335495,
            0.011281063966453075,
            0.011725158244371415,
            0.010279895924031734,
            0.010252487659454346,
            0.010272389650344849,
            0.010418839566409589,
            0.01103735864162445,
            0.008466084301471711,
            0.008788585476577283,
            0.009388573095202446,
            0.009850331209599971,
            0.009659484773874284,
            0.00895437803119421,
            0.008060596697032452,
            0.007640618737787009,
            0.00760690588504076,
            0.007578860595822334,
            0.008284486457705497,
            0.0076504632830619815,
            0.007848137430846691,
            0.007902306132018566,
            0.007124875392764807,
            0.007032313197851181,
            0.007860024087131023,
            0.006780862249433995,
            0.006879599578678608,
            0.006054367404431105
        ]
    },
    "train_oa": {
        "type": "index_value",
        "index": [
            10,
            20,
            30,
            40,
            50,
            60,
            70,
            80,
            90,
            100
        ],
        "value": [
            79.44295767667757,
            82.45614035087719,
            82.46605213598968,
            82.17861036772722,
            81.5938150460898,
            82.56516998711469,
            82.69402319357717,
            83.34820101100208,
            82.99137674695213,
            82.47596392110219
        ]
    },
    "train_aa": {
        "type": "index_value",
        "index": [
            10,
            20,
            30,
            40,
            50,
            60,
            70,
            80,
            90,
            100
        ],
        "value": [
            88.48828795527857,
            90.90829991411256,
            91.20363815323783,
            91.14595009908761,
            90.95818084134413,
            91.18543367398371,
            91.28066918842663,
            91.47651792640868,
            91.3239327738751,
            91.17530291524841
        ]
    },
    "train_kappa": {
        "type": "index_value",
        "index": [
            10,
            20,
            30,
            40,
            50,
            60,
            70,
            80,
            90,
            100
        ],
        "value": [
            76.90657463459353,
            80.29826006595037,
            80.31719620044701,
            80.01603628519364,
            79.38364885831261,
            80.43613820565005,
            80.57739323309904,
            81.29077546743892,
            80.89514845786641,
            80.34221698740133
        ]
    },
    "param": {
        "data": {
            "data_sign": "Indian",
            "data_file": "Indian_10",
            "diffusion_sign": false,
            "diffusion_data_sign_path_prefix": "/home/cn/codes/spectral_diff_temp/codes/save_feature/indian_unet3d_patch16_without_downsample_kernal5_fix/save_feature",
            "diffusion_data_sign": "t5_2_full.pkl.npy",
            "patch_size": 13,
            "test_ratio": 0.95,
            "batch_size": 64,
            "num_classes": 16,
            "pca": 30,
            "dim_heads": 64,
            "spectral_size": 30
        },
        "net": {
            "trainer": "cross_trainer",
            "net_type": "just_pixel",
            "mlp_head_dim": 64,
            "depth": 2,
            "dim": 64,
            "heads": 20
        },
        "train": {
            "epochs": 100,
            "lr": 0.001,
            "weight_decay": 0,
            "temp": 20
        },
        "uniq_name": "indian_cross_param_use.json_10_1"
    },