{
    "epoch_loss": {
        "type": "index_value",
        "index": [
            1,
            2,
            3,
            4,
            5,
            6,
            7,
            8,
            9,
            10,
            11,
            12,
            13,
            14,
            15,
            16,
            17,
            18,
            19,
            20,
            21,
            22,
            23,
            24,
            25,
            26,
            27,
            28,
            29,
            30,
            31,
            32,
            33,
            34,
            35,
            36,
            37,
            38,
            39,
            40,
            41,
            42,
            43,
            44,
            45,
            46,
            47,
            48,
            49,
            50,
            51,
            52,
            53,
            54,
            55,
            56,
            57,
            58,
            59,
            60,
            61,
            62,
            63,
            64,
            65,
            66,
            67,
            68,
            69,
            70,
            71,
            72,
            73,
            74,
            75,
            76,
            77,
            78,
            79,
            80,
            81,
            82,
            83,
            84,
            85,
            86,
            87,
            88,
            89,
            90,
            91,
            92,
            93,
            94,
            95,
            96,
            97,
            98,
            99,
            100
        ],
        "value": [
            1.8890172515059134,
            1.1484043789730867,
            0.783648612338467,
            0.5424861829284274,
            0.38212497949258156,
            0.26952048687202856,
            0.20258951120858898,
            0.15388414595099742,
            0.11606631566966795,
            0.0837148904394214,
            0.06362791156858591,
            0.04670069090369955,
            0.03566120545696494,
            0.03454578240299157,
            0.02787083789300029,
            0.02512615488593599,
            0.019164537276051823,
            0.0172749317573167,
            0.013731159818982718,
            0.012193921155735872,
            0.01173042678614942,
            0.011312100064902,
            0.010012487667095627,
            0.008679876768082337,
            0.008403953516233173,
            0.00797517166754907,
            0.007013944691846113,
            0.006954072374006041,
            0.006189067220018703,
            0.005826669309550156,
            0.00553123877614929,
            0.005910437468605028,
            0.005012593449893778,
            0.004870585204667306,
            0.004833295031409267,
            0.004642352267399623,
            0.004221394665771761,
            0.004238966005283756,
            0.0043146324262471935,
            0.003693570585325467,
            0.0038046091407473322,
            0.003548638140876247,
            0.003478309983411641,
            0.0028089321368083976,
            0.0036086861272656505,
            0.0030084955442557845,
            0.003033037524579502,
            0.002810354188546923,
            0.002895356225413691,
            0.0026390298748712243,
            0.0026868434280151745,
            0.002544552966661035,
            0.0023217848525482793,
            0.0022640033321751755,
            0.0022577403548843036,
            0.002439170750459306,
            0.002180931938029131,
            0.0018395741197575882,
            0.0018880623325951387,
            0.0017809653843431019,
            0.0017927932817558391,
            0.0018332003012173936,
            0.0018450126624459046,
            0.0016178069024919994,
            0.0017019469859519468,
            0.0016678100975612486,
            0.0015443276959355157,
            0.001516157489135017,
            0.0013590632953548768,
            0.0015023998342256677,
            0.0014883570010283456,
            0.0012759494345028547,
            0.0013330433633942772,
            0.0012805602702658243,
            0.0013107370446239688,
            0.0012101619933642328,
            0.0012792938434314438,
            0.0011119011372335821,
            0.0011555638065403981,
            0.0010789820520705684,
            0.0011588388384510917,
            0.0011942623539893237,
            0.0012970211024768918,
            0.001141691314764027,
            0.001185902819261917,
            0.0010477123904633877,
            0.0010237164424272678,
            0.0010389402948675337,
            0.0010657246138398111,
            0.0009182055689223442,
            0.0009634591985782515,
            0.0008068901763619639,
            0.0009053705177982064,
            0.0008595815478587574,
            0.0008231971597959056,
            0.0009476260144805998,
            0.0007698925111310522,
            0.0008371404432785166,
            0.0008299263886348418,
            0.0007557313035942421
        ]
    },
    "train_oa": {
        "type": "index_value",
        "index": [
            10,
            20,
            30,
            40,
            50,
            60,
            70,
            80,
            90,
            100
        ],
        "value": [
            94.78643216080403,
            95.07956448911223,
            95.03768844221105,
            95.04815745393634,
            94.82830820770519,
            94.80737018425461,
            94.77596314907872,
            94.84924623115577,
            94.73408710217755,
            94.73408710217755
        ]
    },
    "train_aa": {
        "type": "index_value",
        "index": [
            10,
            20,
            30,
            40,
            50,
            60,
            70,
            80,
            90,
            100
        ],
        "value": [
            97.34377129284755,
            97.27054755542686,
            97.2650660933155,
            97.23081776194248,
            97.20306403047083,
            97.17655161572236,
            97.20363175637502,
            97.15648965229391,
            97.11719110057497,
            97.14101478595772
        ]
    },
    "train_kappa": {
        "type": "index_value",
        "index": [
            10,
            20,
            30,
            40,
            50,
            60,
            70,
            80,
            90,
            100
        ],
        "value": [
            94.03263820599796,
            94.36145412147982,
            94.31439259787875,
            94.32482218782073,
            94.07785303045529,
            94.05355103998583,
            94.01857453339635,
            94.10019575400203,
            93.96987081559553,
            93.97029717619905
        ]
    },
    "param": {
        "data": {
            "data_sign": "Indian",
            "data_file": "Indian_50",
            "diffusion_sign": false,
            "diffusion_data_sign_path_prefix": "/home/cn/codes/spectral_diff_temp/codes/save_feature/indian_unet3d_patch16_without_downsample_kernal5_fix/save_feature",
            "diffusion_data_sign": "t5_2_full.pkl.npy",
            "patch_size": 13,
            "test_ratio": 0.95,
            "batch_size": 64,
            "num_classes": 16,
            "pca": 30,
            "dim_heads": 64,
            "spectral_size": 30
        },
        "net": {
            "trainer": "cross_trainer",
            "net_type": "just_pixel",
            "mlp_head_dim": 64,
            "depth": 2,
            "dim": 64,
            "heads": 20
        },
        "train": {
            "epochs": 100,
            "lr": 0.001,
            "weight_decay": 0,
            "temp": 20
        },
        "uniq_name": "indian_cross_param_use.json_50_4"
    },