{
    "epoch_loss": {
        "type": "index_value",
        "index": [
            1,
            2,
            3,
            4,
            5,
            6,
            7,
            8,
            9,
            10,
            11,
            12,
            13,
            14,
            15,
            16,
            17,
            18,
            19,
            20,
            21,
            22,
            23,
            24,
            25,
            26,
            27,
            28,
            29,
            30,
            31,
            32,
            33,
            34,
            35,
            36,
            37,
            38,
            39,
            40,
            41,
            42,
            43,
            44,
            45,
            46,
            47,
            48,
            49,
            50,
            51,
            52,
            53,
            54,
            55,
            56,
            57,
            58,
            59,
            60,
            61,
            62,
            63,
            64,
            65,
            66,
            67,
            68,
            69,
            70,
            71,
            72,
            73,
            74,
            75,
            76,
            77,
            78,
            79,
            80,
            81,
            82,
            83,
            84,
            85,
            86,
            87,
            88,
            89,
            90,
            91,
            92,
            93,
            94,
            95,
            96,
            97,
            98,
            99,
            100
        ],
        "value": [
            2.527899980545044,
            1.7797162294387818,
            1.5443278789520263,
            1.3013728380203247,
            1.1562127590179443,
            1.0080887913703918,
            0.8941802501678466,
            0.7802919507026672,
            0.6893441677093506,
            0.6309379816055298,
            0.5229172945022583,
            0.46915024518966675,
            0.4122577548027039,
            0.36144946813583373,
            0.3022352993488312,
            0.25622269213199617,
            0.22422930002212524,
            0.19984084069728852,
            0.17974351346492767,
            0.15267930626869203,
            0.1404976636171341,
            0.11183946281671524,
            0.10971409380435944,
            0.09490901380777358,
            0.08395198434591293,
            0.07001779973506927,
            0.0635722428560257,
            0.0679281234741211,
            0.05772339850664139,
            0.04878829345107079,
            0.054955944418907166,
            0.04716230034828186,
            0.0412979818880558,
            0.04145660027861595,
            0.03778533115983009,
            0.03506007716059685,
            0.034268616884946826,
            0.034147641807794574,
            0.031162241846323012,
            0.030422715842723845,
            0.027354181557893754,
            0.030154699087142946,
            0.026677554473280907,
            0.022774308547377588,
            0.02309686578810215,
            0.02508292719721794,
            0.020894132554531097,
            0.02184315137565136,
            0.02100241109728813,
            0.02172746993601322,
            0.022931379824876787,
            0.01975850239396095,
            0.019654929265379907,
            0.019247520342469217,
            0.019409069046378135,
            0.017023848742246626,
            0.016589397192001344,
            0.01727534495294094,
            0.014881117641925812,
            0.0156699325889349,
            0.014426595717668533,
            0.015680979937314987,
            0.015398510545492173,
            0.012834949605166911,
            0.013424918428063393,
            0.015491960197687149,
            0.01279950849711895,
            0.011654184199869633,
            0.01155171450227499,
            0.010608389228582382,
            0.011899589002132416,
            0.011209976300597191,
            0.010089133307337761,
            0.009666475839912892,
            0.010133001208305358,
            0.01049175914376974,
            0.009489952586591244,
            0.010312110185623169,
            0.00898478962481022,
            0.008583933487534523,
            0.008201023563742638,
            0.009135419875383377,
            0.009132769331336022,
            0.00831342749297619,
            0.00855022892355919,
            0.008547688461840152,
            0.00845179371535778,
            0.008082167059183121,
            0.008045655116438866,
            0.0075693769380450245,
            0.00843010563403368,
            0.008356017246842384,
            0.0073151011019945145,
            0.006424861587584018,
            0.007284691371023655,
            0.00688955020159483,
            0.006604353338479996,
            0.006758596561849117,
            0.006354885175824165,
            0.007723667472600937
        ]
    },
    "train_oa": {
        "type": "index_value",
        "index": [
            10,
            20,
            30,
            40,
            50,
            60,
            70,
            80,
            90,
            100
        ],
        "value": [
            80.29537119635246,
            82.65437605312717,
            83.72484884527704,
            83.1896124492021,
            83.34820101100208,
            82.49578749132719,
            83.03102388740213,
            83.64555456437705,
            83.79423134106453,
            83.43740707701457
        ]
    },
    "train_aa": {
        "type": "index_value",
        "index": [
            10,
            20,
            30,
            40,
            50,
            60,
            70,
            80,
            90,
            100
        ],
        "value": [
            89.4487680719366,
            91.50207092876038,
            91.5714772039398,
            91.41922450582108,
            91.48678165290077,
            91.04173715839181,
            91.34668464732876,
            91.4721420240997,
            91.36709280681156,
            91.41780235076777
        ]
    },
    "train_kappa": {
        "type": "index_value",
        "index": [
            10,
            20,
            30,
            40,
            50,
            60,
            70,
            80,
            90,
            100
        ],
        "value": [
            77.8472438081721,
            80.53909648478043,
            81.69036044633546,
            81.1122558790269,
            81.29001855486634,
            80.35149256234007,
            80.93997132581745,
            81.61044405394748,
            81.76841797051105,
            81.38432133341318
        ]
    },
    "param": {
        "data": {
            "data_sign": "Indian",
            "data_file": "Indian_10",
            "diffusion_sign": false,
            "diffusion_data_sign_path_prefix": "/home/cn/codes/spectral_diff_temp/codes/save_feature/indian_unet3d_patch16_without_downsample_kernal5_fix/save_feature",
            "diffusion_data_sign": "t5_2_full.pkl.npy",
            "patch_size": 13,
            "test_ratio": 0.95,
            "batch_size": 64,
            "num_classes": 16,
            "pca": 30,
            "dim_heads": 64,
            "spectral_size": 30
        },
        "net": {
            "trainer": "cross_trainer",
            "net_type": "just_pixel",
            "mlp_head_dim": 64,
            "depth": 2,
            "dim": 64,
            "heads": 20
        },
        "train": {
            "epochs": 100,
            "lr": 0.001,
            "weight_decay": 0,
            "temp": 20
        },
        "uniq_name": "indian_cross_param_use.json_10_0"
    },