{
    "epoch_loss": {
        "type": "index_value",
        "index": [
            1,
            2,
            3,
            4,
            5,
            6,
            7,
            8,
            9,
            10,
            11,
            12,
            13,
            14,
            15,
            16,
            17,
            18,
            19,
            20,
            21,
            22,
            23,
            24,
            25,
            26,
            27,
            28,
            29,
            30,
            31,
            32,
            33,
            34,
            35,
            36,
            37,
            38,
            39,
            40,
            41,
            42,
            43,
            44,
            45,
            46,
            47,
            48,
            49,
            50,
            51,
            52,
            53,
            54,
            55,
            56,
            57,
            58,
            59,
            60,
            61,
            62,
            63,
            64,
            65,
            66,
            67,
            68,
            69,
            70,
            71,
            72,
            73,
            74,
            75,
            76,
            77,
            78,
            79,
            80,
            81,
            82,
            83,
            84,
            85,
            86,
            87,
            88,
            89,
            90,
            91,
            92,
            93,
            94,
            95,
            96,
            97,
            98,
            99,
            100
        ],
        "value": [
            2.1757083262166668,
            1.4914251927406557,
            1.1870579581106864,
            0.9584329347456655,
            0.7855022591929282,
            0.6543324905057107,
            0.5538674775631197,
            0.43648051696438944,
            0.3514211356639862,
            0.29184190861640436,
            0.24101451231587318,
            0.17861195514279027,
            0.16045967773083716,
            0.13043701302620672,
            0.10198073944737834,
            0.09201533126254235,
            0.07060834741400134,
            0.06064285724874466,
            0.05254236243424877,
            0.04419601374576169,
            0.03996194925519728,
            0.03738918890876155,
            0.033415594120179457,
            0.030399975709376796,
            0.02850863246187087,
            0.026659453083430568,
            0.024127626899750003,
            0.022837137515025755,
            0.01950783221231353,
            0.020121607532904994,
            0.019826407442169805,
            0.01913539987177618,
            0.015785890174729207,
            0.0157558785571206,
            0.015989399292776662,
            0.015894316791767074,
            0.014851862408461109,
            0.012994306336247152,
            0.013140496190997861,
            0.012977603846980679,
            0.012284301029097649,
            0.010176688492778809,
            0.010482421036689513,
            0.011290444127253947,
            0.010540684721162243,
            0.010566187938374858,
            0.009542756834097447,
            0.00989862424471686,
            0.008309941846997506,
            0.008910063479936892,
            0.008251985883520496,
            0.007566175483647854,
            0.008453809938603831,
            0.008380829747165404,
            0.007503153077296672,
            0.007571906794703776,
            0.0071733181124493,
            0.007051321882153711,
            0.006286301265560811,
            0.007864797770255996,
            0.006433254116845708,
            0.006368325350265349,
            0.0056734016044966635,
            0.005380014735724657,
            0.005969162165157257,
            0.005281553841045787,
            0.005376459153429154,
            0.005306032672524452,
            0.005483541820919321,
            0.005109535941794034,
            0.004676472834281383,
            0.005194880912501004,
            0.005148919079933436,
            0.0047934423711511395,
            0.004221076286968685,
            0.004418536155454574,
            0.00422107701099688,
            0.0044469379158991,
            0.004143678607238877,
            0.003945147474446604,
            0.004134639424662436,
            0.003692025195566877,
            0.003755858768859217,
            0.0038536801183175658,
            0.004563537152904656,
            0.0037760343042112167,
            0.0036909738164995947,
            0.0031671721112704085,
            0.003661568907480086,
            0.0032919569256445094,
            0.003205196131321211,
            0.003388116977387859,
            0.0030044430265984226,
            0.003107338099770488,
            0.0033618350753620747,
            0.0033661887830784246,
            0.002692819272558535,
            0.002866476455763463,
            0.003222721424554625,
            0.0027669435216774864
        ]
    },
    "train_oa": {
        "type": "index_value",
        "index": [
            10,
            20,
            30,
            40,
            50,
            60,
            70,
            80,
            90,
            100
        ],
        "value": [
            83.82130999094475,
            87.06107254250931,
            87.39309789717275,
            87.46352751785894,
            87.1818090351142,
            86.82966093168328,
            87.27236140456786,
            87.2321159070329,
            87.16168628634672,
            87.17174766073046
        ]
    },
    "train_aa": {
        "type": "index_value",
        "index": [
            10,
            20,
            30,
            40,
            50,
            60,
            70,
            80,
            90,
            100
        ],
        "value": [
            91.12433628153772,
            92.84987276971964,
            92.92335114213435,
            92.87498533605236,
            92.7005983246093,
            92.61545029691486,
            92.75788156185591,
            92.73523077932492,
            92.68268474376123,
            92.74804913593692
        ]
    },
    "train_kappa": {
        "type": "index_value",
        "index": [
            10,
            20,
            30,
            40,
            50,
            60,
            70,
            80,
            90,
            100
        ],
        "value": [
            81.68602549534263,
            85.3317139433385,
            85.69996172132241,
            85.78618563257444,
            85.46677807710121,
            85.07561430828873,
            85.57366202851844,
            85.52459986552694,
            85.44057053673384,
            85.45761664805255
        ]
    },
    "param": {
        "data": {
            "data_sign": "Indian",
            "data_file": "Indian_20",
            "diffusion_sign": false,
            "diffusion_data_sign_path_prefix": "/home/cn/codes/spectral_diff_temp/codes/save_feature/indian_unet3d_patch16_without_downsample_kernal5_fix/save_feature",
            "diffusion_data_sign": "t5_2_full.pkl.npy",
            "patch_size": 13,
            "test_ratio": 0.95,
            "batch_size": 64,
            "num_classes": 16,
            "pca": 30,
            "dim_heads": 64,
            "spectral_size": 30
        },
        "net": {
            "trainer": "cross_trainer",
            "net_type": "just_pixel",
            "mlp_head_dim": 64,
            "depth": 2,
            "dim": 64,
            "heads": 20
        },
        "train": {
            "epochs": 100,
            "lr": 0.001,
            "weight_decay": 0,
            "temp": 20
        },
        "uniq_name": "indian_cross_param_use.json_20_2"
    },