{
    "epoch_loss": {
        "type": "index_value",
        "index": [
            1,
            2,
            3,
            4,
            5,
            6,
            7,
            8,
            9,
            10,
            11,
            12,
            13,
            14,
            15,
            16,
            17,
            18,
            19,
            20,
            21,
            22,
            23,
            24,
            25,
            26,
            27,
            28,
            29,
            30,
            31,
            32,
            33,
            34,
            35,
            36,
            37,
            38,
            39,
            40,
            41,
            42,
            43,
            44,
            45,
            46,
            47,
            48,
            49,
            50,
            51,
            52,
            53,
            54,
            55,
            56,
            57,
            58,
            59,
            60,
            61,
            62,
            63,
            64,
            65,
            66,
            67,
            68,
            69,
            70,
            71,
            72,
            73,
            74,
            75,
            76,
            77,
            78,
            79,
            80,
            81,
            82,
            83,
            84,
            85,
            86,
            87,
            88,
            89,
            90,
            91,
            92,
            93,
            94,
            95,
            96,
            97,
            98,
            99,
            100
        ],
        "value": [
            1.940382328751969,
            1.222440441993818,
            0.8938818459641443,
            0.6915072096537237,
            0.5303236850320476,
            0.43152515120702245,
            0.36332957793588505,
            0.2657830551879047,
            0.2426817727415529,
            0.17214983987481627,
            0.14348962290646278,
            0.10830242013278073,
            0.07752981904434832,
            0.061546096246536466,
            0.08788079064186305,
            0.10578238606861193,
            0.06841074256864313,
            0.05766406854333943,
            0.047231546105587316,
            0.03148445073668271,
            0.024195571672426513,
            0.019565277771182256,
            0.016386613351841495,
            0.02727408829617174,
            0.018911739428565926,
            0.021159495392890824,
            0.016017825636145188,
            0.01320061393796581,
            0.012773461027504646,
            0.011509434434853187,
            0.012391122644894744,
            0.011584042482180139,
            0.010556404210933268,
            0.009795089953974502,
            0.010764728976439123,
            0.011666921924238335,
            0.01473132814344478,
            0.010375037202483986,
            0.0071889284538896115,
            0.006751129301647617,
            0.007382628597217064,
            0.008805371106487431,
            0.009009517193452953,
            0.01030836545237123,
            0.015503585950969017,
            0.13911690409869365,
            0.1080293511997347,
            0.06745195460237868,
            0.024007976833373718,
            0.012513564108577494,
            0.012350259374265801,
            0.05025473169421088,
            0.02573216767752007,
            0.01691939691974692,
            0.015526308792911163,
            0.011329563768350915,
            0.009461224385320323,
            0.00599803834235015,
            0.004833425050728942,
            0.0037635606011911615,
            0.004499556828443318,
            0.018564671775555774,
            0.005421901325861069,
            0.0052824300547985184,
            0.004129836029589992,
            0.003195050516969537,
            0.003956596634975851,
            0.005556569677101423,
            0.004937725422317034,
            0.0042970230458431865,
            0.005404528893836557,
            0.0041981320445464085,
            0.004313132865992311,
            0.0031288595334307786,
            0.0032813529011933773,
            0.003538458671880095,
            0.00367229389766716,
            0.005819214858778127,
            0.0033016744235607044,
            0.00249649546019835,
            0.002816776872599778,
            0.005067906814487013,
            0.003025619785161051,
            0.002898320989453629,
            0.002832392753701504,
            0.0025831511856554304,
            0.0021739639214252773,
            0.0020018100789556763,
            0.0015996602580767788,
            0.0014156080935507605,
            0.0015910728069098844,
            0.001316579505290887,
            0.0012545192882112445,
            0.00118171559863609,
            0.0029394818750554568,
            0.010653414891088663,
            0.020565780275182365,
            0.012330160489025181,
            0.00555100573915733,
            0.0054066711909150425
        ]
    },
    "train_oa": {
        "type": "index_value",
        "index": [
            10,
            20,
            30,
            40,
            50,
            60,
            70,
            80,
            90,
            100
        ],
        "value": [
            93.01603724780134,
            92.39524055871702,
            92.28142783238489,
            92.75737196068287,
            93.28504914640455,
            92.91257113295396,
            91.85721676151061,
            92.47801345059493,
            92.01241593378168,
            91.15364718054838
        ]
    },
    "train_aa": {
        "type": "index_value",
        "index": [
            10,
            20,
            30,
            40,
            50,
            60,
            70,
            80,
            90,
            100
        ],
        "value": [
            96.3890887174602,
            96.42871114931737,
            96.36999236023935,
            96.27915464946015,
            96.48374017714329,
            96.5362331828594,
            96.20478161854486,
            96.32388475688438,
            96.3009289105737,
            95.98225761340045
        ]
    },
    "train_kappa": {
        "type": "index_value",
        "index": [
            10,
            20,
            30,
            40,
            50,
            60,
            70,
            80,
            90,
            100
        ],
        "value": [
            92.02956423702996,
            91.33480747922017,
            91.21089509686948,
            91.73879736719972,
            92.32881122730313,
            91.91627719725025,
            90.72704441968764,
            91.42577012306481,
            90.90417945382556,
            89.93853178729088
        ]
    },
    "param": {
        "data": {
            "data_sign": "Indian",
            "data_file": "Indian_40",
            "diffusion_sign": false,
            "diffusion_data_sign_path_prefix": "/home/cn/codes/spectral_diff_temp/codes/save_feature/indian_unet3d_patch16_without_downsample_kernal5_fix/save_feature",
            "diffusion_data_sign": "t5_2_full.pkl.npy",
            "patch_size": 13,
            "test_ratio": 0.95,
            "batch_size": 64,
            "num_classes": 16,
            "pca": 30,
            "dim_heads": 64,
            "spectral_size": 30
        },
        "net": {
            "trainer": "cross_trainer",
            "net_type": "just_pixel",
            "mlp_head_dim": 64,
            "depth": 2,
            "dim": 64,
            "heads": 20
        },
        "train": {
            "epochs": 100,
            "lr": 0.001,
            "weight_decay": 0,
            "temp": 20
        },
        "uniq_name": "indian_cross_param_use.json_40_1"
    },