{
    "epoch_loss": {
        "type": "index_value",
        "index": [
            1,
            2,
            3,
            4,
            5,
            6,
            7,
            8,
            9,
            10,
            11,
            12,
            13,
            14,
            15,
            16,
            17,
            18,
            19,
            20,
            21,
            22,
            23,
            24,
            25,
            26,
            27,
            28,
            29,
            30,
            31,
            32,
            33,
            34,
            35,
            36,
            37,
            38,
            39,
            40,
            41,
            42,
            43,
            44,
            45,
            46,
            47,
            48,
            49,
            50,
            51,
            52,
            53,
            54,
            55,
            56,
            57,
            58,
            59,
            60,
            61,
            62,
            63,
            64,
            65,
            66,
            67,
            68,
            69,
            70,
            71,
            72,
            73,
            74,
            75,
            76,
            77,
            78,
            79,
            80,
            81,
            82,
            83,
            84,
            85,
            86,
            87,
            88,
            89,
            90,
            91,
            92,
            93,
            94,
            95,
            96,
            97,
            98,
            99,
            100
        ],
        "value": [
            2.6501871003044974,
            1.7009074343575372,
            1.371622814072503,
            1.1223618825276693,
            0.9400165557861329,
            0.7571262717247009,
            0.6361104925473531,
            0.5520023107528687,
            0.4475618925359514,
            0.40975792540444267,
            0.33107612795299957,
            0.29178084002600774,
            0.2588583429654439,
            0.22221936384836832,
            0.1829651395479838,
            0.16252968377537197,
            0.14938766360282899,
            0.11922663516468472,
            0.1089252965317832,
            0.0922450785835584,
            0.09107867545551723,
            0.08223714861604903,
            0.07526350816090902,
            0.07119054744640986,
            0.06246291481786304,
            0.05935518576039208,
            0.0544625375005934,
            0.050252038819922344,
            0.049530687100357476,
            0.049938870883650247,
            0.05152060050103399,
            0.04138824939727783,
            0.04299880564212799,
            0.04197452159391509,
            0.034773776349094176,
            0.03801432235373391,
            0.03533843143118753,
            0.031015506552325354,
            0.027184296068218018,
            0.030788169138961367,
            0.02589171106616656,
            0.028167363670137193,
            0.023590816391838923,
            0.029151776019069882,
            0.025054551081524955,
            0.025756385508510803,
            0.022550958146651586,
            0.021668689201275508,
            0.024613338543309105,
            0.02114771352046066,
            0.01959603453675906,
            0.020644124555918904,
            0.017705039721396233,
            0.020059217595391803,
            0.01769071693221728,
            0.023735565857754812,
            0.017491347011592655,
            0.018121336441900997,
            0.016255517138375176,
            0.016285668230719037,
            0.018665756699111725,
            0.020661622451411354,
            0.014790241999758615,
            0.014621342056327397,
            0.013080036557383008,
            0.016545081180002953,
            0.016692984311117067,
            0.01587913023928801,
            0.012789268605411052,
            0.01261655692425039,
            0.013540458472238646,
            0.01350550933016671,
            0.012941374588343832,
            0.012216226901445124,
            0.012687956541776657,
            0.011179652685920397,
            0.012461760019262632,
            0.012906488155325253,
            0.010443203544451132,
            0.010671238663295906,
            0.011098303356104428,
            0.011413322803046968,
            0.009465242880913946,
            0.010058847152524523,
            0.009137009373969503,
            0.009463394391867849,
            0.0110683081464635,
            0.008334799317850007,
            0.009393468230134911,
            0.009159251923362415,
            0.009650058940880828,
            0.010575184350212414,
            0.00875312712871366,
            0.008468648832705285,
            0.007982303781641855,
            0.007648985625969039,
            0.007054597501539522,
            0.007327339694731766,
            0.006985768386059337,
            0.00774310396777259
        ]
    },
    "train_oa": {
        "type": "index_value",
        "index": [
            10,
            20,
            30,
            40,
            50,
            60,
            70,
            80,
            90,
            100
        ],
        "value": [
            80.38466944665699,
            81.98472567118024,
            81.232722672539,
            81.51618797732277,
            82.1393431101532,
            82.15339924096894,
            81.77388370894438,
            81.61458089303284,
            82.07609052148246,
            81.55601368130067
        ]
    },
    "train_aa": {
        "type": "index_value",
        "index": [
            10,
            20,
            30,
            40,
            50,
            60,
            70,
            80,
            90,
            100
        ],
        "value": [
            81.34236514908419,
            82.62154523398011,
            81.96639506377144,
            82.09470625015817,
            81.93041720076728,
            82.26778407617347,
            81.88145285005089,
            81.95646330051623,
            82.00891686191638,
            81.92534039005682
        ]
    },
    "train_kappa": {
        "type": "index_value",
        "index": [
            10,
            20,
            30,
            40,
            50,
            60,
            70,
            80,
            90,
            100
        ],
        "value": [
            74.8473504913346,
            76.77463290951658,
            75.78970777366493,
            76.11351905482216,
            76.79251368475751,
            76.89660981435358,
            76.33458615615531,
            76.21877371602464,
            76.73385064003955,
            76.12040907748573
        ]
    },
    "param": {
        "data": {
            "data_sign": "Pavia",
            "data_file": "Pavia_10",
            "dump": false,
            "use_dump": false,
            "diffusion_sign": false,
            "diffusion_data_sign_path_prefix": "/home/cn/codes/spectral_diff_temp/codes/save_feature/pavia_unet3d_patch16_without_downsample_kernal5_fix/save_feature",
            "diffusion_data_sign": "t10_2_full.pkl.npy",
            "patch_size": 13,
            "test_ratio": 0.95,
            "batch_size": 64,
            "num_classes": 16,
            "pca": 103,
            "dim_heads": 64,
            "spectral_size": 103
        },
        "net": {
            "trainer": "cross_trainer",
            "net_type": "just_pixel",
            "mlp_head_dim": 64,
            "depth": 2,
            "dim": 64,
            "heads": 20
        },
        "train": {
            "epochs": 100,
            "lr": 0.001,
            "weight_decay": 0,
            "temp": 20
        },
        "uniq_name": "pavia_cross_param_use.json_10_1"
    },