{
    "epoch_loss": {
        "type": "index_value",
        "index": [
            1,
            2,
            3,
            4,
            5,
            6,
            7,
            8,
            9,
            10,
            11,
            12,
            13,
            14,
            15,
            16,
            17,
            18,
            19,
            20,
            21,
            22,
            23,
            24,
            25,
            26,
            27,
            28,
            29,
            30,
            31,
            32,
            33,
            34,
            35,
            36,
            37,
            38,
            39,
            40,
            41,
            42,
            43,
            44,
            45,
            46,
            47,
            48,
            49,
            50,
            51,
            52,
            53,
            54,
            55,
            56,
            57,
            58,
            59,
            60,
            61,
            62,
            63,
            64,
            65,
            66,
            67,
            68,
            69,
            70,
            71,
            72,
            73,
            74,
            75,
            76,
            77,
            78,
            79,
            80,
            81,
            82,
            83,
            84,
            85,
            86,
            87,
            88,
            89,
            90,
            91,
            92,
            93,
            94,
            95,
            96,
            97,
            98,
            99,
            100
        ],
        "value": [
            1.841803092426724,
            1.0508019087049696,
            0.7364686960644192,
            0.53831801838345,
            0.3691313404507107,
            0.33455238342285154,
            0.2809434305297004,
            0.2186645351515876,
            0.20622983906004164,
            0.21625323322084214,
            0.16050149440765382,
            0.11551092942555745,
            0.1349486822552151,
            0.12299303478664822,
            0.12005856408013238,
            0.10700318230523004,
            0.1281535455915663,
            0.09799338711632623,
            0.07528734101189508,
            0.06683103296491835,
            0.09382981035444471,
            0.10578842533959283,
            0.14987283653683134,
            0.10173127598232694,
            0.055817550288306345,
            0.08655129432678223,
            0.08582219137085809,
            0.07520887215932211,
            0.0633616042137146,
            0.043878057532840305,
            0.038047137260437014,
            0.02978358997239007,
            0.02622185680601332,
            0.03784075895945231,
            0.06562655448913574,
            0.07921173678504097,
            0.058477823734283445,
            0.09030615329742432,
            0.06926922970347935,
            0.04677951388888889,
            0.03018472406599257,
            0.0366795457734002,
            0.04056929667790731,
            0.041544444031185575,
            0.05108004993862576,
            0.03821070962482029,
            0.05812494066026476,
            0.05853484551111857,
            0.04348906993865967,
            0.034098193645477295,
            0.04260630660586887,
            0.033104517194959854,
            0.03913464254803128,
            0.02938889053132799,
            0.028475854131910536,
            0.03738262812296549,
            0.03861994319491916,
            0.03292185756895277,
            0.029664714601304796,
            0.032612068520651925,
            0.019693835841284858,
            0.01841672208574083,
            0.027723305424054465,
            0.016475278536478677,
            0.014078705178366766,
            0.02510611852010091,
            0.014352391494645013,
            0.03617895166079203,
            0.030846130583021377,
            0.02706029600567288,
            0.044207671350902984,
            0.05468719482421875,
            0.03215860446294149,
            0.025877085791693795,
            0.03538525952233208,
            0.049777253203921845,
            0.03821621417999268,
            0.02867086966832479,
            0.022905272245407105,
            0.014343676964441936,
            0.01367434475156996,
            0.06044746650589837,
            0.06865503761503432,
            0.020896470811631946,
            0.020893839597702028,
            0.016125064823362564,
            0.030525952577590942,
            0.03135729418860542,
            0.02422029866112603,
            0.03886960400475396,
            0.03731731573740641,
            0.027510431740019055,
            0.023949478334850734,
            0.019731716844770642,
            0.013995795912212795,
            0.014408171971638998,
            0.009413811100853814,
            0.012895613974995083,
            0.010066708591249253,
            0.03180289016829597
        ]
    },
    "train_oa": {
        "type": "index_value",
        "index": [
            10,
            20,
            30,
            40,
            50,
            60,
            70,
            80,
            90,
            100
        ],
        "value": [
            91.44969994802248,
            92.03799083305769,
            93.81467655814393,
            92.64990785805415,
            91.7686528374994,
            91.45678779001086,
            91.9080470632708,
            92.13722062089495,
            90.76454188914616,
            87.48523366252422
        ]
    },
    "train_aa": {
        "type": "index_value",
        "index": [
            10,
            20,
            30,
            40,
            50,
            60,
            70,
            80,
            90,
            100
        ],
        "value": [
            92.43941464536759,
            91.72221330434883,
            93.56191213577121,
            93.57284165324108,
            93.43861887810915,
            92.67507880415938,
            91.20821414333984,
            92.83956602765448,
            89.73469671218672,
            88.70106446142975
        ]
    },
    "train_kappa": {
        "type": "index_value",
        "index": [
            10,
            20,
            30,
            40,
            50,
            60,
            70,
            80,
            90,
            100
        ],
        "value": [
            88.79890613856674,
            89.5335639833626,
            91.84543271046235,
            90.3533503238944,
            89.24884032022366,
            88.81067893692259,
            89.30034111305125,
            89.69270461068189,
            87.85928051925168,
            83.64088322413392
        ]
    },
    "param": {
        "data": {
            "data_sign": "Pavia",
            "data_file": "Pavia_50",
            "dump": false,
            "use_dump": false,
            "diffusion_sign": false,
            "diffusion_data_sign_path_prefix": "/home/cn/codes/spectral_diff_temp/codes/save_feature/pavia_unet3d_patch16_without_downsample_kernal5_fix/save_feature",
            "diffusion_data_sign": "t10_2_full.pkl.npy",
            "patch_size": 13,
            "test_ratio": 0.95,
            "batch_size": 64,
            "num_classes": 16,
            "pca": 103,
            "dim_heads": 64,
            "spectral_size": 103
        },
        "net": {
            "trainer": "cross_trainer",
            "net_type": "just_pixel",
            "mlp_head_dim": 64,
            "depth": 2,
            "dim": 64,
            "heads": 20
        },
        "train": {
            "epochs": 100,
            "lr": 0.001,
            "weight_decay": 0,
            "temp": 20
        },
        "uniq_name": "pavia_cross_param_use.json_50_2"
    },