{
    "epoch_loss": {
        "type": "index_value",
        "index": [
            1,
            2,
            3,
            4,
            5,
            6,
            7,
            8,
            9,
            10,
            11,
            12,
            13,
            14,
            15,
            16,
            17,
            18,
            19,
            20,
            21,
            22,
            23,
            24,
            25,
            26,
            27,
            28,
            29,
            30,
            31,
            32,
            33,
            34,
            35,
            36,
            37,
            38,
            39,
            40,
            41,
            42,
            43,
            44,
            45,
            46,
            47,
            48,
            49,
            50,
            51,
            52,
            53,
            54,
            55,
            56,
            57,
            58,
            59,
            60,
            61,
            62,
            63,
            64,
            65,
            66,
            67,
            68,
            69,
            70,
            71,
            72,
            73,
            74,
            75,
            76,
            77,
            78,
            79,
            80,
            81,
            82,
            83,
            84,
            85,
            86,
            87,
            88,
            89,
            90,
            91,
            92,
            93,
            94,
            95,
            96,
            97,
            98,
            99,
            100
        ],
        "value": [
            1.5723534981409708,
            0.720719125535753,
            0.40379746622509427,
            0.24414748748143514,
            0.17085992362764146,
            0.1258504475156466,
            0.08756185786591636,
            0.06543229719003042,
            0.07296152164538701,
            0.03812421129809485,
            0.029278804154859648,
            0.021106941170162624,
            0.017982404679059982,
            0.015365573805239466,
            0.013289088052180079,
            0.011534604306022326,
            0.011199094479282697,
            0.010170386400487688,
            0.008298300289445453,
            0.018805628932184643,
            0.02211406615873178,
            0.017132821844683753,
            0.045138789547814265,
            0.03340832682119475,
            0.05887665094600784,
            0.025596227993567786,
            0.018929636147287158,
            0.040619987746079764,
            0.034586914752920465,
            0.02263650670647621,
            0.01669375081029203,
            0.010717800808035666,
            0.006376173223058382,
            0.00486799461974038,
            0.0034866238944232463,
            0.0033739706294404134,
            0.0028373635787930754,
            0.0031733543301622072,
            0.003149868454784155,
            0.0022362767356551355,
            0.002457899952100383,
            0.0021506771652234926,
            0.002017705525375075,
            0.0016849123044974275,
            0.0019353382910291355,
            0.0018668188713490963,
            0.0016525536982549562,
            0.0016693219128582212,
            0.0016529252235260275,
            0.0014352396234042115,
            0.001284065790888336,
            0.0013618326745927333,
            0.0011462429745329752,
            0.001179381873872545,
            0.0012659330386668444,
            0.0013250634125951263,
            0.0011122660970108377,
            0.0010456668471710549,
            0.0010498584662046698,
            0.0010529137345858747,
            0.001040284258003036,
            0.0009295344094021453,
            0.0008459781348291371,
            0.0009048861141006152,
            0.0008533609254906575,
            0.0007756325933668349,
            0.0009476889287018113,
            0.0008136947897987233,
            0.0007557254620931214,
            0.0010301602228234212,
            0.0009383367478019661,
            0.001000337509645356,
            0.0018566819632218944,
            0.0012930293929659658,
            0.0012195356319554978,
            0.0009880599410583577,
            0.0008660760113141602,
            0.0007578608398843143,
            0.0009951155632734298,
            0.0008105775858792993,
            0.0007995014130655262,
            0.0006812259994654192,
            0.0006212361894237499,
            0.0005979393557127979,
            0.0006128832076986631,
            0.0006832307980706294,
            0.0004884388944548037,
            0.0007370835170149803,
            0.0005887958428098096,
            0.0006201533109156622,
            0.0005820351678671108,
            0.0004901312149336769,
            0.0004961765836924315,
            0.00048152920531315934,
            0.0004424601819159256,
            0.0004900227365497913,
            0.00046040663987191187,
            0.0004627800339625941,
            0.0004581438041188651,
            0.0003720476667189764
        ]
    },
    "train_oa": {
        "type": "index_value",
        "index": [
            10,
            20,
            30,
            40,
            50,
            60,
            70,
            80,
            90,
            100
        ],
        "value": [
            94.06030055164543,
            94.96385771352482,
            94.21723416397185,
            94.4431234544417,
            94.67139052691648,
            94.74510176906982,
            94.89252425337645,
            94.44787901845159,
            94.81881301122314,
            94.8330797032528
        ]
    },
    "train_aa": {
        "type": "index_value",
        "index": [
            10,
            20,
            30,
            40,
            50,
            60,
            70,
            80,
            90,
            100
        ],
        "value": [
            94.77552224200542,
            95.5416674608499,
            94.64910493341415,
            95.47430388038342,
            95.48754787313443,
            95.59584077661492,
            95.59536477104295,
            94.97230454579754,
            95.32656826203181,
            95.27104311224626
        ]
    },
    "train_kappa": {
        "type": "index_value",
        "index": [
            10,
            20,
            30,
            40,
            50,
            60,
            70,
            80,
            90,
            100
        ],
        "value": [
            92.18119048761174,
            93.35217503266774,
            92.38547557325712,
            92.68479967300979,
            92.97936773545217,
            93.07430553662722,
            93.26456402254885,
            92.68374443476137,
            93.16418515239772,
            93.1816915964412
        ]
    },
    "param": {
        "data": {
            "data_sign": "Pavia",
            "data_file": "Pavia_80",
            "dump": false,
            "use_dump": false,
            "diffusion_sign": false,
            "diffusion_data_sign_path_prefix": "/home/cn/codes/spectral_diff_temp/codes/save_feature/pavia_unet3d_patch16_without_downsample_kernal5_fix/save_feature",
            "diffusion_data_sign": "t10_2_full.pkl.npy",
            "patch_size": 13,
            "test_ratio": 0.95,
            "batch_size": 64,
            "num_classes": 16,
            "pca": 103,
            "dim_heads": 64,
            "spectral_size": 103
        },
        "net": {
            "trainer": "cross_trainer",
            "net_type": "just_pixel",
            "mlp_head_dim": 64,
            "depth": 2,
            "dim": 64,
            "heads": 20
        },
        "train": {
            "epochs": 100,
            "lr": 0.001,
            "weight_decay": 0,
            "temp": 20
        },
        "uniq_name": "pavia_cross_param_use.json_80_0"
    },