{
    "epoch_loss": {
        "type": "index_value",
        "index": [
            1,
            2,
            3,
            4,
            5,
            6,
            7,
            8,
            9,
            10,
            11,
            12,
            13,
            14,
            15,
            16,
            17,
            18,
            19,
            20,
            21,
            22,
            23,
            24,
            25,
            26,
            27,
            28,
            29,
            30,
            31,
            32,
            33,
            34,
            35,
            36,
            37,
            38,
            39,
            40,
            41,
            42,
            43,
            44,
            45,
            46,
            47,
            48,
            49,
            50,
            51,
            52,
            53,
            54,
            55,
            56,
            57,
            58,
            59,
            60,
            61,
            62,
            63,
            64,
            65,
            66,
            67,
            68,
            69,
            70,
            71,
            72,
            73,
            74,
            75,
            76,
            77,
            78,
            79,
            80,
            81,
            82,
            83,
            84,
            85,
            86,
            87,
            88,
            89,
            90,
            91,
            92,
            93,
            94,
            95,
            96,
            97,
            98,
            99,
            100
        ],
        "value": [
            2.119341985384623,
            1.329376992472896,
            0.9414186830873843,
            0.6773879779709711,
            0.5097570485538907,
            0.37347721413329793,
            0.2980184672055421,
            0.2354529923862881,
            0.18089868823687236,
            0.15074933171272278,
            0.11263076177349797,
            0.10606473496666662,
            0.08116973964152513,
            0.06525939714025568,
            0.052517479796100545,
            0.05303309979262175,
            0.04611256370941798,
            0.04026656515068478,
            0.04230970464370869,
            0.03566316093007724,
            0.035536940782158466,
            0.03274449603977027,
            0.03191776601252733,
            0.02989619004505652,
            0.022199965903052576,
            0.022919264187415442,
            0.02381720723653281,
            0.01869590574944461,
            0.016688032296520692,
            0.01668349970821981,
            0.016509581233064334,
            0.022839645103172018,
            0.018192492618604943,
            0.02382028916919673,
            0.021479023109983515,
            0.02211146111841555,
            0.01697451661306399,
            0.015667172548947512,
            0.012000224063241924,
            0.011626881940497293,
            0.009415855500157232,
            0.010130249170793427,
            0.008273397020443721,
            0.007425875202925117,
            0.007735090316445739,
            0.007432743244700961,
            0.006619245145055983,
            0.007204447127878666,
            0.006953250872040236,
            0.006218638567736855,
            0.007605645860786791,
            0.005610203632601985,
            0.00600731134828594,
            0.005759313578406969,
            0.0060113394563948664,
            0.006698811757895682,
            0.00645688378976451,
            0.00589828140757702,
            0.005397650309734874,
            0.011397917734252081,
            0.039763157124872564,
            0.0197028662595484,
            0.02572859619502668,
            0.020755899918300135,
            0.01983831364799429,
            0.01420023503402869,
            0.03759664775872672,
            0.010499038333418193,
            0.010480435910048309,
            0.014738543404059277,
            0.01035380490400173,
            0.00907920574148496,
            0.010814538542871122,
            0.006861395016312599,
            0.008976751759096428,
            0.006443312198475555,
            0.006973670326449253,
            0.005699618812650442,
            0.004375505671594982,
            0.004239937087038049,
            0.0036273701927038255,
            0.0030404442300399144,
            0.003401887244372456,
            0.0045447917724097215,
            0.003280969122769656,
            0.0029505624280621607,
            0.0031288973883622224,
            0.003976652108960681,
            0.0031254927144834287,
            0.005526195535505259,
            0.005124920703194759,
            0.0034527137168441657,
            0.006519127278416245,
            0.00631853010919359,
            0.012101768605687,
            0.015012788662204036,
            0.006134796887636185,
            0.01747043073453285,
            0.004918153487421848,
            0.003622202570032742
        ]
    },
    "train_oa": {
        "type": "index_value",
        "index": [
            10,
            20,
            30,
            40,
            50,
            60,
            70,
            80,
            90,
            100
        ],
        "value": [
            90.4154707570696,
            91.90467228156025,
            91.84115183738766,
            91.0130334541006,
            91.95407707147226,
            91.44591351809156,
            89.35679668752647,
            90.86481908436456,
            89.06742577518469,
            88.22754434668046
        ]
    },
    "train_aa": {
        "type": "index_value",
        "index": [
            10,
            20,
            30,
            40,
            50,
            60,
            70,
            80,
            90,
            100
        ],
        "value": [
            90.48492972393359,
            90.1503375927301,
            91.06772268495439,
            91.01300224740986,
            91.69164811625127,
            90.87544856027353,
            89.57112892334646,
            90.18615125881811,
            89.04629195876372,
            88.05390908101845
        ]
    },
    "train_kappa": {
        "type": "index_value",
        "index": [
            10,
            20,
            30,
            40,
            50,
            60,
            70,
            80,
            90,
            100
        ],
        "value": [
            87.45258632737264,
            89.3183460512366,
            89.25301320845409,
            88.20570644017994,
            89.41634790005347,
            88.7200185008499,
            86.02066880992454,
            87.96469123342607,
            85.61335010821114,
            84.59974671285197
        ]
    },
    "param": {
        "data": {
            "data_sign": "Pavia",
            "data_file": "Pavia_30",
            "dump": false,
            "use_dump": false,
            "diffusion_sign": false,
            "diffusion_data_sign_path_prefix": "/home/cn/codes/spectral_diff_temp/codes/save_feature/pavia_unet3d_patch16_without_downsample_kernal5_fix/save_feature",
            "diffusion_data_sign": "t10_2_full.pkl.npy",
            "patch_size": 13,
            "test_ratio": 0.95,
            "batch_size": 64,
            "num_classes": 16,
            "pca": 103,
            "dim_heads": 64,
            "spectral_size": 103
        },
        "net": {
            "trainer": "cross_trainer",
            "net_type": "just_pixel",
            "mlp_head_dim": 64,
            "depth": 2,
            "dim": 64,
            "heads": 20
        },
        "train": {
            "epochs": 100,
            "lr": 0.001,
            "weight_decay": 0,
            "temp": 20
        },
        "uniq_name": "pavia_cross_param_use.json_30_4"
    },