{
    "epoch_loss": {
        "type": "index_value",
        "index": [
            1,
            2,
            3,
            4,
            5,
            6,
            7,
            8,
            9,
            10,
            11,
            12,
            13,
            14,
            15,
            16,
            17,
            18,
            19,
            20,
            21,
            22,
            23,
            24,
            25,
            26,
            27,
            28,
            29,
            30,
            31,
            32,
            33,
            34,
            35,
            36,
            37,
            38,
            39,
            40,
            41,
            42,
            43,
            44,
            45,
            46,
            47,
            48,
            49,
            50,
            51,
            52,
            53,
            54,
            55,
            56,
            57,
            58,
            59,
            60,
            61,
            62,
            63,
            64,
            65,
            66,
            67,
            68,
            69,
            70,
            71,
            72,
            73,
            74,
            75,
            76,
            77,
            78,
            79,
            80,
            81,
            82,
            83,
            84,
            85,
            86,
            87,
            88,
            89,
            90,
            91,
            92,
            93,
            94,
            95,
            96,
            97,
            98,
            99,
            100
        ],
        "value": [
            1.8105161525585034,
            0.8945275792369136,
            0.5561129305097792,
            0.353968573278851,
            0.21459820800357396,
            0.1431295915886208,
            0.0987428511734362,
            0.07535192248997864,
            0.053951551792798216,
            0.04533394431626355,
            0.03920243823969806,
            0.03392496453943076,
            0.03732294027728063,
            0.025744427781966,
            0.021452198563902465,
            0.016248053367491123,
            0.015311956902345021,
            0.013744074830578433,
            0.013519991299620381,
            0.012193069082719308,
            0.010393478321256462,
            0.00919392124094345,
            0.008535658595738587,
            0.008231812260217138,
            0.007139113114249927,
            0.006683952340649234,
            0.006079489544585899,
            0.006062750628700962,
            0.0057522027856773805,
            0.005165271716261351,
            0.004745567348544245,
            0.005303220119741228,
            0.0049880706256738416,
            0.004844239409323092,
            0.004390087040762106,
            0.004265983495861292,
            0.003706742259156373,
            0.0036502090593179067,
            0.0038792196592247045,
            0.0037997419514727813,
            0.003961376656122782,
            0.0030307602758208913,
            0.003553665425904371,
            0.003093240372146721,
            0.002357241378545209,
            0.0033844359770969106,
            0.002636629501702609,
            0.0025610866525244934,
            0.0025327598952032903,
            0.0021327835542184334,
            0.002053238940425217,
            0.0020721693592215024,
            0.0020619202870875595,
            0.0022069501276645396,
            0.0021048613168575146,
            0.0019936522503417953,
            0.001808848331199476,
            0.001801068627241033,
            0.001673820923530945,
            0.0017381624939541021,
            0.0020612537050274785,
            0.0018880594030229582,
            0.0016141467175825879,
            0.0017072691099235305,
            0.0014283890163318978,
            0.0016609432762143789,
            0.0014986020581865753,
            0.001259956323472714,
            0.0013826684388159602,
            0.0014369172475266236,
            0.0012456521271141591,
            0.001275791603795908,
            0.0012365525967820926,
            0.001189721996585528,
            0.0011735280277207494,
            0.0011596345566902999,
            0.0011779126624956175,
            0.0009848925862806263,
            0.0010377856428493504,
            0.001013029326201865,
            0.0010854863156392067,
            0.0010262602379683544,
            0.0009320585548670755,
            0.0012180894492538992,
            0.0010487986021433715,
            0.0009834838367101771,
            0.0009694021859171766,
            0.0010919532255718,
            0.0017867724635396843,
            0.0018194381406323777,
            0.0014315559494274635,
            0.0012430348623268031,
            0.0010598661774700439,
            0.0009978094871190412,
            0.0010129772954516941,
            0.0008708651820025235,
            0.0009257982053828461,
            0.0008001050489299276,
            0.0007961688882291869,
            0.000799079363544782
        ]
    },
    "train_oa": {
        "type": "index_value",
        "index": [
            10,
            20,
            30,
            40,
            50,
            60,
            70,
            80,
            90,
            100
        ],
        "value": [
            96.71370394923761,
            96.12179183634814,
            96.3822331660195,
            96.28042428260251,
            96.56454209678948,
            96.21649777441046,
            96.26385074344161,
            96.89364523155601,
            95.19367364333743,
            96.84629226252486
        ]
    },
    "train_aa": {
        "type": "index_value",
        "index": [
            10,
            20,
            30,
            40,
            50,
            60,
            70,
            80,
            90,
            100
        ],
        "value": [
            96.2474430169372,
            95.79025564568828,
            96.21996544717162,
            96.11748593508163,
            96.40557709921107,
            96.3783486632751,
            96.27713076260088,
            96.53456843385588,
            95.35229031322162,
            96.22087642676948
        ]
    },
    "train_kappa": {
        "type": "index_value",
        "index": [
            10,
            20,
            30,
            40,
            50,
            60,
            70,
            80,
            90,
            100
        ],
        "value": [
            95.63737973690479,
            94.86360855564271,
            95.20535356487856,
            95.07036318132704,
            95.44689607702865,
            94.99294975233894,
            95.05361618497818,
            95.87601697260324,
            93.64256596511228,
            95.80705702677778
        ]
    },
    "param": {
        "data": {
            "data_sign": "Pavia",
            "data_file": "Pavia_60",
            "dump": false,
            "use_dump": false,
            "diffusion_sign": false,
            "diffusion_data_sign_path_prefix": "/home/cn/codes/spectral_diff_temp/codes/save_feature/pavia_unet3d_patch16_without_downsample_kernal5_fix/save_feature",
            "diffusion_data_sign": "t10_2_full.pkl.npy",
            "patch_size": 13,
            "test_ratio": 0.95,
            "batch_size": 64,
            "num_classes": 16,
            "pca": 103,
            "dim_heads": 64,
            "spectral_size": 103
        },
        "net": {
            "trainer": "cross_trainer",
            "net_type": "just_pixel",
            "mlp_head_dim": 64,
            "depth": 2,
            "dim": 64,
            "heads": 20
        },
        "train": {
            "epochs": 100,
            "lr": 0.001,
            "weight_decay": 0,
            "temp": 20
        },
        "uniq_name": "pavia_cross_param_use.json_60_1"
    },