{
    "epoch_loss": {
        "type": "index_value",
        "index": [
            1,
            2,
            3,
            4,
            5,
            6,
            7,
            8,
            9,
            10,
            11,
            12,
            13,
            14,
            15,
            16,
            17,
            18,
            19,
            20,
            21,
            22,
            23,
            24,
            25,
            26,
            27,
            28,
            29,
            30,
            31,
            32,
            33,
            34,
            35,
            36,
            37,
            38,
            39,
            40,
            41,
            42,
            43,
            44,
            45,
            46,
            47,
            48,
            49,
            50,
            51,
            52,
            53,
            54,
            55,
            56,
            57,
            58,
            59,
            60,
            61,
            62,
            63,
            64,
            65,
            66,
            67,
            68,
            69,
            70,
            71,
            72,
            73,
            74,
            75,
            76,
            77,
            78,
            79,
            80,
            81,
            82,
            83,
            84,
            85,
            86,
            87,
            88,
            89,
            90,
            91,
            92,
            93,
            94,
            95,
            96,
            97,
            98,
            99,
            100
        ],
        "value": [
            2.044626047876146,
            1.227930227915446,
            0.8560506317350599,
            0.577627546257443,
            0.38843266699049206,
            0.2728258728981018,
            0.19730209012826283,
            0.14565713438722822,
            0.10884338253074222,
            0.08407220741113026,
            0.06187400685416328,
            0.059542549484305915,
            0.041210580037699805,
            0.04501813020971086,
            0.03217743502722846,
            0.03300503086712625,
            0.02750187607275115,
            0.025185835858186085,
            0.021493611195021207,
            0.018801739894681507,
            0.020387340543998614,
            0.017493309494521884,
            0.015108510851860046,
            0.014266582143803438,
            0.013782299641105864,
            0.013589494571917587,
            0.01152551124493281,
            0.011935931837393178,
            0.009711267633570565,
            0.01012157348708974,
            0.010535198243127928,
            0.008961977685491245,
            0.009052550254596604,
            0.008655006376405558,
            0.008788739724291696,
            0.00871338053709931,
            0.007261134860002332,
            0.0076193303283717895,
            0.00653111579724484,
            0.006115809890131155,
            0.0061376947288711865,
            0.006297600931591458,
            0.005830811026195685,
            0.005510210887425476,
            0.0057674436105622185,
            0.005583252385258674,
            0.004800221282574866,
            0.0049832170208295185,
            0.004668071441766289,
            0.006173260468575689,
            0.005418402080734571,
            0.005449944103343619,
            0.005149791451791922,
            0.004887845180928707,
            0.004079858637932274,
            0.004078189438829819,
            0.003506636583349771,
            0.00386848251024882,
            0.002988784729192654,
            0.0028286503213975165,
            0.0033389511414700086,
            0.003675378331293662,
            0.0029909730319761566,
            0.0028727419363955655,
            0.00340721692579488,
            0.0028542417981144456,
            0.0030968312381042373,
            0.0025165860075503587,
            0.002629105503567391,
            0.0024949079586399927,
            0.002737399490757121,
            0.002346416511055496,
            0.0024932656851079727,
            0.002641986113869482,
            0.002567396468172471,
            0.0023041483325262862,
            0.0023654499660349555,
            0.002122271837045749,
            0.0018151322845369577,
            0.0020313933439966704,
            0.0021099220650891465,
            0.001866437489580777,
            0.0021979954766316546,
            0.001865185284987092,
            0.0017671795768870247,
            0.002152104391199019,
            0.0022660823435419137,
            0.0019461753907509976,
            0.0016211768198344443,
            0.001974790274269051,
            0.0016033556467543045,
            0.001514591747480962,
            0.0015577768881080878,
            0.0019502963508582778,
            0.0014799415082153346,
            0.0015954630138973395,
            0.0017014785514523586,
            0.001391072566103604,
            0.0015000449338306984,
            0.0014811500932814347
        ]
    },
    "train_oa": {
        "type": "index_value",
        "index": [
            10,
            20,
            30,
            40,
            50,
            60,
            70,
            80,
            90,
            100
        ],
        "value": [
            95.19049415314976,
            95.55120709166353,
            95.51112787627311,
            95.51348547717843,
            95.36259901923802,
            95.4333270463976,
            95.41446623915503,
            95.5229158807997,
            95.46633345907205,
            95.39560543191249
        ]
    },
    "train_aa": {
        "type": "index_value",
        "index": [
            10,
            20,
            30,
            40,
            50,
            60,
            70,
            80,
            90,
            100
        ],
        "value": [
            94.40053530879696,
            94.80972855633136,
            94.75797366921358,
            94.732589441699,
            94.61585191408146,
            94.61786943332423,
            94.69271276967794,
            94.78592710452622,
            94.73778088815072,
            94.64395063680911
        ]
    },
    "train_kappa": {
        "type": "index_value",
        "index": [
            10,
            20,
            30,
            40,
            50,
            60,
            70,
            80,
            90,
            100
        ],
        "value": [
            93.61867761017406,
            94.09426623836866,
            94.04216929900093,
            94.04780872674775,
            93.84487527850692,
            93.93963892230079,
            93.91527441546597,
            94.05747955464508,
            93.98451645522577,
            93.89173583647786
        ]
    },
    "param": {
        "data": {
            "data_sign": "Pavia",
            "data_file": "Pavia_40",
            "dump": false,
            "use_dump": false,
            "diffusion_sign": false,
            "diffusion_data_sign_path_prefix": "/home/cn/codes/spectral_diff_temp/codes/save_feature/pavia_unet3d_patch16_without_downsample_kernal5_fix/save_feature",
            "diffusion_data_sign": "t10_2_full.pkl.npy",
            "patch_size": 13,
            "test_ratio": 0.95,
            "batch_size": 64,
            "num_classes": 16,
            "pca": 103,
            "dim_heads": 64,
            "spectral_size": 103
        },
        "net": {
            "trainer": "cross_trainer",
            "net_type": "just_pixel",
            "mlp_head_dim": 64,
            "depth": 2,
            "dim": 64,
            "heads": 20
        },
        "train": {
            "epochs": 100,
            "lr": 0.001,
            "weight_decay": 0,
            "temp": 20
        },
        "uniq_name": "pavia_cross_param_use.json_40_3"
    },