{
    "epoch_loss": {
        "type": "index_value",
        "index": [
            1,
            2,
            3,
            4,
            5,
            6,
            7,
            8,
            9,
            10,
            11,
            12,
            13,
            14,
            15,
            16,
            17,
            18,
            19,
            20,
            21,
            22,
            23,
            24,
            25,
            26,
            27,
            28,
            29,
            30,
            31,
            32,
            33,
            34,
            35,
            36,
            37,
            38,
            39,
            40,
            41,
            42,
            43,
            44,
            45,
            46,
            47,
            48,
            49,
            50,
            51,
            52,
            53,
            54,
            55,
            56,
            57,
            58,
            59,
            60,
            61,
            62,
            63,
            64,
            65,
            66,
            67,
            68,
            69,
            70,
            71,
            72,
            73,
            74,
            75,
            76,
            77,
            78,
            79,
            80,
            81,
            82,
            83,
            84,
            85,
            86,
            87,
            88,
            89,
            90,
            91,
            92,
            93,
            94,
            95,
            96,
            97,
            98,
            99,
            100
        ],
        "value": [
            2.4620541599061756,
            1.57994368341234,
            1.2135072787602743,
            0.9661406185891893,
            0.7683851493729486,
            0.6021090812153287,
            0.49507221447096933,
            0.3701971060699887,
            0.2832066999541389,
            0.2185694373316235,
            0.18282809323734708,
            0.1459191428290473,
            0.12132226278384527,
            0.10710604670974944,
            0.09438946545124054,
            0.07708675778574414,
            0.0697648877898852,
            0.06388168856501579,
            0.05429835857616531,
            0.053756009538968405,
            0.04791644861300786,
            0.041804766903320946,
            0.041410553786489696,
            0.03700392378701104,
            0.03208145664797889,
            0.03263250320321984,
            0.02678169554306401,
            0.029609586836563215,
            0.026236395744813814,
            0.026877150022321276,
            0.023386816349294452,
            0.021961871989899212,
            0.02358355480763647,
            0.020997535520129732,
            0.021323929230372112,
            0.02124171799255742,
            0.021257942914962767,
            0.018558374171455703,
            0.015919391562541328,
            0.016000242821044394,
            0.015782347031765512,
            0.015126433968544007,
            0.014200799663861592,
            0.012615814039276706,
            0.013922703059183226,
            0.012684944603178237,
            0.01499873741219441,
            0.011791195534169675,
            0.013523405252231491,
            0.011816129088401794,
            0.014022312002877395,
            0.012077521387901571,
            0.010591331414050525,
            0.009273092759152253,
            0.01169122298144632,
            0.010696063770188226,
            0.009829230337507195,
            0.009757346701290873,
            0.009158678621881538,
            0.008763393387198448,
            0.009820987863673105,
            0.008772794550491705,
            0.00831344531228145,
            0.009331060842507415,
            0.007152821578913265,
            0.006717449643959602,
            0.006847733072936535,
            0.0074294002933634655,
            0.006920597505652242,
            0.007629195869796806,
            0.007855902808821863,
            0.006377965605093373,
            0.007068975321534607,
            0.00659262952912185,
            0.0068456503873070085,
            0.0062404214094082516,
            0.005759923346340656,
            0.005781176251669725,
            0.0067237188211745685,
            0.006339834940930208,
            0.006265743035409186,
            0.005563960348566373,
            0.00487734204572108,
            0.005277074273261759,
            0.00543898886276616,
            0.005509045378615459,
            0.004937728628930119,
            0.005720569721112649,
            0.005294759209371275,
            0.0052294097426864835,
            0.005803318756322066,
            0.004741511069652107,
            0.0045098503844605555,
            0.005272682797577646,
            0.005025787692930963,
            0.004053521849628951,
            0.005066975640753905,
            0.004066565130940742,
            0.004007181949499581,
            0.00455311182886362
        ]
    },
    "train_oa": {
        "type": "index_value",
        "index": [
            10,
            20,
            30,
            40,
            50,
            60,
            70,
            80,
            90,
            100
        ],
        "value": [
            87.82749553948727,
            86.82974927223214,
            87.84158136914265,
            87.84158136914265,
            87.87210066672927,
            86.93539299464739,
            87.13494224809841,
            87.29692928913512,
            86.677152784299,
            88.05756409052493
        ]
    },
    "train_aa": {
        "type": "index_value",
        "index": [
            10,
            20,
            30,
            40,
            50,
            60,
            70,
            80,
            90,
            100
        ],
        "value": [
            89.08444666511369,
            89.27937562623717,
            89.42041461086738,
            89.34071355596413,
            89.52929776801088,
            89.10545863402788,
            89.27621737692317,
            89.24585992628212,
            89.10193830634535,
            89.5089697725854
        ]
    },
    "train_kappa": {
        "type": "index_value",
        "index": [
            10,
            20,
            30,
            40,
            50,
            60,
            70,
            80,
            90,
            100
        ],
        "value": [
            84.18800133001047,
            83.0399556467664,
            84.26465242706912,
            84.26620796347663,
            84.31862430231402,
            83.16963916782778,
            83.41715406640574,
            83.61534881761207,
            82.87057901994747,
            84.53973004129556
        ]
    },
    "param": {
        "data": {
            "data_sign": "Pavia",
            "data_file": "Pavia_20",
            "dump": false,
            "use_dump": false,
            "diffusion_sign": false,
            "diffusion_data_sign_path_prefix": "/home/cn/codes/spectral_diff_temp/codes/save_feature/pavia_unet3d_patch16_without_downsample_kernal5_fix/save_feature",
            "diffusion_data_sign": "t10_2_full.pkl.npy",
            "patch_size": 13,
            "test_ratio": 0.95,
            "batch_size": 64,
            "num_classes": 16,
            "pca": 103,
            "dim_heads": 64,
            "spectral_size": 103
        },
        "net": {
            "trainer": "cross_trainer",
            "net_type": "just_pixel",
            "mlp_head_dim": 64,
            "depth": 2,
            "dim": 64,
            "heads": 20
        },
        "train": {
            "epochs": 100,
            "lr": 0.001,
            "weight_decay": 0,
            "temp": 20
        },
        "uniq_name": "pavia_cross_param_use.json_20_3"
    },