{
    "epoch_loss": {
        "type": "index_value",
        "index": [
            1,
            2,
            3,
            4,
            5,
            6,
            7,
            8,
            9,
            10,
            11,
            12,
            13,
            14,
            15,
            16,
            17,
            18,
            19,
            20,
            21,
            22,
            23,
            24,
            25,
            26,
            27,
            28,
            29,
            30,
            31,
            32,
            33,
            34,
            35,
            36,
            37,
            38,
            39,
            40,
            41,
            42,
            43,
            44,
            45,
            46,
            47,
            48,
            49,
            50,
            51,
            52,
            53,
            54,
            55,
            56,
            57,
            58,
            59,
            60,
            61,
            62,
            63,
            64,
            65,
            66,
            67,
            68,
            69,
            70,
            71,
            72,
            73,
            74,
            75,
            76,
            77,
            78,
            79,
            80,
            81,
            82,
            83,
            84,
            85,
            86,
            87,
            88,
            89,
            90,
            91,
            92,
            93,
            94,
            95,
            96,
            97,
            98,
            99,
            100
        ],
        "value": [
            2.6710113525390624,
            1.6935027069515651,
            1.3614523914125232,
            1.1209801461961535,
            0.9714418278800117,
            0.8231208880742391,
            0.6786058836513096,
            0.5968557291560703,
            0.48342527548472086,
            0.40673298372162714,
            0.33378125098016526,
            0.28859532409244115,
            0.23892885512775844,
            0.2242340260081821,
            0.1841560294230779,
            0.15781470239162446,
            0.14906819462776183,
            0.11540526830487781,
            0.10833175695604748,
            0.1012705566154586,
            0.0830832420123948,
            0.07976917210552427,
            0.07757309824228287,
            0.07468953314754698,
            0.06538182646036148,
            0.06994732386536068,
            0.06111795687013202,
            0.05061154928472307,
            0.05026720762252808,
            0.05071059283283022,
            0.04191741719841957,
            0.040812526808844674,
            0.03835185617208481,
            0.037908389667669934,
            0.03591729543275303,
            0.03950318992137909,
            0.035031634983089234,
            0.036770517379045485,
            0.03611959715684255,
            0.02939332922299703,
            0.029896081818474664,
            0.03154652218023936,
            0.02375205142630471,
            0.026064839876360362,
            0.026109328617652257,
            0.0250709208763308,
            0.02460778711570634,
            0.021989358878797955,
            0.02288703794280688,
            0.021444131351179545,
            0.020891819273432095,
            0.01865710173216131,
            0.01862042285501957,
            0.018003001312414803,
            0.017518504709005355,
            0.01801686957478523,
            0.01783600370917055,
            0.015892020447386634,
            0.01610983187953631,
            0.01810308409233888,
            0.01705446152223481,
            0.014556465670466423,
            0.017467592242691253,
            0.013424357006119356,
            0.012513375696208742,
            0.014674415811896324,
            0.014156298836072286,
            0.01383975028163857,
            0.013637647819187906,
            0.014298022207286622,
            0.013125451943940587,
            0.01178168145318826,
            0.011542336394389471,
            0.014908363297581672,
            0.012870060383445688,
            0.011252209978799025,
            0.012573327351775434,
            0.011066598300304677,
            0.010264913965430524,
            0.010138782817456457,
            0.009761788758138816,
            0.01130177935378419,
            0.009749519700805346,
            0.009456774820056227,
            0.009137084831794103,
            0.0101258788878719,
            0.0074174796541531885,
            0.008221974037587643,
            0.00974967053367032,
            0.009878259876535999,
            0.0100526527605123,
            0.008175635751750733,
            0.008627464353210396,
            0.009025919085575474,
            0.009098466651307213,
            0.007791459601786402,
            0.009269094073937998,
            0.009653104800317022,
            0.007414650979141394,
            0.008144144010212686
        ]
    },
    "train_oa": {
        "type": "index_value",
        "index": [
            10,
            20,
            30,
            40,
            50,
            60,
            70,
            80,
            90,
            100
        ],
        "value": [
            80.40341095441129,
            80.17617017289041,
            80.77824110949726,
            80.82978025582157,
            80.82275219041371,
            80.35889987349482,
            80.12931640350466,
            80.32141685798622,
            80.47603429695918,
            80.5322588202221
        ]
    },
    "train_aa": {
        "type": "index_value",
        "index": [
            10,
            20,
            30,
            40,
            50,
            60,
            70,
            80,
            90,
            100
        ],
        "value": [
            81.26071475891563,
            80.87724525234205,
            81.02849912747202,
            80.98732397129763,
            80.75749182832637,
            80.70702204699406,
            80.7300766530218,
            80.92367812025125,
            80.71910259721598,
            80.76799920949243
        ]
    },
    "train_kappa": {
        "type": "index_value",
        "index": [
            10,
            20,
            30,
            40,
            50,
            60,
            70,
            80,
            90,
            100
        ],
        "value": [
            74.49489299626147,
            74.11499277724396,
            74.8285725222178,
            74.8829075266012,
            74.87525342325877,
            74.29523832177478,
            74.06696219159247,
            74.29435532977757,
            74.4576173743944,
            74.51909015158654
        ]
    },
    "param": {
        "data": {
            "data_sign": "Pavia",
            "data_file": "Pavia_10",
            "dump": false,
            "use_dump": false,
            "diffusion_sign": false,
            "diffusion_data_sign_path_prefix": "/home/cn/codes/spectral_diff_temp/codes/save_feature/pavia_unet3d_patch16_without_downsample_kernal5_fix/save_feature",
            "diffusion_data_sign": "t10_2_full.pkl.npy",
            "patch_size": 13,
            "test_ratio": 0.95,
            "batch_size": 64,
            "num_classes": 16,
            "pca": 103,
            "dim_heads": 64,
            "spectral_size": 103
        },
        "net": {
            "trainer": "cross_trainer",
            "net_type": "just_pixel",
            "mlp_head_dim": 64,
            "depth": 2,
            "dim": 64,
            "heads": 20
        },
        "train": {
            "epochs": 100,
            "lr": 0.001,
            "weight_decay": 0,
            "temp": 20
        },
        "uniq_name": "pavia_cross_param_use.json_10_3"
    },