{
    "epoch_loss": {
        "type": "index_value",
        "index": [
            1,
            2,
            3,
            4,
            5,
            6,
            7,
            8,
            9,
            10,
            11,
            12,
            13,
            14,
            15,
            16,
            17,
            18,
            19,
            20,
            21,
            22,
            23,
            24,
            25,
            26,
            27,
            28,
            29,
            30,
            31,
            32,
            33,
            34,
            35,
            36,
            37,
            38,
            39,
            40,
            41,
            42,
            43,
            44,
            45,
            46,
            47,
            48,
            49,
            50,
            51,
            52,
            53,
            54,
            55,
            56,
            57,
            58,
            59,
            60,
            61,
            62,
            63,
            64,
            65,
            66,
            67,
            68,
            69,
            70,
            71,
            72,
            73,
            74,
            75,
            76,
            77,
            78,
            79,
            80,
            81,
            82,
            83,
            84,
            85,
            86,
            87,
            88,
            89,
            90,
            91,
            92,
            93,
            94,
            95,
            96,
            97,
            98,
            99,
            100
        ],
        "value": [
            1.8376325492505674,
            0.952818876725656,
            0.568095162179735,
            0.3567439412629163,
            0.2402094233919073,
            0.1631148651794151,
            0.11849126297014731,
            0.08233582018702118,
            0.05965293695529302,
            0.049917794212147044,
            0.04547695545134721,
            0.043519470785503035,
            0.032826424072738045,
            0.02349150636129909,
            0.019933324500366494,
            0.018123535453169436,
            0.01572074770099587,
            0.01461193364251543,
            0.01188369296077225,
            0.01073852126935014,
            0.010561111886744147,
            0.009917377280416311,
            0.008972075429779512,
            0.008974737570517593,
            0.007618745650958132,
            0.00726832615694514,
            0.007103055198159482,
            0.006991637346369249,
            0.0062517833620033885,
            0.005666226562526491,
            0.005985495116975572,
            0.005562679476484105,
            0.004824716394284257,
            0.004790492276488631,
            0.005039804449511899,
            0.004263823745013387,
            0.003998963286479315,
            0.004409901501127967,
            0.00439764678961149,
            0.004203466857197108,
            0.0037730867767499553,
            0.0038096843563296175,
            0.003559401310566399,
            0.0036701821756583673,
            0.002998197654745093,
            0.003225140089031171,
            0.0026607438404526976,
            0.0029653164834060053,
            0.002670417867462944,
            0.002386467377827675,
            0.005314412161155984,
            0.034379210902584924,
            0.10298222303390503,
            0.06539998595361356,
            0.044098258404820054,
            0.025702752117757445,
            0.016838324870224353,
            0.012319381403978225,
            0.009771739270676065,
            0.005096763979505609,
            0.0038544912512103718,
            0.002901983112786655,
            0.0027216908711664104,
            0.002150255665872936,
            0.0019473087008076686,
            0.0020692852239503905,
            0.001774266641587019,
            0.001706449621943412,
            0.0017553488361752695,
            0.001597444923525607,
            0.0017305220477283,
            0.0013187695285995248,
            0.0014163721921957202,
            0.001251577587660264,
            0.0013426692647583508,
            0.001121300532206617,
            0.001332413879464622,
            0.001103453081170166,
            0.0013543368455160548,
            0.0012237936948184614,
            0.00104832096732463,
            0.001332400125209932,
            0.0008874733440784945,
            0.001049912060369496,
            0.0011962185708667946,
            0.0009973651125889133,
            0.0008530107344052306,
            0.0008917616223226543,
            0.0010565611331171734,
            0.0009708723312036859,
            0.0007851676903320132,
            0.0008214556745736411,
            0.000871894429265349,
            0.000777229480445385,
            0.0007892572898762645,
            0.0007740886821584017,
            0.0006473588528697965,
            0.0007041162431791977,
            0.0007270016763531776,
            0.0006462663256873687
        ]
    },
    "train_oa": {
        "type": "index_value",
        "index": [
            10,
            20,
            30,
            40,
            50,
            60,
            70,
            80,
            90,
            100
        ],
        "value": [
            96.42011554124443,
            96.08154181267166,
            96.3325125485368,
            95.94658585093285,
            96.79183634813903,
            95.68140922435838,
            96.02708589828582,
            95.78321810777535,
            96.3490860876977,
            96.32777725163368
        ]
    },
    "train_aa": {
        "type": "index_value",
        "index": [
            10,
            20,
            30,
            40,
            50,
            60,
            70,
            80,
            90,
            100
        ],
        "value": [
            95.8933225941694,
            95.83519075955658,
            95.99616572020079,
            95.66206034226882,
            96.19739553275714,
            94.95522926920637,
            95.71663609445262,
            95.55712061669936,
            95.83102491073997,
            95.85029408723564
        ]
    },
    "train_kappa": {
        "type": "index_value",
        "index": [
            10,
            20,
            30,
            40,
            50,
            60,
            70,
            80,
            90,
            100
        ],
        "value": [
            95.24684699207494,
            94.80450534098365,
            95.13283685880192,
            94.62114335133569,
            95.73586984251699,
            94.27358244432689,
            94.73012143838615,
            94.40884106235005,
            95.15180759940624,
            95.12462440192677
        ]
    },
    "param": {
        "data": {
            "data_sign": "Pavia",
            "data_file": "Pavia_60",
            "dump": false,
            "use_dump": false,
            "diffusion_sign": false,
            "diffusion_data_sign_path_prefix": "/home/cn/codes/spectral_diff_temp/codes/save_feature/pavia_unet3d_patch16_without_downsample_kernal5_fix/save_feature",
            "diffusion_data_sign": "t10_2_full.pkl.npy",
            "patch_size": 13,
            "test_ratio": 0.95,
            "batch_size": 64,
            "num_classes": 16,
            "pca": 103,
            "dim_heads": 64,
            "spectral_size": 103
        },
        "net": {
            "trainer": "cross_trainer",
            "net_type": "just_pixel",
            "mlp_head_dim": 64,
            "depth": 2,
            "dim": 64,
            "heads": 20
        },
        "train": {
            "epochs": 100,
            "lr": 0.001,
            "weight_decay": 0,
            "temp": 20
        },
        "uniq_name": "pavia_cross_param_use.json_60_2"
    },