{
    "epoch_loss": {
        "type": "index_value",
        "index": [
            1,
            2,
            3,
            4,
            5,
            6,
            7,
            8,
            9,
            10,
            11,
            12,
            13,
            14,
            15,
            16,
            17,
            18,
            19,
            20,
            21,
            22,
            23,
            24,
            25,
            26,
            27,
            28,
            29,
            30,
            31,
            32,
            33,
            34,
            35,
            36,
            37,
            38,
            39,
            40,
            41,
            42,
            43,
            44,
            45,
            46,
            47,
            48,
            49,
            50,
            51,
            52,
            53,
            54,
            55,
            56,
            57,
            58,
            59,
            60,
            61,
            62,
            63,
            64,
            65,
            66,
            67,
            68,
            69,
            70,
            71,
            72,
            73,
            74,
            75,
            76,
            77,
            78,
            79,
            80,
            81,
            82,
            83,
            84,
            85,
            86,
            87,
            88,
            89,
            90,
            91,
            92,
            93,
            94,
            95,
            96,
            97,
            98,
            99,
            100
        ],
        "value": [
            2.359876799583435,
            1.5798311286502413,
            1.2404575268427531,
            0.965872871875763,
            0.7857048206859165,
            0.6387125386132134,
            0.4873698009385003,
            0.40336015356911553,
            0.3313358002238803,
            0.2664264864391751,
            0.19980682068400912,
            0.17498268551296658,
            0.14537690298424827,
            0.1216791421175003,
            0.10335462027125888,
            0.09330256813102299,
            0.08154679470592074,
            0.06941506779856152,
            0.06022494642270936,
            0.06280992014540566,
            0.054980304340521494,
            0.044895900868707234,
            0.04175451604856385,
            0.04002520466844241,
            0.03864780631330278,
            0.03495230509175195,
            0.03552280573381318,
            0.02940110055108865,
            0.028345289909177358,
            0.026000392395589086,
            0.02504228866762585,
            0.024550194293260573,
            0.0221946455952194,
            0.022333493166499668,
            0.020970358202854793,
            0.023942470467752882,
            0.018279734005530675,
            0.017505944271882377,
            0.017534066985050837,
            0.01970098540186882,
            0.01708792791598373,
            0.015408273972570895,
            0.017182365556557975,
            0.014974755297104517,
            0.01608307109110885,
            0.014785250586767992,
            0.014192035732169947,
            0.01279471241351631,
            0.013266391617556413,
            0.014486926338738866,
            0.012759585864841938,
            0.012801534351375368,
            0.012310942697028319,
            0.01217492986470461,
            0.012018258952432208,
            0.010864186411102613,
            0.011210121959447861,
            0.010415092234810193,
            0.010242466980384456,
            0.010000518854293558,
            0.009047690323657459,
            0.008666182226604886,
            0.00869071175240808,
            0.007515406753453944,
            0.008282428752217028,
            0.011568239620990224,
            0.008473927051656775,
            0.008186852662927575,
            0.007533112871978018,
            0.0066929154304994475,
            0.007782924899624454,
            0.007582779083814886,
            0.00642914106655452,
            0.007956052240398194,
            0.007118509440786309,
            0.006513787361068858,
            0.007004278691278564,
            0.00539842482863201,
            0.006861870942844285,
            0.006126085741238462,
            0.005480193884836303,
            0.005909108991424243,
            0.005854373301068942,
            0.005648382328864601,
            0.005736300959769222,
            0.005983336466468043,
            0.005617531451086203,
            0.005286088751422034,
            0.004763329111867481,
            0.004936609510332346,
            0.0051370688300165866,
            0.004479412424067656,
            0.004374805951697959,
            0.004220508918580081,
            0.004187021683901548,
            0.004780594021495846,
            0.004595135286864307,
            0.0038864336907863616,
            0.0051538896643453175,
            0.00439619313304623
        ]
    },
    "train_oa": {
        "type": "index_value",
        "index": [
            10,
            20,
            30,
            40,
            50,
            60,
            70,
            80,
            90,
            100
        ],
        "value": [
            87.63733683913982,
            88.71490280777537,
            89.23373086674805,
            89.08113437881491,
            88.62804019156728,
            88.2852850032867,
            88.47544370363416,
            88.73133627570664,
            88.86280401915673,
            89.47788524744107
        ]
    },
    "train_aa": {
        "type": "index_value",
        "index": [
            10,
            20,
            30,
            40,
            50,
            60,
            70,
            80,
            90,
            100
        ],
        "value": [
            89.45655472626082,
            89.88633312862402,
            90.13162663760956,
            90.16523494602515,
            89.94752066474354,
            89.9315219262466,
            90.06512716274358,
            90.31121517071311,
            90.16910291452827,
            90.31234137033398
        ]
    },
    "train_kappa": {
        "type": "index_value",
        "index": [
            10,
            20,
            30,
            40,
            50,
            60,
            70,
            80,
            90,
            100
        ],
        "value": [
            83.98904524685074,
            85.35089617551645,
            85.99765674001047,
            85.81724683369694,
            85.25637088710236,
            84.84671019858281,
            85.08241539618146,
            85.4152113440456,
            85.57513905720585,
            86.32418151763119
        ]
    },
    "param": {
        "data": {
            "data_sign": "Pavia",
            "data_file": "Pavia_20",
            "dump": false,
            "use_dump": false,
            "diffusion_sign": false,
            "diffusion_data_sign_path_prefix": "/home/cn/codes/spectral_diff_temp/codes/save_feature/pavia_unet3d_patch16_without_downsample_kernal5_fix/save_feature",
            "diffusion_data_sign": "t10_2_full.pkl.npy",
            "patch_size": 13,
            "test_ratio": 0.95,
            "batch_size": 64,
            "num_classes": 16,
            "pca": 103,
            "dim_heads": 64,
            "spectral_size": 103
        },
        "net": {
            "trainer": "cross_trainer",
            "net_type": "just_pixel",
            "mlp_head_dim": 64,
            "depth": 2,
            "dim": 64,
            "heads": 20
        },
        "train": {
            "epochs": 100,
            "lr": 0.001,
            "weight_decay": 0,
            "temp": 20
        },
        "uniq_name": "pavia_cross_param_use.json_20_4"
    },