{
    "epoch_loss": {
        "type": "index_value",
        "index": [
            1,
            2,
            3,
            4,
            5,
            6,
            7,
            8,
            9,
            10,
            11,
            12,
            13,
            14,
            15,
            16,
            17,
            18,
            19,
            20,
            21,
            22,
            23,
            24,
            25,
            26,
            27,
            28,
            29,
            30,
            31,
            32,
            33,
            34,
            35,
            36,
            37,
            38,
            39,
            40,
            41,
            42,
            43,
            44,
            45,
            46,
            47,
            48,
            49,
            50,
            51,
            52,
            53,
            54,
            55,
            56,
            57,
            58,
            59,
            60,
            61,
            62,
            63,
            64,
            65,
            66,
            67,
            68,
            69,
            70,
            71,
            72,
            73,
            74,
            75,
            76,
            77,
            78,
            79,
            80,
            81,
            82,
            83,
            84,
            85,
            86,
            87,
            88,
            89,
            90,
            91,
            92,
            93,
            94,
            95,
            96,
            97,
            98,
            99,
            100
        ],
        "value": [
            2.464406492975023,
            1.5174257569842868,
            1.1647737820943196,
            0.9060556199815538,
            0.7089283598793877,
            0.5503351277775235,
            0.4575346072514852,
            0.35072848399480183,
            0.2634560071759754,
            0.21333574917581347,
            0.16613931821452246,
            0.13963412013318804,
            0.11504799806409412,
            0.0983874566025204,
            0.08295263714260526,
            0.06946834507915708,
            0.0671044598850939,
            0.05809610585371653,
            0.05614995203084416,
            0.043507850997977784,
            0.03952755745914247,
            0.04096042811870575,
            0.036953427228662704,
            0.034493391712506614,
            0.03332108971145418,
            0.029198065565692054,
            0.02897749427292082,
            0.027835536417033936,
            0.025858782314591936,
            0.024063828504747815,
            0.022650178770224252,
            0.0227983419266012,
            0.020020911677016154,
            0.01987831261422899,
            0.0199506519569291,
            0.020471219180358782,
            0.017115061688754294,
            0.01808776011069616,
            0.017176710690061252,
            0.01534000277105305,
            0.01649426023165385,
            0.014847069916625818,
            0.01449733842164278,
            0.013930258548094166,
            0.013235352892014716,
            0.014095610131820042,
            0.012053797352645132,
            0.011519596332477199,
            0.013442456991308265,
            0.011562037695613172,
            0.011904697534110812,
            0.011567907987369432,
            0.010965335803727308,
            0.010164969911177954,
            0.00898915756907728,
            0.010721635466648474,
            0.008440851627124681,
            0.009014700974027316,
            0.009064806025061342,
            0.007973928790953424,
            0.010186102696590954,
            0.0076717917083038226,
            0.009430784069829517,
            0.007754488123787774,
            0.006577301811840799,
            0.0076783700639175044,
            0.008457817840907308,
            0.007037456126676666,
            0.008130635145223802,
            0.0067553253637419805,
            0.007375406453178988,
            0.008674022720919715,
            0.007100961284918918,
            0.006907290872186422,
            0.00693965879165464,
            0.00582642186846998,
            0.006273342130912675,
            0.005797235440048907,
            0.00540087204426527,
            0.007845614477992058,
            0.005536325265549951,
            0.005477642795691888,
            0.0057671421207487585,
            0.004921516920957301,
            0.005261384788900614,
            0.00475763316369719,
            0.005053018457773659,
            0.005378631864570909,
            0.004473515993191136,
            0.0051441680846942795,
            0.004098742977819509,
            0.004881350851307312,
            0.0045536925705770654,
            0.003805079719879561,
            0.004706817306578159,
            0.003793995703260104,
            0.004024164357946979,
            0.0036873954710447128,
            0.005173036963161495,
            0.004645514188127385
        ]
    },
    "train_oa": {
        "type": "index_value",
        "index": [
            10,
            20,
            30,
            40,
            50,
            60,
            70,
            80,
            90,
            100
        ],
        "value": [
            87.7312423701756,
            88.99661940088272,
            89.62343882054653,
            89.87228847779134,
            89.37693680157761,
            89.94741290261996,
            89.40276082261245,
            89.66569630951263,
            89.27364071743825,
            89.72908254296178
        ]
    },
    "train_aa": {
        "type": "index_value",
        "index": [
            10,
            20,
            30,
            40,
            50,
            60,
            70,
            80,
            90,
            100
        ],
        "value": [
            89.22847066418745,
            89.9304397835764,
            90.25235357031475,
            90.43871512677548,
            90.23767101280096,
            90.26158604944374,
            90.14464701809695,
            90.23402958208155,
            90.17793658283253,
            90.45850425873225
        ]
    },
    "train_kappa": {
        "type": "index_value",
        "index": [
            10,
            20,
            30,
            40,
            50,
            60,
            70,
            80,
            90,
            100
        ],
        "value": [
            84.0684005523942,
            85.69394411752236,
            86.47807445159955,
            86.7977516558298,
            86.1740689757921,
            86.88737751237532,
            86.21345214862521,
            86.54002972164132,
            86.05253692195792,
            86.63207500142943
        ]
    },
    "param": {
        "data": {
            "data_sign": "Pavia",
            "data_file": "Pavia_20",
            "dump": false,
            "use_dump": false,
            "diffusion_sign": false,
            "diffusion_data_sign_path_prefix": "/home/cn/codes/spectral_diff_temp/codes/save_feature/pavia_unet3d_patch16_without_downsample_kernal5_fix/save_feature",
            "diffusion_data_sign": "t10_2_full.pkl.npy",
            "patch_size": 13,
            "test_ratio": 0.95,
            "batch_size": 64,
            "num_classes": 16,
            "pca": 103,
            "dim_heads": 64,
            "spectral_size": 103
        },
        "net": {
            "trainer": "cross_trainer",
            "net_type": "just_pixel",
            "mlp_head_dim": 64,
            "depth": 2,
            "dim": 64,
            "heads": 20
        },
        "train": {
            "epochs": 100,
            "lr": 0.001,
            "weight_decay": 0,
            "temp": 20
        },
        "uniq_name": "pavia_cross_param_use.json_20_1"
    },