{
    "epoch_loss": {
        "type": "index_value",
        "index": [
            1,
            2,
            3,
            4,
            5,
            6,
            7,
            8,
            9,
            10,
            11,
            12,
            13,
            14,
            15,
            16,
            17,
            18,
            19,
            20,
            21,
            22,
            23,
            24,
            25,
            26,
            27,
            28,
            29,
            30,
            31,
            32,
            33,
            34,
            35,
            36,
            37,
            38,
            39,
            40,
            41,
            42,
            43,
            44,
            45,
            46,
            47,
            48,
            49,
            50,
            51,
            52,
            53,
            54,
            55,
            56,
            57,
            58,
            59,
            60,
            61,
            62,
            63,
            64,
            65,
            66,
            67,
            68,
            69,
            70,
            71,
            72,
            73,
            74,
            75,
            76,
            77,
            78,
            79,
            80,
            81,
            82,
            83,
            84,
            85,
            86,
            87,
            88,
            89,
            90,
            91,
            92,
            93,
            94,
            95,
            96,
            97,
            98,
            99,
            100
        ],
        "value": [
            2.2008432768009327,
            1.378886213126006,
            0.9978805338894879,
            0.7582669845333806,
            0.5375611473012853,
            0.414692743840041,
            0.29794245649267126,
            0.23189810227464747,
            0.16612979758668828,
            0.13669388349409456,
            0.11571707217781632,
            0.09175850086741977,
            0.09351461595959133,
            0.07616761227448782,
            0.09062980821839085,
            0.08173797263039483,
            0.11279732673256486,
            0.11066421242775741,
            0.07765267397518512,
            0.06913936055368847,
            0.05816362113864334,
            0.03846976740492715,
            0.03563403585166843,
            0.03578921895888117,
            0.031219526683842695,
            0.029478104854071582,
            0.023732447444840713,
            0.04166020728923656,
            0.023270611244219322,
            0.026367784677832216,
            0.025792132455993582,
            0.020825393939459765,
            0.016225346853887594,
            0.02423669490273352,
            0.01829598339067565,
            0.0146760409352956,
            0.01268687252369192,
            0.013613439516888724,
            0.010688828380295523,
            0.009749013889167045,
            0.011891991824463561,
            0.009995160293247965,
            0.008832500605947442,
            0.008208363503217696,
            0.008813850443672252,
            0.007919611636963156,
            0.007051153191261822,
            0.00794097496955483,
            0.007482893337254171,
            0.008914562011206592,
            0.008164923631206706,
            0.007531741137305896,
            0.006379609444627055,
            0.00704519195413148,
            0.008123221676106806,
            0.010363511741161346,
            0.015182974631035769,
            0.02042904737646933,
            0.02240436041244754,
            0.011963487168153127,
            0.009671161254798924,
            0.009377449543939697,
            0.007725771499314794,
            0.009291038586309662,
            0.005372930031821684,
            0.006014286092034093,
            0.005121673374540276,
            0.006675392444486971,
            0.012725467538392102,
            0.008360206566888977,
            0.010800225356662715,
            0.009739461465290299,
            0.006396772740063844,
            0.007128683791530353,
            0.004194440133869648,
            0.004637926596182364,
            0.003513968635902361,
            0.0035153977607411367,
            0.0036316829630070263,
            0.004114565618888096,
            0.0033970702129105727,
            0.0035305123707210576,
            0.003287051186931354,
            0.00322611418173269,
            0.0032163491955509893,
            0.0025762801196564126,
            0.0027718935437776424,
            0.0025678277291633464,
            0.002945161845397066,
            0.004683667890451573,
            0.004541698236156393,
            0.00864637342316133,
            0.003938587375537113,
            0.007168505754735734,
            0.005099431666787024,
            0.029417060922693323,
            0.15604556815491782,
            0.09080216150592875,
            0.05309696793556214,
            0.07230928885164084
        ]
    },
    "train_oa": {
        "type": "index_value",
        "index": [
            10,
            20,
            30,
            40,
            50,
            60,
            70,
            80,
            90,
            100
        ],
        "value": [
            91.29769914835552,
            90.13551028090151,
            91.18712652331436,
            92.00348186138427,
            91.09302216157718,
            92.74455371006447,
            90.1660941984661,
            92.05759186938315,
            92.49517715146098,
            83.57173104973415
        ]
    },
    "train_aa": {
        "type": "index_value",
        "index": [
            10,
            20,
            30,
            40,
            50,
            60,
            70,
            80,
            90,
            100
        ],
        "value": [
            90.65728201198647,
            89.13958251171539,
            88.94153277544673,
            90.6186004826042,
            90.1985979585349,
            91.6814822326482,
            89.61697114835707,
            91.54862830958437,
            91.56510132564583,
            83.31503763808944
        ]
    },
    "train_kappa": {
        "type": "index_value",
        "index": [
            10,
            20,
            30,
            40,
            50,
            60,
            70,
            80,
            90,
            100
        ],
        "value": [
            88.53107791538876,
            86.99561285766248,
            88.3544662675903,
            89.45465519281002,
            88.27194412543994,
            90.4054782506046,
            87.05524707682676,
            89.53553083624018,
            90.09968221132752,
            78.77893070448312
        ]
    },
    "param": {
        "data": {
            "data_sign": "Pavia",
            "data_file": "Pavia_30",
            "dump": false,
            "use_dump": false,
            "diffusion_sign": false,
            "diffusion_data_sign_path_prefix": "/home/cn/codes/spectral_diff_temp/codes/save_feature/pavia_unet3d_patch16_without_downsample_kernal5_fix/save_feature",
            "diffusion_data_sign": "t10_2_full.pkl.npy",
            "patch_size": 13,
            "test_ratio": 0.95,
            "batch_size": 64,
            "num_classes": 16,
            "pca": 103,
            "dim_heads": 64,
            "spectral_size": 103
        },
        "net": {
            "trainer": "cross_trainer",
            "net_type": "just_pixel",
            "mlp_head_dim": 64,
            "depth": 2,
            "dim": 64,
            "heads": 20
        },
        "train": {
            "epochs": 100,
            "lr": 0.001,
            "weight_decay": 0,
            "temp": 20
        },
        "uniq_name": "pavia_cross_param_use.json_30_2"
    },