{
    "epoch_loss": {
        "type": "index_value",
        "index": [
            1,
            2,
            3,
            4,
            5,
            6,
            7,
            8,
            9,
            10,
            11,
            12,
            13,
            14,
            15,
            16,
            17,
            18,
            19,
            20,
            21,
            22,
            23,
            24,
            25,
            26,
            27,
            28,
            29,
            30,
            31,
            32,
            33,
            34,
            35,
            36,
            37,
            38,
            39,
            40,
            41,
            42,
            43,
            44,
            45,
            46,
            47,
            48,
            49,
            50,
            51,
            52,
            53,
            54,
            55,
            56,
            57,
            58,
            59,
            60,
            61,
            62,
            63,
            64,
            65,
            66,
            67,
            68,
            69,
            70,
            71,
            72,
            73,
            74,
            75,
            76,
            77,
            78,
            79,
            80,
            81,
            82,
            83,
            84,
            85,
            86,
            87,
            88,
            89,
            90,
            91,
            92,
            93,
            94,
            95,
            96,
            97,
            98,
            99,
            100
        ],
        "value": [
            1.7248000466634357,
            0.8680252798019894,
            0.529859187111022,
            0.3159135413548303,
            0.1888499845588018,
            0.12989710692375425,
            0.08687268996995592,
            0.057588605015050795,
            0.04459721965212671,
            0.032510585674927345,
            0.024328086495636,
            0.020572267259870256,
            0.01783843534806418,
            0.015470157912562763,
            0.014615829037650237,
            0.013094052267334764,
            0.011993414577510622,
            0.010170873564978441,
            0.009145430862785332,
            0.008321796059017143,
            0.008265005016610736,
            0.007346552347261754,
            0.00703386627433319,
            0.006834217953303504,
            0.006017287004561651,
            0.005892275873985556,
            0.005428875199267789,
            0.005126068163071833,
            0.004670703949199782,
            0.0040650238504722006,
            0.0042637886937766795,
            0.004244609780254818,
            0.00441606958795871,
            0.003676956095215347,
            0.0038273354888790183,
            0.0032898148152208516,
            0.0031668357203699766,
            0.0029175215031182955,
            0.002905259837233831,
            0.0027758695059529846,
            0.0029705232423212794,
            0.002710713862278868,
            0.0023515956431982062,
            0.0022403454400658136,
            0.0022603604506464705,
            0.0023895300836080597,
            0.0023262732159642,
            0.002182133498764227,
            0.001972746765536685,
            0.002042264037115115,
            0.001865734074944778,
            0.001756530131642071,
            0.001798753707580978,
            0.0017651361176773668,
            0.0018261176925743856,
            0.001659315185148328,
            0.0016003746369350998,
            0.001525769195341993,
            0.0015219342525279712,
            0.0016218715081257478,
            0.0014620694719875852,
            0.0014800554544236214,
            0.0013951789831653948,
            0.001374949089487985,
            0.0014522430195014866,
            0.001125017783811523,
            0.0010528052953766688,
            0.001208313252954256,
            0.001274275217234852,
            0.00122965866670249,
            0.0011353754867163915,
            0.0011030955824054896,
            0.0009741077325232918,
            0.0009662898055957779,
            0.0009125944587313348,
            0.0010371264377017578,
            0.0009515486354570068,
            0.0009689432661241246,
            0.0010389471027467932,
            0.0009365120862004539,
            0.0009549262933433056,
            0.000861912467406087,
            0.000990388724982502,
            0.0007855655913729043,
            0.0009270189511072305,
            0.0008324982500487258,
            0.0009026341934851002,
            0.0006885332870297134,
            0.0006992845330387354,
            0.0006679345707645611,
            0.0007423328084220725,
            0.0006765773309217322,
            0.0007265727928218742,
            0.000612546848539736,
            0.0006547961921785914,
            0.0006285585740226365,
            0.0006877196091596805,
            0.0006141846434080176,
            0.000639468796425573,
            0.000688558193071494
        ]
    },
    "train_oa": {
        "type": "index_value",
        "index": [
            10,
            20,
            30,
            40,
            50,
            60,
            70,
            80,
            90,
            100
        ],
        "value": [
            96.69956816779765,
            97.23579936411522,
            97.2547809993831,
            97.27138993024249,
            97.33782565368007,
            97.33308024486308,
            97.24291747734067,
            97.28088074787642,
            97.3188440184122,
            97.38290703744129
        ]
    },
    "train_aa": {
        "type": "index_value",
        "index": [
            10,
            20,
            30,
            40,
            50,
            60,
            70,
            80,
            90,
            100
        ],
        "value": [
            96.21113296979496,
            96.896652544185,
            96.92726471747913,
            96.90929294573968,
            96.92909655981985,
            96.9144888036814,
            96.8843236382415,
            96.93900398519317,
            96.93135388751283,
            96.98976386940967
        ]
    },
    "train_kappa": {
        "type": "index_value",
        "index": [
            10,
            20,
            30,
            40,
            50,
            60,
            70,
            80,
            90,
            100
        ],
        "value": [
            95.61854521197245,
            96.32742103432088,
            96.35316489295752,
            96.37502357037938,
            96.46211974160902,
            96.45650275687363,
            96.33784520331528,
            96.3875759330232,
            96.43798382586839,
            96.52302046083845
        ]
    },
    "param": {
        "data": {
            "data_sign": "Pavia",
            "data_file": "Pavia_70",
            "dump": false,
            "use_dump": false,
            "diffusion_sign": false,
            "diffusion_data_sign_path_prefix": "/home/cn/codes/spectral_diff_temp/codes/save_feature/pavia_unet3d_patch16_without_downsample_kernal5_fix/save_feature",
            "diffusion_data_sign": "t10_2_full.pkl.npy",
            "patch_size": 13,
            "test_ratio": 0.95,
            "batch_size": 64,
            "num_classes": 16,
            "pca": 103,
            "dim_heads": 64,
            "spectral_size": 103
        },
        "net": {
            "trainer": "cross_trainer",
            "net_type": "just_pixel",
            "mlp_head_dim": 64,
            "depth": 2,
            "dim": 64,
            "heads": 20
        },
        "train": {
            "epochs": 100,
            "lr": 0.001,
            "weight_decay": 0,
            "temp": 20
        },
        "uniq_name": "pavia_cross_param_use.json_70_0"
    },