{
    "epoch_loss": {
        "type": "index_value",
        "index": [
            1,
            2,
            3,
            4,
            5,
            6,
            7,
            8,
            9,
            10,
            11,
            12,
            13,
            14,
            15,
            16,
            17,
            18,
            19,
            20,
            21,
            22,
            23,
            24,
            25,
            26,
            27,
            28,
            29,
            30,
            31,
            32,
            33,
            34,
            35,
            36,
            37,
            38,
            39,
            40,
            41,
            42,
            43,
            44,
            45,
            46,
            47,
            48,
            49,
            50,
            51,
            52,
            53,
            54,
            55,
            56,
            57,
            58,
            59,
            60,
            61,
            62,
            63,
            64,
            65,
            66,
            67,
            68,
            69,
            70,
            71,
            72,
            73,
            74,
            75,
            76,
            77,
            78,
            79,
            80,
            81,
            82,
            83,
            84,
            85,
            86,
            87,
            88,
            89,
            90,
            91,
            92,
            93,
            94,
            95,
            96,
            97,
            98,
            99,
            100
        ],
        "value": [
            1.6012525320053101,
            0.7422372407383389,
            0.3960934546258714,
            0.22642270061704847,
            0.1573254750834571,
            0.10551945865154266,
            0.07577790634499657,
            0.0484163878692521,
            0.03701320009099113,
            0.04350610689984428,
            0.03299887180328369,
            0.026286721146768995,
            0.022699709567758772,
            0.015162339020106528,
            0.015118674768341913,
            0.011423699205948247,
            0.011509549824727907,
            0.00992318590482076,
            0.008147863029605813,
            0.007107268087565899,
            0.007164249362217055,
            0.006422017887234688,
            0.005753043024904198,
            0.005641854606154892,
            0.004671682458784845,
            0.004617627741148074,
            0.004413197168873416,
            0.004084612656798627,
            0.004225605602065722,
            0.004394302082558473,
            0.004064103795422448,
            0.004322561000784238,
            0.004030475123888917,
            0.004828169300324387,
            0.03292409827311834,
            0.06468623942799039,
            0.07356549302736919,
            0.12715751826763153,
            0.11580721918079588,
            0.03790689681967099,
            0.016304363517297638,
            0.008355556066251463,
            0.0042154535030325254,
            0.0038358356079293623,
            0.0033054976310167047,
            0.002715714658714003,
            0.0023762852367427614,
            0.0022200234803474612,
            0.0019366580734236374,
            0.0021355604235496787,
            0.0021539564296189284,
            0.0019968530991011195,
            0.002152010363837083,
            0.001800021156668663,
            0.0019467814825475215,
            0.0018310073245730665,
            0.0014680250082165004,
            0.0013160789385437965,
            0.0016306026010877556,
            0.0011454505406113134,
            0.0012889222397158542,
            0.0011095326833633914,
            0.0011301533836457465,
            0.0010366945579234096,
            0.001406001356533832,
            0.001141465362161398,
            0.0011868900205526088,
            0.0009174189038781656,
            0.000963552575558424,
            0.0008711114034263625,
            0.0009225662642469008,
            0.0006992774187690681,
            0.0010487357154488563,
            0.0008110824558469985,
            0.0008771150683363278,
            0.0009736151434481144,
            0.0007930341952790816,
            0.0007549206260591745,
            0.0008321557607915667,
            0.0006880469659032921,
            0.0007141056263612377,
            0.0008250472239322132,
            0.0006064872619592481,
            0.0007781285533888472,
            0.0007981967038681938,
            0.000626169890165329,
            0.000543499062769115,
            0.0005485992438884245,
            0.000590071622799668,
            0.0005562193458899855,
            0.0005014334132687913,
            0.0005050717730126861,
            0.0005677187815308571,
            0.0005880394614198142,
            0.0005562748009752896,
            0.0006750286194599337,
            0.0006064349216305547,
            0.0006375607180719574,
            0.0005511430247376362,
            0.00048602658724929723
        ]
    },
    "train_oa": {
        "type": "index_value",
        "index": [
            10,
            20,
            30,
            40,
            50,
            60,
            70,
            80,
            90,
            100
        ],
        "value": [
            94.49305687654555,
            95.9958151036713,
            96.1670154080274,
            93.30892143808256,
            95.03281339166824,
            94.63096823283242,
            94.6404793608522,
            95.22065817005897,
            95.4037473844398,
            94.93770211147043
        ]
    },
    "train_aa": {
        "type": "index_value",
        "index": [
            10,
            20,
            30,
            40,
            50,
            60,
            70,
            80,
            90,
            100
        ],
        "value": [
            94.7318079408739,
            96.27115931050444,
            96.36901932255795,
            94.49714549530303,
            95.8021915774283,
            95.49551144836622,
            95.52777188776034,
            95.70891700066511,
            95.74344531962295,
            95.72036904472863
        ]
    },
    "train_kappa": {
        "type": "index_value",
        "index": [
            10,
            20,
            30,
            40,
            50,
            60,
            70,
            80,
            90,
            100
        ],
        "value": [
            92.73745317918898,
            94.7021700151951,
            94.92716623248893,
            91.19689114335203,
            93.44493048914012,
            92.9259826677709,
            92.9384611075118,
            93.68787688839342,
            93.92493825043718,
            93.32642794228877
        ]
    },
    "param": {
        "data": {
            "data_sign": "Pavia",
            "data_file": "Pavia_80",
            "dump": false,
            "use_dump": false,
            "diffusion_sign": false,
            "diffusion_data_sign_path_prefix": "/home/cn/codes/spectral_diff_temp/codes/save_feature/pavia_unet3d_patch16_without_downsample_kernal5_fix/save_feature",
            "diffusion_data_sign": "t10_2_full.pkl.npy",
            "patch_size": 13,
            "test_ratio": 0.95,
            "batch_size": 64,
            "num_classes": 16,
            "pca": 103,
            "dim_heads": 64,
            "spectral_size": 103
        },
        "net": {
            "trainer": "cross_trainer",
            "net_type": "just_pixel",
            "mlp_head_dim": 64,
            "depth": 2,
            "dim": 64,
            "heads": 20
        },
        "train": {
            "epochs": 100,
            "lr": 0.001,
            "weight_decay": 0,
            "temp": 20
        },
        "uniq_name": "pavia_cross_param_use.json_80_1"
    },