{
    "epoch_loss": {
        "type": "index_value",
        "index": [
            1,
            2,
            3,
            4,
            5,
            6,
            7,
            8,
            9,
            10,
            11,
            12,
            13,
            14,
            15,
            16,
            17,
            18,
            19,
            20,
            21,
            22,
            23,
            24,
            25,
            26,
            27,
            28,
            29,
            30,
            31,
            32,
            33,
            34,
            35,
            36,
            37,
            38,
            39,
            40,
            41,
            42,
            43,
            44,
            45,
            46,
            47,
            48,
            49,
            50,
            51,
            52,
            53,
            54,
            55,
            56,
            57,
            58,
            59,
            60,
            61,
            62,
            63,
            64,
            65,
            66,
            67,
            68,
            69,
            70,
            71,
            72,
            73,
            74,
            75,
            76,
            77,
            78,
            79,
            80,
            81,
            82,
            83,
            84,
            85,
            86,
            87,
            88,
            89,
            90,
            91,
            92,
            93,
            94,
            95,
            96,
            97,
            98,
            99,
            100
        ],
        "value": [
            2.1831849795800666,
            1.34185034610607,
            0.965295155843099,
            0.6968115996431421,
            0.5042824431701943,
            0.3559893614716,
            0.2610369748539395,
            0.19503528740670945,
            0.18188472655084398,
            0.12229741778638628,
            0.11068727914933806,
            0.08581295857826869,
            0.07294005586041344,
            0.06039468055522,
            0.053859700676467684,
            0.046380444312537156,
            0.03915015718451253,
            0.041950572144102166,
            0.0398728158738878,
            0.039885951688996064,
            0.03247274139689075,
            0.03199903214419329,
            0.021862614265194646,
            0.02208994604923107,
            0.01942821527244868,
            0.018484941373268764,
            0.019398840875537306,
            0.01577237161497275,
            0.01387688463760747,
            0.01651395344071918,
            0.0170926701967363,
            0.01765666593004156,
            0.02105774633862354,
            0.020083829870930426,
            0.01605471521615982,
            0.01801506021508464,
            0.02111483023122505,
            0.02257354885891632,
            0.015413498574936832,
            0.01747140062076074,
            0.012426996624304189,
            0.011788885350580569,
            0.015459292906301993,
            0.009202993599077065,
            0.009174878998763032,
            0.008895572371504925,
            0.006919010245689639,
            0.00642962220504328,
            0.005637841102563672,
            0.005951620569383657,
            0.009904232069298073,
            0.024894745523730912,
            0.038811288939581974,
            0.05443579885694716,
            0.06998866486052673,
            0.04395812225562555,
            0.020953933052994585,
            0.015705930441617964,
            0.012716400795788677,
            0.010119265476586642,
            0.008120282380669206,
            0.005763625681262326,
            0.005712336425979932,
            0.0052340263328342525,
            0.0049773912600896975,
            0.0050178001738256876,
            0.003990481000531603,
            0.004695401823631039,
            0.0032939511006353076,
            0.004229155403596384,
            0.004828404580001478,
            0.004681283980607987,
            0.006628088239166472,
            0.006656642065004066,
            0.004249604612036988,
            0.0052989052539622345,
            0.005457249959861791,
            0.0046631052883134945,
            0.004034095136793675,
            0.003847419836178974,
            0.003880694777601295,
            0.0027818194073107507,
            0.0027711348849590177,
            0.002804583138613789,
            0.0032959833051319476,
            0.0025255388821716664,
            0.0023067038747723455,
            0.0024247866365368718,
            0.003086805964509646,
            0.0024297181344418613,
            0.0024957155118937847,
            0.0022292806973887814,
            0.005736964416724664,
            0.003878867350242756,
            0.012796789086941216,
            0.007976232569112823,
            0.004990608717694326,
            0.004909076610649074,
            0.004120196339984735,
            0.00279589484066323
        ]
    },
    "train_oa": {
        "type": "index_value",
        "index": [
            10,
            20,
            30,
            40,
            50,
            60,
            70,
            80,
            90,
            100
        ],
        "value": [
            89.5614736743048,
            90.6013268715005,
            90.73307297793252,
            90.34959770385358,
            91.06479085305604,
            90.50722250976332,
            91.18712652331436,
            90.21785159742154,
            91.02009128123089,
            90.09316331811979
        ]
    },
    "train_aa": {
        "type": "index_value",
        "index": [
            10,
            20,
            30,
            40,
            50,
            60,
            70,
            80,
            90,
            100
        ],
        "value": [
            90.11595343574467,
            91.021588577729,
            90.70941154980355,
            89.54617550313768,
            90.94200047671825,
            89.54564406041618,
            90.07780776665231,
            89.07674001995147,
            89.28286521731182,
            89.02466081875198
        ]
    },
    "train_kappa": {
        "type": "index_value",
        "index": [
            10,
            20,
            30,
            40,
            50,
            60,
            70,
            80,
            90,
            100
        ],
        "value": [
            86.29641956262411,
            87.68578737950111,
            87.84584012812545,
            87.31548158622209,
            88.26803263210334,
            87.4534724958353,
            88.34459716103528,
            87.11276005479323,
            88.1272771846244,
            86.96818797092828
        ]
    },
    "param": {
        "data": {
            "data_sign": "Pavia",
            "data_file": "Pavia_30",
            "dump": false,
            "use_dump": false,
            "diffusion_sign": false,
            "diffusion_data_sign_path_prefix": "/home/cn/codes/spectral_diff_temp/codes/save_feature/pavia_unet3d_patch16_without_downsample_kernal5_fix/save_feature",
            "diffusion_data_sign": "t10_2_full.pkl.npy",
            "patch_size": 13,
            "test_ratio": 0.95,
            "batch_size": 64,
            "num_classes": 16,
            "pca": 103,
            "dim_heads": 64,
            "spectral_size": 103
        },
        "net": {
            "trainer": "cross_trainer",
            "net_type": "just_pixel",
            "mlp_head_dim": 64,
            "depth": 2,
            "dim": 64,
            "heads": 20
        },
        "train": {
            "epochs": 100,
            "lr": 0.001,
            "weight_decay": 0,
            "temp": 20
        },
        "uniq_name": "pavia_cross_param_use.json_30_1"
    },