{
    "epoch_loss": {
        "type": "index_value",
        "index": [
            1,
            2,
            3,
            4,
            5,
            6,
            7,
            8,
            9,
            10,
            11,
            12,
            13,
            14,
            15,
            16,
            17,
            18,
            19,
            20,
            21,
            22,
            23,
            24,
            25,
            26,
            27,
            28,
            29,
            30,
            31,
            32,
            33,
            34,
            35,
            36,
            37,
            38,
            39,
            40,
            41,
            42,
            43,
            44,
            45,
            46,
            47,
            48,
            49,
            50,
            51,
            52,
            53,
            54,
            55,
            56,
            57,
            58,
            59,
            60,
            61,
            62,
            63,
            64,
            65,
            66,
            67,
            68,
            69,
            70,
            71,
            72,
            73,
            74,
            75,
            76,
            77,
            78,
            79,
            80,
            81,
            82,
            83,
            84,
            85,
            86,
            87,
            88,
            89,
            90,
            91,
            92,
            93,
            94,
            95,
            96,
            97,
            98,
            99,
            100
        ],
        "value": [
            2.181104569081907,
            1.316058169470893,
            0.9304936046953555,
            0.6845209642692849,
            0.4808076748141536,
            0.3714316566785177,
            0.26157381898827026,
            0.2158971040337174,
            0.14803602816881956,
            0.13253520694043902,
            0.11238456975530695,
            0.0816325917288109,
            0.06970060743667461,
            0.055708626298992724,
            0.05404281009126593,
            0.04831657906373342,
            0.04233134361328902,
            0.04704094926516215,
            0.04623383269817741,
            0.08078701076684175,
            0.05013488415214751,
            0.05236824259713844,
            0.048316218069306124,
            0.04270554758884289,
            0.09121966795236976,
            0.0581195914083057,
            0.03814926329586241,
            0.028160861962371404,
            0.024208336185525963,
            0.02299635793875765,
            0.020522484900774778,
            0.017266550301401704,
            0.0161882810846523,
            0.012871475807494587,
            0.012964363230599298,
            0.011258864306189395,
            0.011433150508889446,
            0.012149120453331205,
            0.010472048750078237,
            0.011470815042654674,
            0.010012869950797823,
            0.012242209221477863,
            0.010150629047442366,
            0.008208155024934698,
            0.007944254542666453,
            0.00707047020809518,
            0.007151373261930766,
            0.006447114195260737,
            0.024117065910939817,
            0.026248460400987553,
            0.023042072024610307,
            0.035933522135019304,
            0.05748658025706256,
            0.027051666875680287,
            0.06296969028534713,
            0.03693649084479721,
            0.015527822946508726,
            0.0159089639093037,
            0.012579111616920541,
            0.016303360903704607,
            0.0317552335974243,
            0.012522442142168681,
            0.011136272287479154,
            0.00912202609082063,
            0.007246121384755329,
            0.005627453265090784,
            0.004758315923175326,
            0.005156957454703472,
            0.0048807122227218416,
            0.011384658681021797,
            0.005404448812758481,
            0.015952420786575036,
            0.00655788199769126,
            0.005871358417250492,
            0.005794974871807628,
            0.004471607889152235,
            0.003944698645284882,
            0.003912867598787502,
            0.003589687986230409,
            0.0032886489777377357,
            0.002758959956743099,
            0.0033016259299108275,
            0.00272968582533024,
            0.002573062132837044,
            0.0024301350547897595,
            0.0026385563563693453,
            0.0021995249514778453,
            0.005744602062084056,
            0.0027149069157463533,
            0.0035009144494930903,
            0.007572994884793405,
            0.0033799241193466717,
            0.0036241556310819254,
            0.004116841298700483,
            0.002696939871680957,
            0.003130241642119708,
            0.002177266466120879,
            0.002071809261623356,
            0.0023294271590809028,
            0.0016827924280530876
        ]
    },
    "train_oa": {
        "type": "index_value",
        "index": [
            10,
            20,
            30,
            40,
            50,
            60,
            70,
            80,
            90,
            100
        ],
        "value": [
            90.70013645132452,
            90.30725074107185,
            89.12153578318355,
            90.23667246976898,
            87.6417446948666,
            88.97802663153436,
            89.90495459464546,
            89.99200112925234,
            88.15461346633417,
            88.83687008892862
        ]
    },
    "train_aa": {
        "type": "index_value",
        "index": [
            10,
            20,
            30,
            40,
            50,
            60,
            70,
            80,
            90,
            100
        ],
        "value": [
            89.41285039625781,
            89.2375050870959,
            88.48606796538438,
            90.29548128220591,
            86.02932578718865,
            87.85616701773283,
            89.62427756879285,
            89.33810130378173,
            87.39565363665503,
            88.5435435028847
        ]
    },
    "train_kappa": {
        "type": "index_value",
        "index": [
            10,
            20,
            30,
            40,
            50,
            60,
            70,
            80,
            90,
            100
        ],
        "value": [
            87.67110699165974,
            87.26473017621966,
            85.69851232857033,
            87.19937178777025,
            83.56702127613538,
            85.54488110163614,
            86.73515181272205,
            86.81413580108874,
            84.45372272322732,
            85.32257234447394
        ]
    },
    "param": {
        "data": {
            "data_sign": "Pavia",
            "data_file": "Pavia_30",
            "dump": false,
            "use_dump": false,
            "diffusion_sign": false,
            "diffusion_data_sign_path_prefix": "/home/cn/codes/spectral_diff_temp/codes/save_feature/pavia_unet3d_patch16_without_downsample_kernal5_fix/save_feature",
            "diffusion_data_sign": "t10_2_full.pkl.npy",
            "patch_size": 13,
            "test_ratio": 0.95,
            "batch_size": 64,
            "num_classes": 16,
            "pca": 103,
            "dim_heads": 64,
            "spectral_size": 103
        },
        "net": {
            "trainer": "cross_trainer",
            "net_type": "just_pixel",
            "mlp_head_dim": 64,
            "depth": 2,
            "dim": 64,
            "heads": 20
        },
        "train": {
            "epochs": 100,
            "lr": 0.001,
            "weight_decay": 0,
            "temp": 20
        },
        "uniq_name": "pavia_cross_param_use.json_30_0"
    },