{
    "epoch_loss": {
        "type": "index_value",
        "index": [
            1,
            2,
            3,
            4,
            5,
            6,
            7,
            8,
            9,
            10,
            11,
            12,
            13,
            14,
            15,
            16,
            17,
            18,
            19,
            20,
            21,
            22,
            23,
            24,
            25,
            26,
            27,
            28,
            29,
            30,
            31,
            32,
            33,
            34,
            35,
            36,
            37,
            38,
            39,
            40,
            41,
            42,
            43,
            44,
            45,
            46,
            47,
            48,
            49,
            50,
            51,
            52,
            53,
            54,
            55,
            56,
            57,
            58,
            59,
            60,
            61,
            62,
            63,
            64,
            65,
            66,
            67,
            68,
            69,
            70,
            71,
            72,
            73,
            74,
            75,
            76,
            77,
            78,
            79,
            80,
            81,
            82,
            83,
            84,
            85,
            86,
            87,
            88,
            89,
            90,
            91,
            92,
            93,
            94,
            95,
            96,
            97,
            98,
            99,
            100
        ],
        "value": [
            2.4757722960578072,
            1.5573709355460272,
            1.2021349827448526,
            0.9433290693495009,
            0.735365190770891,
            0.5835084597269694,
            0.45080162551667957,
            0.3584479530652364,
            0.26859605775939094,
            0.24592614505026075,
            0.17443173196580675,
            0.1444427294863595,
            0.11377099884880913,
            0.10758144093884361,
            0.08879467911190457,
            0.07763595018121931,
            0.06531110521819856,
            0.05640612492958705,
            0.051357944309711454,
            0.04578131296568447,
            0.04297900083992216,
            0.04262019925647312,
            0.03788989740941259,
            0.037949612902270426,
            0.032297930328382386,
            0.03286990349491437,
            0.031850199898084006,
            0.03086749120718903,
            0.026534865382644865,
            0.027697950808538332,
            0.02237834015654193,
            0.023561171649230852,
            0.023711690679192543,
            0.021421133644051023,
            0.021852665725681515,
            0.018892804036537807,
            0.01926978545056449,
            0.019965625844067997,
            0.01555209867656231,
            0.015546849990884463,
            0.016041440351141825,
            0.016586654550499385,
            0.015259550015131632,
            0.01692244882384936,
            0.012406235953999891,
            0.01221426957183414,
            0.013291233508951134,
            0.011737442120081848,
            0.012188482532898585,
            0.012561725307669904,
            0.012082657880253263,
            0.011155832124253114,
            0.011330725397500727,
            0.010495116603043345,
            0.009808598686423567,
            0.008796803591152032,
            0.010899505681461759,
            0.00888557295418448,
            0.01006160614391168,
            0.009133505634963512,
            0.009542539964119594,
            0.007239765632483694,
            0.008539495286014345,
            0.008017114818924004,
            0.0074386371920506155,
            0.007778841464055909,
            0.008281672311325868,
            0.009343328989214368,
            0.00762896394977967,
            0.006928659944484631,
            0.008588931316302882,
            0.0065825373141302004,
            0.0071168290244208446,
            0.007334480693356858,
            0.00635050099550022,
            0.006030037781844536,
            0.00680358460586932,
            0.006151321571734217,
            0.005769168275098006,
            0.005188755701399512,
            0.00698551612181796,
            0.005390975396666262,
            0.005412824958976772,
            0.006172636813587613,
            0.0052278104859093824,
            0.005231282653080093,
            0.005841974396672514,
            0.004894669529878431,
            0.00445810171465079,
            0.00584680690533585,
            0.005529004883848958,
            0.004095402877363894,
            0.0051444077036447,
            0.0055832263599667285,
            0.004513385022679965,
            0.004342136221627394,
            0.004601433935264746,
            0.004782192046857542,
            0.004102529533621338,
            0.004174493791328536
        ]
    },
    "train_oa": {
        "type": "index_value",
        "index": [
            10,
            20,
            30,
            40,
            50,
            60,
            70,
            80,
            90,
            100
        ],
        "value": [
            86.60907127429806,
            88.07634519673209,
            87.27814818292798,
            87.92609634707485,
            87.69602779603719,
            87.989482580524,
            88.19372711052681,
            87.88853413466053,
            88.3275424922528,
            88.06225936707672
        ]
    },
    "train_aa": {
        "type": "index_value",
        "index": [
            10,
            20,
            30,
            40,
            50,
            60,
            70,
            80,
            90,
            100
        ],
        "value": [
            88.67835421548598,
            89.81558913767438,
            89.43804499608916,
            89.70684878050518,
            89.65694922958644,
            89.69885973991438,
            89.74718693246993,
            89.74686534793322,
            89.9117706170178,
            89.68393237849486
        ]
    },
    "train_kappa": {
        "type": "index_value",
        "index": [
            10,
            20,
            30,
            40,
            50,
            60,
            70,
            80,
            90,
            100
        ],
        "value": [
            82.69146327620038,
            84.56623446080907,
            83.60013946192983,
            84.3902639856843,
            84.11906157689796,
            84.47251994829197,
            84.72234837192812,
            84.36012459495394,
            84.89477042804762,
            84.56272758063143
        ]
    },
    "param": {
        "data": {
            "data_sign": "Pavia",
            "data_file": "Pavia_20",
            "dump": false,
            "use_dump": false,
            "diffusion_sign": false,
            "diffusion_data_sign_path_prefix": "/home/cn/codes/spectral_diff_temp/codes/save_feature/pavia_unet3d_patch16_without_downsample_kernal5_fix/save_feature",
            "diffusion_data_sign": "t10_2_full.pkl.npy",
            "patch_size": 13,
            "test_ratio": 0.95,
            "batch_size": 64,
            "num_classes": 16,
            "pca": 103,
            "dim_heads": 64,
            "spectral_size": 103
        },
        "net": {
            "trainer": "cross_trainer",
            "net_type": "just_pixel",
            "mlp_head_dim": 64,
            "depth": 2,
            "dim": 64,
            "heads": 20
        },
        "train": {
            "epochs": 100,
            "lr": 0.001,
            "weight_decay": 0,
            "temp": 20
        },
        "uniq_name": "pavia_cross_param_use.json_20_2"
    },