{
    "epoch_loss": {
        "type": "index_value",
        "index": [
            1,
            2,
            3,
            4,
            5,
            6,
            7,
            8,
            9,
            10,
            11,
            12,
            13,
            14,
            15,
            16,
            17,
            18,
            19,
            20,
            21,
            22,
            23,
            24,
            25,
            26,
            27,
            28,
            29,
            30,
            31,
            32,
            33,
            34,
            35,
            36,
            37,
            38,
            39,
            40,
            41,
            42,
            43,
            44,
            45,
            46,
            47,
            48,
            49,
            50,
            51,
            52,
            53,
            54,
            55,
            56,
            57,
            58,
            59,
            60,
            61,
            62,
            63,
            64,
            65,
            66,
            67,
            68,
            69,
            70,
            71,
            72,
            73,
            74,
            75,
            76,
            77,
            78,
            79,
            80,
            81,
            82,
            83,
            84,
            85,
            86,
            87,
            88,
            89,
            90,
            91,
            92,
            93,
            94,
            95,
            96,
            97,
            98,
            99,
            100
        ],
        "value": [
            2.6522356086307104,
            1.7738670667012533,
            1.413977289199829,
            1.2271248526043361,
            0.9764169030719333,
            0.8343182722727458,
            0.7286006715562608,
            0.6077457785606384,
            0.5083690616819594,
            0.42371560335159303,
            0.3718893375661638,
            0.31474297444025673,
            0.26007123125924003,
            0.23079681197802226,
            0.21172895067267947,
            0.17351461582713656,
            0.16931048863463932,
            0.14114558299382526,
            0.1108223471376631,
            0.10632957104179594,
            0.09233504980802536,
            0.08822944478856193,
            0.08994289454486636,
            0.07580758565002017,
            0.07639425628715091,
            0.06418401979737812,
            0.06196108443869485,
            0.05143343574470944,
            0.04875118848350313,
            0.05356705023182763,
            0.05088213715288374,
            0.04540629420015547,
            0.043864037262068854,
            0.03681093404690425,
            0.04281425591972139,
            0.03362638437085681,
            0.032185738037029905,
            0.03498740047216416,
            0.029284597519371243,
            0.026702447856465975,
            0.031250916173060736,
            0.028528145121203528,
            0.029526331192917293,
            0.03374591130349371,
            0.02608258119887776,
            0.027653962125380835,
            0.023927821964025497,
            0.02128230883843369,
            0.02229633087085353,
            0.02367679758204354,
            0.020136975000301996,
            0.020375625292460123,
            0.018725694053702883,
            0.02199293871720632,
            0.019660239045818647,
            0.01806363244023588,
            0.017707804714639983,
            0.014291238660613695,
            0.015638761015401945,
            0.016822183380524318,
            0.01578480874498685,
            0.015105979641278584,
            0.01633655114306344,
            0.01471433745076259,
            0.015510001323289342,
            0.014729084115889338,
            0.014434679225087167,
            0.01209595859464672,
            0.014601484975881047,
            0.01182678449485037,
            0.015384749488698111,
            0.01225508029262225,
            0.012491737699343098,
            0.012805469830830892,
            0.011249634975360499,
            0.013297969144251612,
            0.014304755876461664,
            0.011919933640294604,
            0.011289294622838498,
            0.012279997103744084,
            0.013553112579716576,
            0.010324511242409547,
            0.009979579721887906,
            0.013383226096630096,
            0.01187894522315926,
            0.009343319510420164,
            0.009411168201929993,
            0.00988776721060276,
            0.009478354122903612,
            0.009017511126067903,
            0.009019171198209127,
            0.011584103231628735,
            0.007810964973436462,
            0.009946279269125726,
            0.007808087145288785,
            0.010138880151013533,
            0.008878201556702455,
            0.008042886439296935,
            0.009009519923064443,
            0.007184225931349728
        ]
    },
    "train_oa": {
        "type": "index_value",
        "index": [
            10,
            20,
            30,
            40,
            50,
            60,
            70,
            80,
            90,
            100
        ],
        "value": [
            76.90811975823455,
            77.82645363819519,
            79.06105046150962,
            80.51351731246778,
            80.32844492339409,
            80.65876399756361,
            81.29597526120976,
            80.89771822143092,
            80.97034156397882,
            80.76887035562011
        ]
    },
    "train_aa": {
        "type": "index_value",
        "index": [
            10,
            20,
            30,
            40,
            50,
            60,
            70,
            80,
            90,
            100
        ],
        "value": [
            80.38950794236479,
            81.78413764246926,
            81.75830516240006,
            82.78599769169584,
            82.26194460285843,
            82.20361578208319,
            82.43503683134654,
            82.358231740901,
            82.30949814081166,
            82.12207654842935
        ]
    },
    "train_kappa": {
        "type": "index_value",
        "index": [
            10,
            20,
            30,
            40,
            50,
            60,
            70,
            80,
            90,
            100
        ],
        "value": [
            70.60145618590667,
            71.71979122643515,
            73.16699559346227,
            74.93068835493418,
            74.64647298086956,
            75.01975998991342,
            75.76475661398096,
            75.29077751425287,
            75.40430140107001,
            75.14216820329193
        ]
    },
    "param": {
        "data": {
            "data_sign": "Pavia",
            "data_file": "Pavia_10",
            "dump": false,
            "use_dump": false,
            "diffusion_sign": false,
            "diffusion_data_sign_path_prefix": "/home/cn/codes/spectral_diff_temp/codes/save_feature/pavia_unet3d_patch16_without_downsample_kernal5_fix/save_feature",
            "diffusion_data_sign": "t10_2_full.pkl.npy",
            "patch_size": 13,
            "test_ratio": 0.95,
            "batch_size": 64,
            "num_classes": 16,
            "pca": 103,
            "dim_heads": 64,
            "spectral_size": 103
        },
        "net": {
            "trainer": "cross_trainer",
            "net_type": "just_pixel",
            "mlp_head_dim": 64,
            "depth": 2,
            "dim": 64,
            "heads": 20
        },
        "train": {
            "epochs": 100,
            "lr": 0.001,
            "weight_decay": 0,
            "temp": 20
        },
        "uniq_name": "pavia_cross_param_use.json_10_4"
    },