{
    "epoch_loss": {
        "type": "index_value",
        "index": [
            1,
            2,
            3,
            4,
            5,
            6,
            7,
            8,
            9,
            10,
            11,
            12,
            13,
            14,
            15,
            16,
            17,
            18,
            19,
            20,
            21,
            22,
            23,
            24,
            25,
            26,
            27,
            28,
            29,
            30,
            31,
            32,
            33,
            34,
            35,
            36,
            37,
            38,
            39,
            40,
            41,
            42,
            43,
            44,
            45,
            46,
            47,
            48,
            49,
            50,
            51,
            52,
            53,
            54,
            55,
            56,
            57,
            58,
            59,
            60,
            61,
            62,
            63,
            64,
            65,
            66,
            67,
            68,
            69,
            70,
            71,
            72,
            73,
            74,
            75,
            76,
            77,
            78,
            79,
            80,
            81,
            82,
            83,
            84,
            85,
            86,
            87,
            88,
            89,
            90,
            91,
            92,
            93,
            94,
            95,
            96,
            97,
            98,
            99,
            100
        ],
        "value": [
            1.644311585502019,
            0.7961414287960719,
            0.46216162235017805,
            0.27662725741901095,
            0.1819064839728295,
            0.1075039880379798,
            0.07375238000873535,
            0.05200221523169487,
            0.038225451856851576,
            0.034179469186162194,
            0.026794230624560326,
            0.021764252275701553,
            0.017586251886354553,
            0.016982602319192318,
            0.015092405502403539,
            0.013915271199648343,
            0.01244391029671071,
            0.011377972305294068,
            0.00956815890967846,
            0.008791905109371457,
            0.008153869941948898,
            0.007552724130569942,
            0.0069742105871675505,
            0.00661726679416403,
            0.0067671031543305,
            0.005625219093192192,
            0.005281190426340179,
            0.005023854063262069,
            0.004915401802235653,
            0.00472102365382607,
            0.004161070361881266,
            0.003993147610139752,
            0.0037203223917574163,
            0.00389466333306498,
            0.0033725498451126945,
            0.004088793289921586,
            0.0034600183101637025,
            0.0035722734613551034,
            0.002956396181668554,
            0.0028616803883027937,
            0.0024716346945968413,
            0.0024205244493685544,
            0.0025971020401884164,
            0.0023215730999788593,
            0.0024121491105428762,
            0.002293193678090733,
            0.0024284708653650585,
            0.0021362582369456214,
            0.0019427770271986014,
            0.0022192296793773062,
            0.0019055372680581752,
            0.0018063974352405658,
            0.0018460241223995884,
            0.0017884295042012892,
            0.0014522310889636477,
            0.001666918950199726,
            0.0015358477605447647,
            0.0014609430122026611,
            0.0013728615388067232,
            0.001610583941348725,
            0.0014708003247275003,
            0.0013835749481730755,
            0.0013572883954833424,
            0.0012102485335032855,
            0.0011919684475287795,
            0.0012492123418413694,
            0.001122932702982946,
            0.0012041443988444313,
            0.00102478086408819,
            0.0011813646455901482,
            0.0011076984964015464,
            0.0010619193722035676,
            0.0009985863153512279,
            0.0010915676767509134,
            0.0011027303380182101,
            0.0010789906639339668,
            0.0009338992562825008,
            0.0009725535550849542,
            0.0009092263607603927,
            0.0009003705066067004,
            0.0007928295790897831,
            0.0008443804882792017,
            0.0008738152113639646,
            0.0008056338159515271,
            0.0008493715642197502,
            0.0007273363230365609,
            0.0008295663898544652,
            0.0008162871821753917,
            0.000830307730754453,
            0.000729610014425975,
            0.0007379259635132575,
            0.000664010883257207,
            0.000833825887890444,
            0.0006510592239450605,
            0.0007703284555602641,
            0.0007115585295232161,
            0.0008580843914329769,
            0.0007822307235088258,
            0.0005966720370841877,
            0.000547107009472148
        ]
    },
    "train_oa": {
        "type": "index_value",
        "index": [
            10,
            20,
            30,
            40,
            50,
            60,
            70,
            80,
            90,
            100
        ],
        "value": [
            97.28325345228491,
            97.27850804346795,
            97.53238741517582,
            97.38527974184976,
            97.28799886110188,
            97.32358942722915,
            97.33070754045461,
            97.31172590518673,
            97.28799886110188,
            97.31172590518673
        ]
    },
    "train_aa": {
        "type": "index_value",
        "index": [
            10,
            20,
            30,
            40,
            50,
            60,
            70,
            80,
            90,
            100
        ],
        "value": [
            97.00786067500854,
            96.94057924304438,
            96.99957035116769,
            96.7777462714313,
            96.69831127081852,
            96.78601130740874,
            96.79748745035836,
            96.76828557954441,
            96.7636313856987,
            96.70835302660376
        ]
    },
    "train_kappa": {
        "type": "index_value",
        "index": [
            10,
            20,
            30,
            40,
            50,
            60,
            70,
            80,
            90,
            100
        ],
        "value": [
            96.3883400829681,
            96.38189586461587,
            96.71749471020604,
            96.52291260942985,
            96.39262761716249,
            96.44047534620927,
            96.4506304534228,
            96.42596339491043,
            96.39432516975013,
            96.424500419321
        ]
    },
    "param": {
        "data": {
            "data_sign": "Pavia",
            "data_file": "Pavia_70",
            "dump": false,
            "use_dump": false,
            "diffusion_sign": false,
            "diffusion_data_sign_path_prefix": "/home/cn/codes/spectral_diff_temp/codes/save_feature/pavia_unet3d_patch16_without_downsample_kernal5_fix/save_feature",
            "diffusion_data_sign": "t10_2_full.pkl.npy",
            "patch_size": 13,
            "test_ratio": 0.95,
            "batch_size": 64,
            "num_classes": 16,
            "pca": 103,
            "dim_heads": 64,
            "spectral_size": 103
        },
        "net": {
            "trainer": "cross_trainer",
            "net_type": "just_pixel",
            "mlp_head_dim": 64,
            "depth": 2,
            "dim": 64,
            "heads": 20
        },
        "train": {
            "epochs": 100,
            "lr": 0.001,
            "weight_decay": 0,
            "temp": 20
        },
        "uniq_name": "pavia_cross_param_use.json_70_2"
    },