{
    "epoch_loss": {
        "type": "index_value",
        "index": [
            1,
            2,
            3,
            4,
            5,
            6,
            7,
            8,
            9,
            10,
            11,
            12,
            13,
            14,
            15,
            16,
            17,
            18,
            19,
            20,
            21,
            22,
            23,
            24,
            25,
            26,
            27,
            28,
            29,
            30,
            31,
            32,
            33,
            34,
            35,
            36,
            37,
            38,
            39,
            40,
            41,
            42,
            43,
            44,
            45,
            46,
            47,
            48,
            49,
            50,
            51,
            52,
            53,
            54,
            55,
            56,
            57,
            58,
            59,
            60,
            61,
            62,
            63,
            64,
            65,
            66,
            67,
            68,
            69,
            70,
            71,
            72,
            73,
            74,
            75,
            76,
            77,
            78,
            79,
            80,
            81,
            82,
            83,
            84,
            85,
            86,
            87,
            88,
            89,
            90,
            91,
            92,
            93,
            94,
            95,
            96,
            97,
            98,
            99,
            100
        ],
        "value": [
            1.8316851631800333,
            1.0114217970106336,
            0.6677827803293864,
            0.5325381957160102,
            0.3865804322560628,
            0.24976953188578288,
            0.19252365112304687,
            0.191600182056427,
            0.14897953192392985,
            0.1685522280799018,
            0.13226616859436036,
            0.16402224010891384,
            0.1587901825375027,
            0.12696386681662666,
            0.0829957225587633,
            0.12536925792694092,
            0.08776371849907769,
            0.06755880514780681,
            0.0879729864332411,
            0.08105719221962823,
            0.05940302742852105,
            0.05484587033589681,
            0.03005578147040473,
            0.05053177303738064,
            0.07307534429762098,
            0.07694372998343574,
            0.10354683505164253,
            0.08930271625518799,
            0.06684857368469238,
            0.08985000769297281,
            0.06854545169406467,
            0.08842703580856323,
            0.04920188347498576,
            0.08231750329335531,
            0.08628212504916721,
            0.08531200461917453,
            0.06614099926418729,
            0.06201107819875081,
            0.03626262452867296,
            0.02976522339714898,
            0.029413597848680285,
            0.02515296671125624,
            0.021681741608513726,
            0.03245599071184794,
            0.022108589675691393,
            0.017326694859398736,
            0.018280175262027316,
            0.03134077072143555,
            0.05164555841022068,
            0.04703058507707384,
            0.05265397972530789,
            0.04663368503252665,
            0.058266550964779326,
            0.05167161623636882,
            0.047409149408340456,
            0.03813129531012641,
            0.028208248615264893,
            0.028840915891859265,
            0.01991376241048177,
            0.019829824897978042,
            0.014250948362880283,
            0.015138207409116956,
            0.011928929222954644,
            0.013350048859914143,
            0.03247697353363037,
            0.03352672961023119,
            0.024662302467558118,
            0.015104578600989448,
            0.018034557633929783,
            0.017151353889041477,
            0.05843551145659553,
            0.04542374769846598,
            0.06452711555692885,
            0.04939426157209608,
            0.05103738440407647,
            0.07274042394426133,
            0.043174960878160265,
            0.06722610394159953,
            0.061366550392574735,
            0.0495406526989407,
            0.028422217898898653,
            0.02579871826701694,
            0.023740676111645168,
            0.022505182690090605,
            0.026448300149705676,
            0.019233740038341947,
            0.01273676011297438,
            0.03887797037760417,
            0.032742526133855185,
            0.022804645035001965,
            0.0377118009991116,
            0.04036431736416287,
            0.04847604857550727,
            0.043110059632195365,
            0.026420101324717202,
            0.02399946689605713,
            0.026442888975143432,
            0.02582492510477702,
            0.02558543456925286,
            0.016809213426378037
        ]
    },
    "train_oa": {
        "type": "index_value",
        "index": [
            10,
            20,
            30,
            40,
            50,
            60,
            70,
            80,
            90,
            100
        ],
        "value": [
            91.38827198412324,
            90.1998771440722,
            90.59679629542126,
            92.56957898218589,
            89.17450266975382,
            92.29551575863535,
            92.21046165477485,
            89.37296224542834,
            89.1083494778623,
            89.60213580305249
        ]
    },
    "train_aa": {
        "type": "index_value",
        "index": [
            10,
            20,
            30,
            40,
            50,
            60,
            70,
            80,
            90,
            100
        ],
        "value": [
            92.62279832788063,
            91.8432688198505,
            90.70302995842839,
            92.85761814724825,
            88.15433388822662,
            92.59596633292256,
            92.04097958662746,
            90.64686036347227,
            89.79758042710809,
            90.54606713960315
        ]
    },
    "train_kappa": {
        "type": "index_value",
        "index": [
            10,
            20,
            30,
            40,
            50,
            60,
            70,
            80,
            90,
            100
        ],
        "value": [
            88.70090740882361,
            87.18448018800795,
            87.66301313460411,
            90.22732134612778,
            85.77263268764524,
            89.88261609229554,
            89.73994482136185,
            86.17063505755547,
            85.79274706850372,
            86.4257766713495
        ]
    },
    "param": {
        "data": {
            "data_sign": "Pavia",
            "data_file": "Pavia_50",
            "dump": false,
            "use_dump": false,
            "diffusion_sign": false,
            "diffusion_data_sign_path_prefix": "/home/cn/codes/spectral_diff_temp/codes/save_feature/pavia_unet3d_patch16_without_downsample_kernal5_fix/save_feature",
            "diffusion_data_sign": "t10_2_full.pkl.npy",
            "patch_size": 13,
            "test_ratio": 0.95,
            "batch_size": 64,
            "num_classes": 16,
            "pca": 103,
            "dim_heads": 64,
            "spectral_size": 103
        },
        "net": {
            "trainer": "cross_trainer",
            "net_type": "just_pixel",
            "mlp_head_dim": 64,
            "depth": 2,
            "dim": 64,
            "heads": 20
        },
        "train": {
            "epochs": 100,
            "lr": 0.001,
            "weight_decay": 0,
            "temp": 20
        },
        "uniq_name": "pavia_cross_param_use.json_50_3"
    },