{
    "epoch_loss": {
        "type": "index_value",
        "index": [
            1,
            2,
            3,
            4,
            5,
            6,
            7,
            8,
            9,
            10,
            11,
            12,
            13,
            14,
            15,
            16,
            17,
            18,
            19,
            20,
            21,
            22,
            23,
            24,
            25,
            26,
            27,
            28,
            29,
            30,
            31,
            32,
            33,
            34,
            35,
            36,
            37,
            38,
            39,
            40,
            41,
            42,
            43,
            44,
            45,
            46,
            47,
            48,
            49,
            50,
            51,
            52,
            53,
            54,
            55,
            56,
            57,
            58,
            59,
            60,
            61,
            62,
            63,
            64,
            65,
            66,
            67,
            68,
            69,
            70,
            71,
            72,
            73,
            74,
            75,
            76,
            77,
            78,
            79,
            80,
            81,
            82,
            83,
            84,
            85,
            86,
            87,
            88,
            89,
            90,
            91,
            92,
            93,
            94,
            95,
            96,
            97,
            98,
            99,
            100
        ],
        "value": [
            2.514110724131266,
            1.7549246417151556,
            1.4515468200047812,
            1.2251187059614392,
            1.0452178266313341,
            0.8965128130382962,
            0.7530762910842895,
            0.6519060532251993,
            0.5363031850920783,
            0.44183754722277324,
            0.4084841317600674,
            0.3210863881640964,
            0.2779336386256748,
            0.2735557112428877,
            0.20766909784740872,
            0.16444519923792944,
            0.15277361770470937,
            0.13545668754312729,
            0.12718874083624945,
            0.10764110800292757,
            0.08948535025119782,
            0.0973131956325637,
            0.08558669073714151,
            0.0776139368613561,
            0.07135614504416783,
            0.06299102935526106,
            0.05683418330219057,
            0.0535362485382292,
            0.04968763142824173,
            0.04500339734885428,
            0.04485984237657653,
            0.045770745558871166,
            0.041782878670427535,
            0.03905886179871029,
            0.0374660634332233,
            0.03494052878684468,
            0.03193858116865158,
            0.031092190494139988,
            0.032008891138765545,
            0.029542954679992465,
            0.03234468408756786,
            0.02731169615354803,
            0.026035996195342807,
            0.0239345477686988,
            0.02763494865761863,
            0.024825015539924302,
            0.022310742446117932,
            0.02063757392267386,
            0.021700642009576162,
            0.018414018551508586,
            0.019786826190021305,
            0.018203648345337973,
            0.019666187423798772,
            0.018861226737499237,
            0.02071960787806246,
            0.019901800197031763,
            0.019138899569710096,
            0.01681410272916158,
            0.01527519929740164,
            0.01491199487613307,
            0.01700765246318446,
            0.025930540594789716,
            0.013465723105602794,
            0.017121136395467654,
            0.015015600083602799,
            0.015812794988354046,
            0.015149086134301291,
            0.014602753499315845,
            0.014382733984125986,
            0.012585476723810036,
            0.014211858726210065,
            0.01212281392266353,
            0.012113170263667901,
            0.012993704817361302,
            0.012746211017171542,
            0.01224255690144168,
            0.012498502950701448,
            0.011385137856834465,
            0.012520571466949251,
            0.010132725598911445,
            0.010731672557691732,
            0.01271251862247785,
            0.012002794858482149,
            0.009166791372829013,
            0.010819735460811192,
            0.009986042252017392,
            0.009473421052098275,
            0.010129281588726573,
            0.010050745805104573,
            0.009519306756556035,
            0.00831703469157219,
            0.007807087546421422,
            0.007834320204953353,
            0.008562960144546296,
            0.010498680112262567,
            0.009994683456089762,
            0.00759899007777373,
            0.008278802906473478,
            0.012053558478752772,
            0.008482933644619254
        ]
    },
    "train_oa": {
        "type": "index_value",
        "index": [
            10,
            20,
            30,
            40,
            50,
            60,
            70,
            80,
            90,
            100
        ],
        "value": [
            78.46835027877994,
            78.83615236845804,
            79.23675209670617,
            79.26017898139905,
            79.85522185259805,
            79.9559574567774,
            79.59284074403786,
            80.25582158084617,
            79.29531930843837,
            80.37764138124912
        ]
    },
    "train_aa": {
        "type": "index_value",
        "index": [
            10,
            20,
            30,
            40,
            50,
            60,
            70,
            80,
            90,
            100
        ],
        "value": [
            78.70627599371987,
            79.14486669933912,
            79.96917736454199,
            79.9577169205563,
            80.23343871676897,
            80.14399093618714,
            80.1215522452027,
            80.1749468244048,
            79.82570840372611,
            80.18451583137582
        ]
    },
    "train_kappa": {
        "type": "index_value",
        "index": [
            10,
            20,
            30,
            40,
            50,
            60,
            70,
            80,
            90,
            100
        ],
        "value": [
            72.08434047186907,
            72.37832912214081,
            72.97489357331712,
            72.95906935153276,
            73.67522538237145,
            73.84202936900586,
            73.43171380317719,
            74.14703668541489,
            73.0405142216552,
            74.29375283885489
        ]
    },
    "param": {
        "data": {
            "data_sign": "Pavia",
            "data_file": "Pavia_10",
            "dump": false,
            "use_dump": false,
            "diffusion_sign": false,
            "diffusion_data_sign_path_prefix": "/home/cn/codes/spectral_diff_temp/codes/save_feature/pavia_unet3d_patch16_without_downsample_kernal5_fix/save_feature",
            "diffusion_data_sign": "t10_2_full.pkl.npy",
            "patch_size": 13,
            "test_ratio": 0.95,
            "batch_size": 64,
            "num_classes": 16,
            "pca": 103,
            "dim_heads": 64,
            "spectral_size": 103
        },
        "net": {
            "trainer": "cross_trainer",
            "net_type": "just_pixel",
            "mlp_head_dim": 64,
            "depth": 2,
            "dim": 64,
            "heads": 20
        },
        "train": {
            "epochs": 100,
            "lr": 0.001,
            "weight_decay": 0,
            "temp": 20
        },
        "uniq_name": "pavia_cross_param_use.json_10_2"
    },