{
    "epoch_loss": {
        "type": "index_value",
        "index": [
            1,
            2,
            3,
            4,
            5,
            6,
            7,
            8,
            9,
            10,
            11,
            12,
            13,
            14,
            15,
            16,
            17,
            18,
            19,
            20,
            21,
            22,
            23,
            24,
            25,
            26,
            27,
            28,
            29,
            30,
            31,
            32,
            33,
            34,
            35,
            36,
            37,
            38,
            39,
            40,
            41,
            42,
            43,
            44,
            45,
            46,
            47,
            48,
            49,
            50,
            51,
            52,
            53,
            54,
            55,
            56,
            57,
            58,
            59,
            60,
            61,
            62,
            63,
            64,
            65,
            66,
            67,
            68,
            69,
            70,
            71,
            72,
            73,
            74,
            75,
            76,
            77,
            78,
            79,
            80,
            81,
            82,
            83,
            84,
            85,
            86,
            87,
            88,
            89,
            90,
            91,
            92,
            93,
            94,
            95,
            96,
            97,
            98,
            99,
            100
        ],
        "value": [
            1.6417860958311292,
            0.7344510793685913,
            0.39142388767666286,
            0.2263748692141639,
            0.13570532931221857,
            0.08443008065223694,
            0.07517605192131466,
            0.0658860155277782,
            0.03790345688660939,
            0.031186591916614107,
            0.0451392441160149,
            0.02884816899895668,
            0.018646514953838456,
            0.014689530225263701,
            0.011329990149372153,
            0.010767534375190735,
            0.010803695850902134,
            0.008996949427657656,
            0.008938428138693173,
            0.006938367792301708,
            0.0064153556401530904,
            0.0064727395565973385,
            0.006405137500001324,
            0.005493067329128584,
            0.004953543572790093,
            0.007467254934211572,
            0.01534709551682075,
            0.02718314892715878,
            0.037605036546786624,
            0.027609131154086856,
            0.021735712968640856,
            0.011928510003619724,
            0.006017369259562757,
            0.00425624857760138,
            0.003305488669623931,
            0.002747778780758381,
            0.0024745702433089417,
            0.002142312946832842,
            0.0021315806441836887,
            0.0020334656660755475,
            0.0019534860116740068,
            0.0018824750195360845,
            0.0019135109873281585,
            0.0015964887311889066,
            0.001731345947417948,
            0.002863922373702129,
            0.009956983249220583,
            0.08166642458074623,
            0.04001892970667945,
            0.06423792839050294,
            0.05162896133131451,
            0.01781609238435825,
            0.008095147129562165,
            0.004352627146161265,
            0.0025925812052769795,
            0.002250204421579838,
            0.002177458649708165,
            0.0021431249152455067,
            0.0015685253673129612,
            0.0017725517145461506,
            0.002633914144502746,
            0.0037097525575922594,
            0.0035764487460255624,
            0.0026576600554916595,
            0.00213791217861904,
            0.001696753181103203,
            0.0023435256909579037,
            0.002951004904591375,
            0.004019164707925585,
            0.0019501751081811057,
            0.005323931429949072,
            0.014846346558382113,
            0.01352774454280734,
            0.007201148093574577,
            0.0037294144586970408,
            0.0039754434488713745,
            0.00232424084097147,
            0.0015691311693646843,
            0.0022159288792560497,
            0.001279274420812726,
            0.0009813421819772985,
            0.0008703281792501609,
            0.0008218365449768802,
            0.0007368412230991655,
            0.000703949010413554,
            0.0007603068034061128,
            0.0005565695982012483,
            0.0005309712917854389,
            0.0007935597406079372,
            0.0006228587848858701,
            0.0005495775025337934,
            0.0005377337841006617,
            0.000499841552745137,
            0.00039709070826777153,
            0.0005214081714964576,
            0.00044469967380993895,
            0.00037751837646485205,
            0.0004367717903935247,
            0.00045271492821888793,
            0.00041185210122623376
        ]
    },
    "train_oa": {
        "type": "index_value",
        "index": [
            10,
            20,
            30,
            40,
            50,
            60,
            70,
            80,
            90,
            100
        ],
        "value": [
            95.80559254327564,
            95.53214761270686,
            91.6183184325661,
            95.82699258132014,
            92.1224082176146,
            94.98050218755945,
            95.72474795510747,
            95.8816815674339,
            96.28590450827468,
            96.20030435609664
        ]
    },
    "train_aa": {
        "type": "index_value",
        "index": [
            10,
            20,
            30,
            40,
            50,
            60,
            70,
            80,
            90,
            100
        ],
        "value": [
            95.74932713987737,
            95.9130758516393,
            93.55679133497942,
            95.41607258544302,
            93.35638367558012,
            95.55647911778347,
            94.57706806077637,
            95.22072897828023,
            95.29838022366613,
            95.28450642077566
        ]
    },
    "train_kappa": {
        "type": "index_value",
        "index": [
            10,
            20,
            30,
            40,
            50,
            60,
            70,
            80,
            90,
            100
        ],
        "value": [
            94.43525022435244,
            94.08999441680574,
            89.04696210326422,
            94.46231911007561,
            89.66991995054974,
            93.37049926349137,
            94.3164143669849,
            94.52977654034457,
            95.05575180639167,
            94.94720687909997
        ]
    },
    "param": {
        "data": {
            "data_sign": "Pavia",
            "data_file": "Pavia_80",
            "dump": false,
            "use_dump": false,
            "diffusion_sign": false,
            "diffusion_data_sign_path_prefix": "/home/cn/codes/spectral_diff_temp/codes/save_feature/pavia_unet3d_patch16_without_downsample_kernal5_fix/save_feature",
            "diffusion_data_sign": "t10_2_full.pkl.npy",
            "patch_size": 13,
            "test_ratio": 0.95,
            "batch_size": 64,
            "num_classes": 16,
            "pca": 103,
            "dim_heads": 64,
            "spectral_size": 103
        },
        "net": {
            "trainer": "cross_trainer",
            "net_type": "just_pixel",
            "mlp_head_dim": 64,
            "depth": 2,
            "dim": 64,
            "heads": 20
        },
        "train": {
            "epochs": 100,
            "lr": 0.001,
            "weight_decay": 0,
            "temp": 20
        },
        "uniq_name": "pavia_cross_param_use.json_80_3"
    },