{
    "epoch_loss": {
        "type": "index_value",
        "index": [
            1,
            2,
            3,
            4,
            5,
            6,
            7,
            8,
            9,
            10,
            11,
            12,
            13,
            14,
            15,
            16,
            17,
            18,
            19,
            20,
            21,
            22,
            23,
            24,
            25,
            26,
            27,
            28,
            29,
            30,
            31,
            32,
            33,
            34,
            35,
            36,
            37,
            38,
            39,
            40,
            41,
            42,
            43,
            44,
            45,
            46,
            47,
            48,
            49,
            50,
            51,
            52,
            53,
            54,
            55,
            56,
            57,
            58,
            59,
            60,
            61,
            62,
            63,
            64,
            65,
            66,
            67,
            68,
            69,
            70,
            71,
            72,
            73,
            74,
            75,
            76,
            77,
            78,
            79,
            80,
            81,
            82,
            83,
            84,
            85,
            86,
            87,
            88,
            89,
            90,
            91,
            92,
            93,
            94,
            95,
            96,
            97,
            98,
            99,
            100
        ],
        "value": [
            1.9229783990648057,
            1.0877494875590006,
            0.8102485413021512,
            0.6132105742560493,
            0.4704390472835965,
            0.37087846914927164,
            0.31069244119856093,
            0.23676784091525607,
            0.17774893442789713,
            0.15769377814398872,
            0.1459906906551785,
            0.1114395523071289,
            0.16439213010999892,
            0.1354803662829929,
            0.1339858012729221,
            0.09997558699713813,
            0.14722186088562011,
            0.08835893604490493,
            0.074910855823093,
            0.08889795568254259,
            0.08904993772506714,
            0.07666640334659153,
            0.08046044773525662,
            0.1057754357655843,
            0.07854715241326227,
            0.08614528523551093,
            0.0609980657365587,
            0.0487889469994439,
            0.13874236318800184,
            0.10013133472866483,
            0.07648359987470839,
            0.08461954328748915,
            0.05863597763909234,
            0.050371044476826984,
            0.050533261034223766,
            0.05304104142718845,
            0.08768168290456137,
            0.0595095083448622,
            0.06902801778581408,
            0.04495470868216621,
            0.0457942525545756,
            0.0322807068294949,
            0.022110910415649415,
            0.021558387676874798,
            0.017501038445366754,
            0.017564499510659113,
            0.024666692548327977,
            0.015589636034435696,
            0.01574297891722785,
            0.031463033225801254,
            0.028181750112109716,
            0.06263291041056315,
            0.05332232342825995,
            0.037700142065684,
            0.03229531129201253,
            0.06557367430792914,
            0.06709230528937446,
            0.08460754182603625,
            0.057734057638380264,
            0.038394082917107476,
            0.027806312375598483,
            0.026709995004865858,
            0.021038428942362467,
            0.02793037070168389,
            0.038050612343682184,
            0.022734915084309047,
            0.022978657086690266,
            0.021190578672620985,
            0.016384520000881617,
            0.01586052940951453,
            0.01167476409011417,
            0.027292095621426902,
            0.022012187971009147,
            0.02134832137160831,
            0.016370072099897597,
            0.016987884706921048,
            0.013451744582917955,
            0.011530403892199198,
            0.012324292990896437,
            0.010164780219395956,
            0.009526258177227444,
            0.010586777395672268,
            0.029881268011199103,
            0.04529994010925293,
            0.0307389325565762,
            0.01806593484348721,
            0.02781814416249593,
            0.03912212239371406,
            0.022470544046825833,
            0.049328299628363714,
            0.02856129672792223,
            0.051541372802522446,
            0.031664594809214276,
            0.017166321145163643,
            0.012882761690351699,
            0.043070059617360434,
            0.043854990005493165,
            0.04277880284521315,
            0.04617487880918715,
            0.021803998152414957
        ]
    },
    "train_oa": {
        "type": "index_value",
        "index": [
            10,
            20,
            30,
            40,
            50,
            60,
            70,
            80,
            90,
            100
        ],
        "value": [
            92.41364645844162,
            94.02967443179134,
            93.04918962339933,
            92.38293247649199,
            93.80522610215944,
            93.87137929405094,
            94.92510513632283,
            94.438406653121,
            93.20039691915134,
            93.21693521712423
        ]
    },
    "train_aa": {
        "type": "index_value",
        "index": [
            10,
            20,
            30,
            40,
            50,
            60,
            70,
            80,
            90,
            100
        ],
        "value": [
            91.59665263919982,
            91.0882402871104,
            93.26940392285368,
            92.80843247837542,
            93.18353221709539,
            93.33060269788156,
            94.2616440675717,
            93.9530777859282,
            92.17515560584879,
            92.45304313489669
        ]
    },
    "train_kappa": {
        "type": "index_value",
        "index": [
            10,
            20,
            30,
            40,
            50,
            60,
            70,
            80,
            90,
            100
        ],
        "value": [
            89.9961044817064,
            92.06211792294475,
            90.86568462954698,
            90.01888468903236,
            91.80478973927882,
            91.88350828294494,
            93.2805433686244,
            92.64748862353188,
            91.01083984540243,
            91.03907884538968
        ]
    },
    "param": {
        "data": {
            "data_sign": "Pavia",
            "data_file": "Pavia_50",
            "dump": false,
            "use_dump": false,
            "diffusion_sign": false,
            "diffusion_data_sign_path_prefix": "/home/cn/codes/spectral_diff_temp/codes/save_feature/pavia_unet3d_patch16_without_downsample_kernal5_fix/save_feature",
            "diffusion_data_sign": "t10_2_full.pkl.npy",
            "patch_size": 13,
            "test_ratio": 0.95,
            "batch_size": 64,
            "num_classes": 16,
            "pca": 103,
            "dim_heads": 64,
            "spectral_size": 103
        },
        "net": {
            "trainer": "cross_trainer",
            "net_type": "just_pixel",
            "mlp_head_dim": 64,
            "depth": 2,
            "dim": 64,
            "heads": 20
        },
        "train": {
            "epochs": 100,
            "lr": 0.001,
            "weight_decay": 0,
            "temp": 20
        },
        "uniq_name": "pavia_cross_param_use.json_50_1"
    },