{
    "epoch_loss": {
        "type": "index_value",
        "index": [
            1,
            2,
            3,
            4,
            5,
            6,
            7,
            8,
            9,
            10,
            11,
            12,
            13,
            14,
            15,
            16,
            17,
            18,
            19,
            20,
            21,
            22,
            23,
            24,
            25,
            26,
            27,
            28,
            29,
            30,
            31,
            32,
            33,
            34,
            35,
            36,
            37,
            38,
            39,
            40,
            41,
            42,
            43,
            44,
            45,
            46,
            47,
            48,
            49,
            50,
            51,
            52,
            53,
            54,
            55,
            56,
            57,
            58,
            59,
            60,
            61,
            62,
            63,
            64,
            65,
            66,
            67,
            68,
            69,
            70,
            71,
            72,
            73,
            74,
            75,
            76,
            77,
            78,
            79,
            80,
            81,
            82,
            83,
            84,
            85,
            86,
            87,
            88,
            89,
            90,
            91,
            92,
            93,
            94,
            95,
            96,
            97,
            98,
            99,
            100
        ],
        "value": [
            2.0326010333167184,
            1.180972687403361,
            0.8145389768812391,
            0.5900954617394342,
            0.4088483684592777,
            0.2756524205207825,
            0.18657399217287698,
            0.12603054079744552,
            0.09823709229628245,
            0.06608413855234782,
            0.05631146555145582,
            0.05912368264463213,
            0.04807085982627339,
            0.04983594963947932,
            0.04368632419241799,
            0.03336939484708839,
            0.03349901040395101,
            0.026445139447848,
            0.02142265716360675,
            0.01864192494087749,
            0.016813197980324428,
            0.01677186524288522,
            0.018187402685483297,
            0.015862307573358218,
            0.012716050487425593,
            0.012914601320193873,
            0.011500016434325112,
            0.01052128949926959,
            0.010557855996820662,
            0.009117572961582079,
            0.008785665035247803,
            0.008573824105163415,
            0.008722987046672239,
            0.0075069901222983995,
            0.007302002350075378,
            0.007191695790323947,
            0.006891852037774192,
            0.005902365315705538,
            0.006255072645015187,
            0.006408950065573057,
            0.006295602727267477,
            0.005854988843202591,
            0.005187993610484732,
            0.005695340554747317,
            0.0050494617058171164,
            0.004671070652289523,
            0.004455954457322757,
            0.004253388920591937,
            0.004058037367131975,
            0.004382020566198561,
            0.004430742592861255,
            0.004027039014423887,
            0.004734560588581694,
            0.004004278178844187,
            0.0035431555575794645,
            0.003521746733329362,
            0.003746713066680564,
            0.0036634636628958914,
            0.003637769456124968,
            0.0027848619708998336,
            0.003491556023557981,
            0.0031595863091448944,
            0.0032215988729149105,
            0.0030835551416708365,
            0.0032362949206597275,
            0.0028486686448256173,
            0.0025756816069285077,
            0.002320984813074271,
            0.0025938724943747123,
            0.00221407068375912,
            0.0023077524681058195,
            0.002637209360384279,
            0.0021110373756123915,
            0.0022317901564141113,
            0.0021608021162036395,
            0.002374148839670751,
            0.0020839839501099453,
            0.0024010315847893555,
            0.0021784270803133646,
            0.002164385933429003,
            0.00220373859629035,
            0.0021107230852875445,
            0.0019461642717942596,
            0.0019209706534941992,
            0.0018709742671085727,
            0.0019449004696475134,
            0.002014645600380997,
            0.0016105015555189716,
            0.0022160914830035633,
            0.001818695053872135,
            0.001964588152865569,
            0.0017338701420360142,
            0.0015634773997589945,
            0.0015032109494010606,
            0.001553814842676123,
            0.0017738985311653878,
            0.0016243703094207579,
            0.0013684582844790485,
            0.0014372334168809983,
            0.0013213849497131175
        ]
    },
    "train_oa": {
        "type": "index_value",
        "index": [
            10,
            20,
            30,
            40,
            50,
            60,
            70,
            80,
            90,
            100
        ],
        "value": [
            93.60618634477555,
            94.4289890607318,
            94.81799321010939,
            94.96180686533383,
            94.92880045265937,
            94.59402112410412,
            94.76376838928707,
            94.87929083364767,
            95.06318370426254,
            95.13862693323274
        ]
    },
    "train_aa": {
        "type": "index_value",
        "index": [
            10,
            20,
            30,
            40,
            50,
            60,
            70,
            80,
            90,
            100
        ],
        "value": [
            93.52228785105297,
            94.34532080852142,
            94.40728742517437,
            94.55902118077734,
            94.46409706069338,
            94.36301580415716,
            94.4329377152589,
            94.47566403914888,
            94.438117897837,
            94.65269656355589
        ]
    },
    "train_kappa": {
        "type": "index_value",
        "index": [
            10,
            20,
            30,
            40,
            50,
            60,
            70,
            80,
            90,
            100
        ],
        "value": [
            91.56423089564389,
            92.63526774957774,
            93.13207832788738,
            93.32641595200755,
            93.27900768384077,
            92.83962018374545,
            93.06264793638464,
            93.21043432554607,
            93.44141397948447,
            93.54752072318885
        ]
    },
    "param": {
        "data": {
            "data_sign": "Pavia",
            "data_file": "Pavia_40",
            "dump": false,
            "use_dump": false,
            "diffusion_sign": false,
            "diffusion_data_sign_path_prefix": "/home/cn/codes/spectral_diff_temp/codes/save_feature/pavia_unet3d_patch16_without_downsample_kernal5_fix/save_feature",
            "diffusion_data_sign": "t10_2_full.pkl.npy",
            "patch_size": 13,
            "test_ratio": 0.95,
            "batch_size": 64,
            "num_classes": 16,
            "pca": 103,
            "dim_heads": 64,
            "spectral_size": 103
        },
        "net": {
            "trainer": "cross_trainer",
            "net_type": "just_pixel",
            "mlp_head_dim": 64,
            "depth": 2,
            "dim": 64,
            "heads": 20
        },
        "train": {
            "epochs": 100,
            "lr": 0.001,
            "weight_decay": 0,
            "temp": 20
        },
        "uniq_name": "pavia_cross_param_use.json_40_1"
    },