{
    "epoch_loss": {
        "type": "index_value",
        "index": [
            1,
            2,
            3,
            4,
            5,
            6,
            7,
            8,
            9,
            10,
            11,
            12,
            13,
            14,
            15,
            16,
            17,
            18,
            19,
            20,
            21,
            22,
            23,
            24,
            25,
            26,
            27,
            28,
            29,
            30,
            31,
            32,
            33,
            34,
            35,
            36,
            37,
            38,
            39,
            40,
            41,
            42,
            43,
            44,
            45,
            46,
            47,
            48,
            49,
            50,
            51,
            52,
            53,
            54,
            55,
            56,
            57,
            58,
            59,
            60,
            61,
            62,
            63,
            64,
            65,
            66,
            67,
            68,
            69,
            70,
            71,
            72,
            73,
            74,
            75,
            76,
            77,
            78,
            79,
            80,
            81,
            82,
            83,
            84,
            85,
            86,
            87,
            88,
            89,
            90,
            91,
            92,
            93,
            94,
            95,
            96,
            97,
            98,
            99,
            100
        ],
        "value": [
            2.106395637547528,
            1.2907665976771603,
            0.8884078140612002,
            0.6518967103075098,
            0.4640595820215013,
            0.34726806216769746,
            0.24833998922948483,
            0.19352983699904547,
            0.15825162000126308,
            0.1173837274312973,
            0.1053952780034807,
            0.08381094998783535,
            0.09116218995164942,
            0.07055470060419153,
            0.07199087970786625,
            0.07381587315488744,
            0.05684659580389659,
            0.06505425693812193,
            0.050814486377769044,
            0.04987897652166861,
            0.03524055193971704,
            0.03815797048586386,
            0.0616478838302471,
            0.054385294682449764,
            0.04445041398759241,
            0.0298603146440453,
            0.03510608777955726,
            0.02179542233546575,
            0.01715766332215733,
            0.016776380950102098,
            0.015473790108053772,
            0.013052134408994958,
            0.012595925204179905,
            0.011909332236757985,
            0.012089793701414709,
            0.020719532061506202,
            0.012079621644483672,
            0.021664461465897383,
            0.016052259132266045,
            0.014852821909719044,
            0.01392603729058195,
            0.010581917377809684,
            0.010509496982450838,
            0.008913221082615632,
            0.012683789432048797,
            0.008910235390067101,
            0.02354189775608204,
            0.013499208995037608,
            0.023302193537906364,
            0.010430524636197973,
            0.020717510029121682,
            0.058398611181312135,
            0.028724701978542187,
            0.06335179129684412,
            0.03566998955276277,
            0.04027366894814703,
            0.010705624217236484,
            0.0109506085652996,
            0.00962379267094312,
            0.007607761701499975,
            0.007110691174036927,
            0.005846815073379764,
            0.004900430122183429,
            0.005006698822533643,
            0.004975276806012348,
            0.004618679732084274,
            0.004554884866983802,
            0.003608295700892254,
            0.003349400077153135,
            0.0029513197571591093,
            0.003282930515706539,
            0.003351929445785505,
            0.0029390345500023276,
            0.003084558476176527,
            0.002478012018319633,
            0.0036326044963465795,
            0.0026010488746342837,
            0.0028735407766092708,
            0.002666854661785894,
            0.0027282539686119115,
            0.0038066216020120514,
            0.0038076085348924,
            0.005692044562763638,
            0.003455929899657214,
            0.0050748536156283485,
            0.004139687158857231,
            0.006140650194828157,
            0.004251165198231185,
            0.005061795617695208,
            0.003736025177770191,
            0.006441608733601041,
            0.004661410474390895,
            0.01526150303306403,
            0.006146257136155058,
            0.009863858794172604,
            0.013474048950054027,
            0.006234257185348758,
            0.007387834897747746,
            0.005817233795231139,
            0.003377329721977865
        ]
    },
    "train_oa": {
        "type": "index_value",
        "index": [
            10,
            20,
            30,
            40,
            50,
            60,
            70,
            80,
            90,
            100
        ],
        "value": [
            92.22697972051004,
            91.78233661130193,
            91.2153578318355,
            91.26005740366065,
            90.401355102809,
            91.05773302592574,
            92.13287535877288,
            92.32578930033407,
            90.65073166141251,
            88.91450618736178
        ]
    },
    "train_aa": {
        "type": "index_value",
        "index": [
            10,
            20,
            30,
            40,
            50,
            60,
            70,
            80,
            90,
            100
        ],
        "value": [
            90.58425853634388,
            90.55303182081444,
            90.13709573213933,
            90.19118695935275,
            88.56916320642901,
            89.98637904236139,
            90.67262857320027,
            90.76808357329304,
            88.68082297185819,
            89.77423453176985
        ]
    },
    "train_kappa": {
        "type": "index_value",
        "index": [
            10,
            20,
            30,
            40,
            50,
            60,
            70,
            80,
            90,
            100
        ],
        "value": [
            89.74221635147353,
            89.18097448070729,
            88.40299915300834,
            88.44438417846035,
            87.37982985929347,
            88.2048450894497,
            89.60532995731998,
            89.84887022650435,
            87.58028075035136,
            85.50795433456742
        ]
    },
    "param": {
        "data": {
            "data_sign": "Pavia",
            "data_file": "Pavia_30",
            "dump": false,
            "use_dump": false,
            "diffusion_sign": false,
            "diffusion_data_sign_path_prefix": "/home/cn/codes/spectral_diff_temp/codes/save_feature/pavia_unet3d_patch16_without_downsample_kernal5_fix/save_feature",
            "diffusion_data_sign": "t10_2_full.pkl.npy",
            "patch_size": 13,
            "test_ratio": 0.95,
            "batch_size": 64,
            "num_classes": 16,
            "pca": 103,
            "dim_heads": 64,
            "spectral_size": 103
        },
        "net": {
            "trainer": "cross_trainer",
            "net_type": "just_pixel",
            "mlp_head_dim": 64,
            "depth": 2,
            "dim": 64,
            "heads": 20
        },
        "train": {
            "epochs": 100,
            "lr": 0.001,
            "weight_decay": 0,
            "temp": 20
        },
        "uniq_name": "pavia_cross_param_use.json_30_3"
    },