{
    "epoch_loss": {
        "type": "index_value",
        "index": [
            1,
            2,
            3,
            4,
            5,
            6,
            7,
            8,
            9,
            10,
            11,
            12,
            13,
            14,
            15,
            16,
            17,
            18,
            19,
            20,
            21,
            22,
            23,
            24,
            25,
            26,
            27,
            28,
            29,
            30,
            31,
            32,
            33,
            34,
            35,
            36,
            37,
            38,
            39,
            40,
            41,
            42,
            43,
            44,
            45,
            46,
            47,
            48,
            49,
            50,
            51,
            52,
            53,
            54,
            55,
            56,
            57,
            58,
            59,
            60,
            61,
            62,
            63,
            64,
            65,
            66,
            67,
            68,
            69,
            70,
            71,
            72,
            73,
            74,
            75,
            76,
            77,
            78,
            79,
            80,
            81,
            82,
            83,
            84,
            85,
            86,
            87,
            88,
            89,
            90,
            91,
            92,
            93,
            94,
            95,
            96,
            97,
            98,
            99,
            100
        ],
        "value": [
            1.5570020437240601,
            0.6916690336333381,
            0.3642262193891737,
            0.21682060460249583,
            0.12905863788392807,
            0.10155125194125705,
            0.08356401837534375,
            0.07556871639357673,
            0.05231828350159857,
            0.034894504066970616,
            0.024683881633811525,
            0.023578694752520984,
            0.019567734003067015,
            0.0165241154945559,
            0.013928379697932137,
            0.03381785402695338,
            0.02678627005467812,
            0.013754554900030296,
            0.009856939026051097,
            0.01180830490258005,
            0.010517185015810861,
            0.008118324561251535,
            0.0058240641736321975,
            0.005326847918331623,
            0.004536850346873204,
            0.005028496641251776,
            0.004387231729924679,
            0.0043588739612864125,
            0.0038308891364269787,
            0.0035450111453731855,
            0.0043922258540987965,
            0.004333140411310726,
            0.004355970583856106,
            0.0033424606132838462,
            0.002790514597048362,
            0.0029384467957748305,
            0.002261746943824821,
            0.0023001640517678525,
            0.002687643758124775,
            0.002837078863133987,
            0.0028181220766984754,
            0.0024779632998009524,
            0.001935992633096046,
            0.0019610416506313615,
            0.001986794411722157,
            0.0018033724795613025,
            0.0016581946932193307,
            0.001671682039482726,
            0.001464832594825162,
            0.0014836996379825804,
            0.001326289979947938,
            0.0014767577095578114,
            0.0013045655822174417,
            0.001250407254944245,
            0.0014006990887638596,
            0.0017801771147383583,
            0.003924033335513539,
            0.009486930093003644,
            0.16870952387236887,
            0.10044152670436435,
            0.09894806196292241,
            0.038939167476362654,
            0.048879992216825485,
            0.030806700388590496,
            0.01399153115020858,
            0.029596669102708497,
            0.017329808707452484,
            0.024202461933924092,
            0.07851900574233797,
            0.05668026314427455,
            0.009186189497510593,
            0.00647354411582152,
            0.005261004819638199,
            0.0034568623846603763,
            0.002739363174057669,
            0.002623118486048447,
            0.007478517811331484,
            0.014718084327048726,
            0.0034624301104082002,
            0.0025900072211192714,
            0.0017610485975941023,
            0.0031631901963717407,
            0.0033550458235873117,
            0.003041727458023363,
            0.0017943462460405296,
            0.001932784883926312,
            0.0016339570749551058,
            0.0016313940027935638,
            0.00097379214130342,
            0.0009247370840360721,
            0.0008831636074723469,
            0.0008061985692216291,
            0.0011795901382962862,
            0.000838310610399478,
            0.0006843998640154799,
            0.0006770526421152883,
            0.0006850043415195412,
            0.0006820059730671346,
            0.0018179386724821395,
            0.0008584098748138381
        ]
    },
    "train_oa": {
        "type": "index_value",
        "index": [
            10,
            20,
            30,
            40,
            50,
            60,
            70,
            80,
            90,
            100
        ],
        "value": [
            95.44179189651892,
            96.31681567433897,
            96.44046033859615,
            96.26688225223512,
            96.37388244245767,
            94.16254517785809,
            93.50152178048316,
            94.99239109758417,
            95.00190222560396,
            95.62012554688985
        ]
    },
    "train_aa": {
        "type": "index_value",
        "index": [
            10,
            20,
            30,
            40,
            50,
            60,
            70,
            80,
            90,
            100
        ],
        "value": [
            95.60641341098857,
            95.85695733401283,
            95.92794737645279,
            95.87284146041868,
            95.88395412150992,
            92.69486916733179,
            94.08736397882707,
            94.846199425606,
            94.95735937139865,
            94.59355089605378
        ]
    },
    "train_kappa": {
        "type": "index_value",
        "index": [
            10,
            20,
            30,
            40,
            50,
            60,
            70,
            80,
            90,
            100
        ],
        "value": [
            93.9631355190899,
            95.11056313610304,
            95.27142793004722,
            95.04222410871425,
            95.18204309568901,
            92.24904419092167,
            91.43988746166495,
            93.37312018975962,
            93.39023877118329,
            94.18672275897754
        ]
    },
    "param": {
        "data": {
            "data_sign": "Pavia",
            "data_file": "Pavia_80",
            "dump": false,
            "use_dump": false,
            "diffusion_sign": false,
            "diffusion_data_sign_path_prefix": "/home/cn/codes/spectral_diff_temp/codes/save_feature/pavia_unet3d_patch16_without_downsample_kernal5_fix/save_feature",
            "diffusion_data_sign": "t10_2_full.pkl.npy",
            "patch_size": 13,
            "test_ratio": 0.95,
            "batch_size": 64,
            "num_classes": 16,
            "pca": 103,
            "dim_heads": 64,
            "spectral_size": 103
        },
        "net": {
            "trainer": "cross_trainer",
            "net_type": "just_pixel",
            "mlp_head_dim": 64,
            "depth": 2,
            "dim": 64,
            "heads": 20
        },
        "train": {
            "epochs": 100,
            "lr": 0.001,
            "weight_decay": 0,
            "temp": 20
        },
        "uniq_name": "pavia_cross_param_use.json_80_2"
    },