{
    "epoch_loss": {
        "type": "index_value",
        "index": [
            1,
            2,
            3,
            4,
            5,
            6,
            7,
            8,
            9,
            10,
            11,
            12,
            13,
            14,
            15,
            16,
            17,
            18,
            19,
            20,
            21,
            22,
            23,
            24,
            25,
            26,
            27,
            28,
            29,
            30,
            31,
            32,
            33,
            34,
            35,
            36,
            37,
            38,
            39,
            40,
            41,
            42,
            43,
            44,
            45,
            46,
            47,
            48,
            49,
            50,
            51,
            52,
            53,
            54,
            55,
            56,
            57,
            58,
            59,
            60,
            61,
            62,
            63,
            64,
            65,
            66,
            67,
            68,
            69,
            70,
            71,
            72,
            73,
            74,
            75,
            76,
            77,
            78,
            79,
            80,
            81,
            82,
            83,
            84,
            85,
            86,
            87,
            88,
            89,
            90,
            91,
            92,
            93,
            94,
            95,
            96,
            97,
            98,
            99,
            100
        ],
        "value": [
            2.0236949284871417,
            1.256052475505405,
            0.8792262487941318,
            0.6168064541286893,
            0.42713117268350387,
            0.291181484858195,
            0.21501642300022972,
            0.14557159675492182,
            0.113243634502093,
            0.08857779635323418,
            0.061029970811472996,
            0.05296810534265306,
            0.04332781616184447,
            0.03407390639185905,
            0.034372257192929585,
            0.027527938865953023,
            0.02831960337029563,
            0.02470436025824812,
            0.02063568929831187,
            0.020562420578466523,
            0.01834172796871927,
            0.015828143080903426,
            0.016391816031601694,
            0.013635944533679221,
            0.014182957096232308,
            0.012731015640828345,
            0.011602858702341715,
            0.011715564152432812,
            0.010029730366335974,
            0.011423479703565439,
            0.009808279677397676,
            0.00889415055927303,
            0.008887294948928886,
            0.008485840985344516,
            0.009712367918756274,
            0.007472686573035187,
            0.0075331878744893605,
            0.007418135874387291,
            0.0067022345856659945,
            0.006716952535013357,
            0.006492607140292724,
            0.005647691121945779,
            0.006303671706053946,
            0.005343640523238315,
            0.0047054518014192585,
            0.005410714281929864,
            0.004905909186022149,
            0.0044285540468990804,
            0.004593550010273854,
            0.004695888639738162,
            0.004385725802017583,
            0.0043006893868247666,
            0.003998831669903464,
            0.004393282625824213,
            0.004055549152609375,
            0.003628272552871042,
            0.004139666435205274,
            0.003692672070529726,
            0.003552020304939813,
            0.0037951221379141013,
            0.0033622532203379605,
            0.00350892778692974,
            0.0034204819705337284,
            0.0028588328458782697,
            0.002840082404307193,
            0.0027894083358761335,
            0.0026383603146920604,
            0.002711498954643806,
            0.0029158753394666645,
            0.0028854302544560695,
            0.002175405574962497,
            0.0024876280687749384,
            0.002841585258849793,
            0.002406573109328747,
            0.002295594869388474,
            0.002344551035720441,
            0.0021761084337615305,
            0.002196916011679504,
            0.002110635116696358,
            0.002194900769326422,
            0.0020544806107257803,
            0.002184989324046506,
            0.001886364344197015,
            0.0023936308040801023,
            0.0021397473911444346,
            0.0022254036532508,
            0.0018452113959938287,
            0.0017209860159912043,
            0.0019749596326922377,
            0.0017399163476915823,
            0.0019564652556760443,
            0.0016752908161530892,
            0.0016253490414884356,
            0.001570506078294582,
            0.001563060733800133,
            0.0016828844737675455,
            0.0015895005522502793,
            0.001515008713532653,
            0.0013949132886611753,
            0.0013101986454178889
        ]
    },
    "train_oa": {
        "type": "index_value",
        "index": [
            10,
            20,
            30,
            40,
            50,
            60,
            70,
            80,
            90,
            100
        ],
        "value": [
            94.8321388155413,
            95.62900792153904,
            95.66201433421351,
            95.52055827989437,
            95.54649188985287,
            95.65729913240287,
            95.51820067898906,
            95.61250471520181,
            95.64551112787628,
            95.68323274236137
        ]
    },
    "train_aa": {
        "type": "index_value",
        "index": [
            10,
            20,
            30,
            40,
            50,
            60,
            70,
            80,
            90,
            100
        ],
        "value": [
            94.3772314340211,
            94.8854622282734,
            94.8479397858057,
            94.86966745337955,
            94.77780785540178,
            94.8710251954695,
            94.81375854482562,
            94.83875721052635,
            94.77484731332085,
            94.88171822831902
        ]
    },
    "train_kappa": {
        "type": "index_value",
        "index": [
            10,
            20,
            30,
            40,
            50,
            60,
            70,
            80,
            90,
            100
        ],
        "value": [
            93.1567297847607,
            94.19849713981647,
            94.23722749000555,
            94.05349223537256,
            94.0862007280781,
            94.23119570442432,
            94.05215185298668,
            94.17348754535804,
            94.2166642453028,
            94.26821609885266
        ]
    },
    "param": {
        "data": {
            "data_sign": "Pavia",
            "data_file": "Pavia_40",
            "dump": false,
            "use_dump": false,
            "diffusion_sign": false,
            "diffusion_data_sign_path_prefix": "/home/cn/codes/spectral_diff_temp/codes/save_feature/pavia_unet3d_patch16_without_downsample_kernal5_fix/save_feature",
            "diffusion_data_sign": "t10_2_full.pkl.npy",
            "patch_size": 13,
            "test_ratio": 0.95,
            "batch_size": 64,
            "num_classes": 16,
            "pca": 103,
            "dim_heads": 64,
            "spectral_size": 103
        },
        "net": {
            "trainer": "cross_trainer",
            "net_type": "just_pixel",
            "mlp_head_dim": 64,
            "depth": 2,
            "dim": 64,
            "heads": 20
        },
        "train": {
            "epochs": 100,
            "lr": 0.001,
            "weight_decay": 0,
            "temp": 20
        },
        "uniq_name": "pavia_cross_param_use.json_40_0"
    },