{
    "epoch_loss": {
        "type": "index_value",
        "index": [
            1,
            2,
            3,
            4,
            5,
            6,
            7,
            8,
            9,
            10,
            11,
            12,
            13,
            14,
            15,
            16,
            17,
            18,
            19,
            20,
            21,
            22,
            23,
            24,
            25,
            26,
            27,
            28,
            29,
            30,
            31,
            32,
            33,
            34,
            35,
            36,
            37,
            38,
            39,
            40,
            41,
            42,
            43,
            44,
            45,
            46,
            47,
            48,
            49,
            50,
            51,
            52,
            53,
            54,
            55,
            56,
            57,
            58,
            59,
            60,
            61,
            62,
            63,
            64,
            65,
            66,
            67,
            68,
            69,
            70,
            71,
            72,
            73,
            74,
            75,
            76,
            77,
            78,
            79,
            80,
            81,
            82,
            83,
            84,
            85,
            86,
            87,
            88,
            89,
            90,
            91,
            92,
            93,
            94,
            95,
            96,
            97,
            98,
            99,
            100
        ],
        "value": [
            1.7226537298273157,
            0.9243162230209068,
            0.5682441980750472,
            0.3675091529334033,
            0.2284416342223132,
            0.15680834077022693,
            0.10520788817494003,
            0.07072572172791869,
            0.05652761600083775,
            0.051851379650610464,
            0.03649834982222981,
            0.026185623763336077,
            0.021928033329270503,
            0.020144528647263845,
            0.018708060874983116,
            0.01641407974616245,
            0.014183018963646005,
            0.013567942518878866,
            0.011704684442116154,
            0.011119384608334965,
            0.010373697636855974,
            0.009375490903578422,
            0.008299024237526788,
            0.007480587520533138,
            0.0071498125722562825,
            0.006919952730337779,
            0.0070338474552112595,
            0.005733461643534678,
            0.0060220950835005,
            0.005476752989408043,
            0.005252294028522792,
            0.004881514967591674,
            0.004730573634582537,
            0.004250985439176912,
            0.004258037962157417,
            0.0037772124943633873,
            0.003764158442478489,
            0.0038413467851501925,
            0.0034998224806730392,
            0.0030589517499147742,
            0.0031918511622481874,
            0.0034410327672958372,
            0.003257671407320433,
            0.0029403364579020826,
            0.0028700951504072657,
            0.002775755914411059,
            0.002640838188084739,
            0.0025377111975103616,
            0.002761339634242985,
            0.0027386587940984304,
            0.0023435252528913597,
            0.0027919718366185274,
            0.002413421707158839,
            0.0021004886918321803,
            0.0018798134893316914,
            0.0018014172850935547,
            0.0018492771209114127,
            0.0020326908608829532,
            0.0017540031819845792,
            0.001944826101815259,
            0.001541843389471372,
            0.0017705533463783839,
            0.001578256565456589,
            0.001564793307679119,
            0.0014921031754325936,
            0.0015046722652321612,
            0.0013914494697625439,
            0.0017329205551909076,
            0.0013785973656922578,
            0.001363982449941061,
            0.0013836894839726113,
            0.0011592709976765844,
            0.0012744195276388416,
            0.0011245041111208223,
            0.0011455291175042038,
            0.0012243361557247462,
            0.0010430133841172965,
            0.00124875594585858,
            0.0011983749016912448,
            0.0012462058604729397,
            0.0011164553308238587,
            0.0009749623550171101,
            0.001046533396260606,
            0.0009327517606800905,
            0.0009217541061203789,
            0.0009073325700161082,
            0.0009753118079431631,
            0.0010031121455270934,
            0.000986078284094455,
            0.0009528948390787398,
            0.0007614614183290137,
            0.0009531408108563887,
            0.0008552033937087765,
            0.0009019118285289518,
            0.00102875839608411,
            0.0006957796005601132,
            0.0007440879143326095,
            0.0008102427956786144,
            0.0007171256096895647,
            0.0007271539609603308
        ]
    },
    "train_oa": {
        "type": "index_value",
        "index": [
            10,
            20,
            30,
            40,
            50,
            60,
            70,
            80,
            90,
            100
        ],
        "value": [
            95.8258357799034,
            96.58821858130506,
            96.62846860498153,
            96.42958613505067,
            96.46983615872715,
            96.51955677620987,
            96.80367459039681,
            96.35618903305237,
            96.58348328440192,
            96.63083625343309
        ]
    },
    "train_aa": {
        "type": "index_value",
        "index": [
            10,
            20,
            30,
            40,
            50,
            60,
            70,
            80,
            90,
            100
        ],
        "value": [
            95.54687959229179,
            96.19719709270478,
            96.27683133193877,
            96.10612200324007,
            96.19978760332248,
            96.22757027507711,
            96.2758488806454,
            96.16382812094784,
            96.30727535590502,
            96.27945290930666
        ]
    },
    "train_kappa": {
        "type": "index_value",
        "index": [
            10,
            20,
            30,
            40,
            50,
            60,
            70,
            80,
            90,
            100
        ],
        "value": [
            94.46415469577641,
            95.46963010538467,
            95.52261867140336,
            95.26080041540021,
            95.31493575146432,
            95.38012435217892,
            95.75185824909715,
            95.1656359155409,
            95.46495819790664,
            95.52589987537353
        ]
    },
    "param": {
        "data": {
            "data_sign": "Pavia",
            "data_file": "Pavia_60",
            "dump": false,
            "use_dump": false,
            "diffusion_sign": false,
            "diffusion_data_sign_path_prefix": "/home/cn/codes/spectral_diff_temp/codes/save_feature/pavia_unet3d_patch16_without_downsample_kernal5_fix/save_feature",
            "diffusion_data_sign": "t10_2_full.pkl.npy",
            "patch_size": 13,
            "test_ratio": 0.95,
            "batch_size": 64,
            "num_classes": 16,
            "pca": 103,
            "dim_heads": 64,
            "spectral_size": 103
        },
        "net": {
            "trainer": "cross_trainer",
            "net_type": "just_pixel",
            "mlp_head_dim": 64,
            "depth": 2,
            "dim": 64,
            "heads": 20
        },
        "train": {
            "epochs": 100,
            "lr": 0.001,
            "weight_decay": 0,
            "temp": 20
        },
        "uniq_name": "pavia_cross_param_use.json_60_3"
    },