{
    "epoch_loss": {
        "type": "index_value",
        "index": [
            1,
            2,
            3,
            4,
            5,
            6,
            7,
            8,
            9,
            10,
            11,
            12,
            13,
            14,
            15,
            16,
            17,
            18,
            19,
            20,
            21,
            22,
            23,
            24,
            25,
            26,
            27,
            28,
            29,
            30,
            31,
            32,
            33,
            34,
            35,
            36,
            37,
            38,
            39,
            40,
            41,
            42,
            43,
            44,
            45,
            46,
            47,
            48,
            49,
            50,
            51,
            52,
            53,
            54,
            55,
            56,
            57,
            58,
            59,
            60,
            61,
            62,
            63,
            64,
            65,
            66,
            67,
            68,
            69,
            70,
            71,
            72,
            73,
            74,
            75,
            76,
            77,
            78,
            79,
            80,
            81,
            82,
            83,
            84,
            85,
            86,
            87,
            88,
            89,
            90,
            91,
            92,
            93,
            94,
            95,
            96,
            97,
            98,
            99,
            100
        ],
        "value": [
            1.8249397074734723,
            0.9296043117841085,
            0.5563002674667924,
            0.3304051110038051,
            0.2040340272364793,
            0.14641300208038754,
            0.10128898168051684,
            0.08117858704041551,
            0.060897823229984,
            0.04462366104125977,
            0.037656077163087,
            0.030328931825028525,
            0.024086642265319824,
            0.02236809766402951,
            0.020807205112995924,
            0.02026175322631995,
            0.016465051237631728,
            0.015300882621495811,
            0.014930584874969942,
            0.01206291697367474,
            0.010866019460890029,
            0.009279398799494461,
            0.010792158019763453,
            0.009539642750664993,
            0.009032879500753349,
            0.0075557578527541075,
            0.0065007077185092145,
            0.0058298768337678025,
            0.005752532246212165,
            0.00541448911169061,
            0.004804748382971243,
            0.0054103697339693705,
            0.005231285971347932,
            0.0046283015739862566,
            0.004372338835081016,
            0.0038621748970062643,
            0.0036393150773451283,
            0.003765884821337682,
            0.0034993910403163346,
            0.0034577380796825445,
            0.003376834096249055,
            0.0033510376561295104,
            0.003107944413743637,
            0.0032895686932735975,
            0.0029481038744388907,
            0.0028023570672505434,
            0.002664568966806487,
            0.0024828420727755185,
            0.002646807205207922,
            0.0026290686421648218,
            0.0028836303907963964,
            0.019104796868783455,
            0.06545644181746024,
            0.031462944229995765,
            0.0428533044954141,
            0.031420705439867795,
            0.04009039184009587,
            0.03523985164033042,
            0.014527203518621348,
            0.010407224104360298,
            0.021616039970130833,
            0.01279790057214322,
            0.006403174644543065,
            0.004108820822848766,
            0.0030834275159846852,
            0.002265875272590805,
            0.0022660829264808586,
            0.0017731777702768643,
            0.0016829726734647044,
            0.0017906483323140829,
            0.0014527147523713884,
            0.0013717721423341168,
            0.0013179146684706212,
            0.0012621459068247565,
            0.0013312462441347264,
            0.0011424981859616107,
            0.0013137862879644942,
            0.0010998619332288702,
            0.001173671488477676,
            0.0009503619909217512,
            0.0009799044113606215,
            0.0014332600653654448,
            0.0009483511870106062,
            0.0009324936178961286,
            0.0008514059845496107,
            0.0007120256182841128,
            0.0008759742042187739,
            0.0008387990537340994,
            0.0007729311922082194,
            0.0007613399954236767,
            0.0007754609247462617,
            0.0007969588946758045,
            0.0007341892380888263,
            0.0006254129573116424,
            0.0006963442196138203,
            0.0007179914318301059,
            0.0006511176755237911,
            0.0006574996104636402,
            0.0006305463073119797,
            0.0006322294872478341
        ]
    },
    "train_oa": {
        "type": "index_value",
        "index": [
            10,
            20,
            30,
            40,
            50,
            60,
            70,
            80,
            90,
            100
        ],
        "value": [
            95.60801212236008,
            97.00255706032769,
            96.79183634813903,
            96.7823657543328,
            96.7255421914954,
            95.60564447390851,
            96.48640969788805,
            96.59532152665972,
            96.07207121886542,
            96.54086561227389
        ]
    },
    "train_aa": {
        "type": "index_value",
        "index": [
            10,
            20,
            30,
            40,
            50,
            60,
            70,
            80,
            90,
            100
        ],
        "value": [
            95.86316880016103,
            96.4379711717156,
            96.48051606390908,
            96.46836710677245,
            96.43692276109773,
            96.1129946244434,
            96.50354695257892,
            96.48063638959282,
            96.34752847333888,
            96.51583769973979
        ]
    },
    "train_kappa": {
        "type": "index_value",
        "index": [
            10,
            20,
            30,
            40,
            50,
            60,
            70,
            80,
            90,
            100
        ],
        "value": [
            94.19316667474286,
            96.01646020943359,
            95.7428900031417,
            95.72975775909049,
            95.65590303313535,
            94.20028233218125,
            95.34544222728296,
            95.48784651374586,
            94.80598517177044,
            95.41777771060566
        ]
    },
    "param": {
        "data": {
            "data_sign": "Pavia",
            "data_file": "Pavia_60",
            "dump": false,
            "use_dump": false,
            "diffusion_sign": false,
            "diffusion_data_sign_path_prefix": "/home/cn/codes/spectral_diff_temp/codes/save_feature/pavia_unet3d_patch16_without_downsample_kernal5_fix/save_feature",
            "diffusion_data_sign": "t10_2_full.pkl.npy",
            "patch_size": 13,
            "test_ratio": 0.95,
            "batch_size": 64,
            "num_classes": 16,
            "pca": 103,
            "dim_heads": 64,
            "spectral_size": 103
        },
        "net": {
            "trainer": "cross_trainer",
            "net_type": "just_pixel",
            "mlp_head_dim": 64,
            "depth": 2,
            "dim": 64,
            "heads": 20
        },
        "train": {
            "epochs": 100,
            "lr": 0.001,
            "weight_decay": 0,
            "temp": 20
        },
        "uniq_name": "pavia_cross_param_use.json_60_4"
    },