{
    "epoch_loss": {
        "type": "index_value",
        "index": [
            1,
            2,
            3,
            4,
            5,
            6,
            7,
            8,
            9,
            10,
            11,
            12,
            13,
            14,
            15,
            16,
            17,
            18,
            19,
            20,
            21,
            22,
            23,
            24,
            25,
            26,
            27,
            28,
            29,
            30,
            31,
            32,
            33,
            34,
            35,
            36,
            37,
            38,
            39,
            40,
            41,
            42,
            43,
            44,
            45,
            46,
            47,
            48,
            49,
            50,
            51,
            52,
            53,
            54,
            55,
            56,
            57,
            58,
            59,
            60,
            61,
            62,
            63,
            64,
            65,
            66,
            67,
            68,
            69,
            70,
            71,
            72,
            73,
            74,
            75,
            76,
            77,
            78,
            79,
            80,
            81,
            82,
            83,
            84,
            85,
            86,
            87,
            88,
            89,
            90,
            91,
            92,
            93,
            94,
            95,
            96,
            97,
            98,
            99,
            100
        ],
        "value": [
            2.010255304972331,
            1.2448565774493747,
            0.856720581319597,
            0.6107486963272095,
            0.43136490252282883,
            0.30162847108311125,
            0.21374900307920244,
            0.15051772130860222,
            0.11628408895598517,
            0.08431080049938626,
            0.0636945030755467,
            0.05555455072058572,
            0.046702382879124746,
            0.039480896708038116,
            0.03668102969725927,
            0.031012881133291457,
            0.026371429653631318,
            0.02328647035691473,
            0.022154115388790765,
            0.02105112299323082,
            0.018699787101811832,
            0.018753255779544512,
            0.015667168444229496,
            0.015821585804224013,
            0.013795487768948077,
            0.01191056857092513,
            0.013532563899126318,
            0.011222604289650917,
            0.011560243575109376,
            0.0105222483476003,
            0.009532803669571877,
            0.010538453319006496,
            0.007757885133226713,
            0.008404300320479605,
            0.009201100861860646,
            0.008993444281319778,
            0.007087530795898703,
            0.0074072300352984,
            0.006505788190083371,
            0.006513626107739078,
            0.006462348366363181,
            0.006105341741608249,
            0.005675407405942678,
            0.005691021473871337,
            0.004725395515561104,
            0.005048995392604006,
            0.004560678224596712,
            0.004783521302872234,
            0.004606593162235287,
            0.004478536153005229,
            0.004184684633380837,
            0.004450177680701018,
            0.004205883097731405,
            0.004600356767574946,
            0.003734177304431796,
            0.0038021468557417394,
            0.004065027051708765,
            0.0036180713731381628,
            0.0034647169729901685,
            0.0034244896430108284,
            0.0033741432345575756,
            0.003289312424345149,
            0.0028274608465532463,
            0.0032225899553547303,
            0.002950368873361084,
            0.003249747037059731,
            0.0030445045998526944,
            0.0031273468190597163,
            0.0028443907025373642,
            0.0030611198033309644,
            0.0028756088059809473,
            0.0025645114067527983,
            0.0026099614850762817,
            0.0025223029622187215,
            0.002413806267496612,
            0.001960238529783156,
            0.0022962842498802476,
            0.002219836279335949,
            0.002206834726449516,
            0.0024975785778628455,
            0.002009074508936869,
            0.0018763865965108076,
            0.0018032384725908438,
            0.0019995331971181763,
            0.0021501736404995124,
            0.0017581176711246372,
            0.0017769963532272312,
            0.001752532102788488,
            0.0017890479622615708,
            0.0018899689713079068,
            0.0017985192127525807,
            0.0016740633278257318,
            0.0014692541418804062,
            0.0018200595863163472,
            0.0015529676185299954,
            0.0015516740476919544,
            0.0015688939278738366,
            0.0013853025984846884,
            0.0014302355237305164,
            0.001513043480614821
        ]
    },
    "train_oa": {
        "type": "index_value",
        "index": [
            10,
            20,
            30,
            40,
            50,
            60,
            70,
            80,
            90,
            100
        ],
        "value": [
            94.20030177291588,
            94.56572991324028,
            94.1649377593361,
            94.54451150509242,
            94.48085628064882,
            94.55158430780838,
            94.62466993587326,
            94.58930592229348,
            94.43841946435307,
            94.66710675216899
        ]
    },
    "train_aa": {
        "type": "index_value",
        "index": [
            10,
            20,
            30,
            40,
            50,
            60,
            70,
            80,
            90,
            100
        ],
        "value": [
            94.15367351869293,
            94.31310454490993,
            94.1802488371279,
            94.38309312365493,
            94.38059798201799,
            94.31170828142297,
            94.40550236804621,
            94.22756124812899,
            94.34048441386615,
            94.39677084903418
        ]
    },
    "train_kappa": {
        "type": "index_value",
        "index": [
            10,
            20,
            30,
            40,
            50,
            60,
            70,
            80,
            90,
            100
        ],
        "value": [
            92.33234493382744,
            92.80751987186142,
            92.2919165048286,
            92.78366600868799,
            92.70057139775606,
            92.78872065217153,
            92.8896591061515,
            92.83991343785345,
            92.64866714395787,
            92.94477253663126
        ]
    },
    "param": {
        "data": {
            "data_sign": "Pavia",
            "data_file": "Pavia_40",
            "dump": false,
            "use_dump": false,
            "diffusion_sign": false,
            "diffusion_data_sign_path_prefix": "/home/cn/codes/spectral_diff_temp/codes/save_feature/pavia_unet3d_patch16_without_downsample_kernal5_fix/save_feature",
            "diffusion_data_sign": "t10_2_full.pkl.npy",
            "patch_size": 13,
            "test_ratio": 0.95,
            "batch_size": 64,
            "num_classes": 16,
            "pca": 103,
            "dim_heads": 64,
            "spectral_size": 103
        },
        "net": {
            "trainer": "cross_trainer",
            "net_type": "just_pixel",
            "mlp_head_dim": 64,
            "depth": 2,
            "dim": 64,
            "heads": 20
        },
        "train": {
            "epochs": 100,
            "lr": 0.001,
            "weight_decay": 0,
            "temp": 20
        },
        "uniq_name": "pavia_cross_param_use.json_40_4"
    },