{
    "epoch_loss": {
        "type": "index_value",
        "index": [
            1,
            2,
            3,
            4,
            5,
            6,
            7,
            8,
            9,
            10,
            11,
            12,
            13,
            14,
            15,
            16,
            17,
            18,
            19,
            20,
            21,
            22,
            23,
            24,
            25,
            26,
            27,
            28,
            29,
            30,
            31,
            32,
            33,
            34,
            35,
            36,
            37,
            38,
            39,
            40,
            41,
            42,
            43,
            44,
            45,
            46,
            47,
            48,
            49,
            50,
            51,
            52,
            53,
            54,
            55,
            56,
            57,
            58,
            59,
            60,
            61,
            62,
            63,
            64,
            65,
            66,
            67,
            68,
            69,
            70,
            71,
            72,
            73,
            74,
            75,
            76,
            77,
            78,
            79,
            80,
            81,
            82,
            83,
            84,
            85,
            86,
            87,
            88,
            89,
            90,
            91,
            92,
            93,
            94,
            95,
            96,
            97,
            98,
            99,
            100
        ],
        "value": [
            1.8333886739942762,
            1.0299330488840739,
            0.6965302589204576,
            0.5256939469443427,
            0.40035180144839816,
            0.2933342859480116,
            0.26703097740809123,
            0.23106931262546115,
            0.16252112865447998,
            0.13089591450161403,
            0.09055959754519992,
            0.07647307395935059,
            0.09203883488972982,
            0.0799831869867113,
            0.06253322707282172,
            0.058373013072543674,
            0.14484649234347874,
            0.13742228243086074,
            0.15335312366485596,
            0.1124787171681722,
            0.07733444531758626,
            0.051756121317545575,
            0.04970713588926527,
            0.10921569612291124,
            0.13010344293382434,
            0.07555068651835124,
            0.0803786924150255,
            0.10447983927196927,
            0.09124055120680068,
            0.05662969350814819,
            0.041063918007744685,
            0.033981728553771975,
            0.03559778531392415,
            0.053032757441202796,
            0.03471280071470473,
            0.02984963893890381,
            0.029027448760138616,
            0.04122304889890883,
            0.043541475137074785,
            0.05977487378650241,
            0.0569629685084025,
            0.05886837058597141,
            0.043267642392052545,
            0.04244854185316298,
            0.052299216588338214,
            0.03609702719582452,
            0.08134144968456693,
            0.05186517900890774,
            0.03658283339606391,
            0.04156512922710843,
            0.03043523655997382,
            0.03134637316068013,
            0.03398995214038425,
            0.027993034919102988,
            0.020804036723242866,
            0.017967911693784925,
            0.016277591387430828,
            0.020159260167015924,
            0.021014898485607572,
            0.012972530259026421,
            0.016226883994208442,
            0.013744366698794894,
            0.03782329307662116,
            0.09065982156329684,
            0.049204235076904294,
            0.028230484856499566,
            0.024572128587298923,
            0.016398201651043363,
            0.04446373714341058,
            0.02892638749546475,
            0.024431084791819255,
            0.02089654246966044,
            0.014946098989910549,
            0.011701925926738315,
            0.010997241404321458,
            0.014676774475309583,
            0.02629069169362386,
            0.028935665686925252,
            0.02197288857565986,
            0.01673903822898865,
            0.02930081804593404,
            0.05356128454208374,
            0.023180648750729033,
            0.021680903169843887,
            0.0303543045785692,
            0.01928367813428243,
            0.015197537475162082,
            0.016451495024893018,
            0.012892379959424338,
            0.013774741093317668,
            0.02564980533387926,
            0.06715141349368625,
            0.07006133768293593,
            0.04794157743453979,
            0.025993160274293686,
            0.017769417497846815,
            0.0275571076075236,
            0.035048788918389216,
            0.021531227827072143,
            0.01805698341793484
        ]
    },
    "train_oa": {
        "type": "index_value",
        "index": [
            10,
            20,
            30,
            40,
            50,
            60,
            70,
            80,
            90,
            100
        ],
        "value": [
            94.81642489250106,
            91.76392760950716,
            93.47918537069414,
            91.11893398856495,
            93.33270330293436,
            93.31143977696924,
            92.7940273118178,
            92.06397958701508,
            91.90568444927469,
            92.31914189859661
        ]
    },
    "train_aa": {
        "type": "index_value",
        "index": [
            10,
            20,
            30,
            40,
            50,
            60,
            70,
            80,
            90,
            100
        ],
        "value": [
            94.53827066024274,
            92.46112658421679,
            93.11914477566583,
            90.07585457730494,
            93.13921838741908,
            93.38075189313713,
            92.21712671653144,
            91.55778148170945,
            91.70260774318726,
            91.72749171382387
        ]
    },
    "train_kappa": {
        "type": "index_value",
        "index": [
            10,
            20,
            30,
            40,
            50,
            60,
            70,
            80,
            90,
            100
        ],
        "value": [
            93.14006924078843,
            89.20208714488116,
            91.39192092022545,
            88.21606757448632,
            91.18857486406144,
            91.17902031357012,
            90.47885973022835,
            89.55007503940016,
            89.3558537623641,
            89.85281666810143
        ]
    },
    "param": {
        "data": {
            "data_sign": "Pavia",
            "data_file": "Pavia_50",
            "dump": false,
            "use_dump": false,
            "diffusion_sign": false,
            "diffusion_data_sign_path_prefix": "/home/cn/codes/spectral_diff_temp/codes/save_feature/pavia_unet3d_patch16_without_downsample_kernal5_fix/save_feature",
            "diffusion_data_sign": "t10_2_full.pkl.npy",
            "patch_size": 13,
            "test_ratio": 0.95,
            "batch_size": 64,
            "num_classes": 16,
            "pca": 103,
            "dim_heads": 64,
            "spectral_size": 103
        },
        "net": {
            "trainer": "cross_trainer",
            "net_type": "just_pixel",
            "mlp_head_dim": 64,
            "depth": 2,
            "dim": 64,
            "heads": 20
        },
        "train": {
            "epochs": 100,
            "lr": 0.001,
            "weight_decay": 0,
            "temp": 20
        },
        "uniq_name": "pavia_cross_param_use.json_50_4"
    },