{
    "epoch_loss": {
        "type": "index_value",
        "index": [
            1,
            2,
            3,
            4,
            5,
            6,
            7,
            8,
            9,
            10,
            11,
            12,
            13,
            14,
            15,
            16,
            17,
            18,
            19,
            20,
            21,
            22,
            23,
            24,
            25,
            26,
            27,
            28,
            29,
            30,
            31,
            32,
            33,
            34,
            35,
            36,
            37,
            38,
            39,
            40,
            41,
            42,
            43,
            44,
            45,
            46,
            47,
            48,
            49,
            50,
            51,
            52,
            53,
            54,
            55,
            56,
            57,
            58,
            59,
            60,
            61,
            62,
            63,
            64,
            65,
            66,
            67,
            68,
            69,
            70,
            71,
            72,
            73,
            74,
            75,
            76,
            77,
            78,
            79,
            80,
            81,
            82,
            83,
            84,
            85,
            86,
            87,
            88,
            89,
            90,
            91,
            92,
            93,
            94,
            95,
            96,
            97,
            98,
            99,
            100
        ],
        "value": [
            1.6739037369924878,
            0.8508597213124472,
            0.4987178405125936,
            0.28437304558261994,
            0.16371860778520977,
            0.10411831816983601,
            0.06808042871573615,
            0.051080641280564054,
            0.04213670243819555,
            0.029477079058923418,
            0.02464786053058647,
            0.019879409292387584,
            0.017645347739259402,
            0.015040826767919556,
            0.013705339637540635,
            0.011553873254784516,
            0.012765576891482822,
            0.009855072856658981,
            0.009395081792322416,
            0.008201510243354335,
            0.008105511827364801,
            0.007059389162099077,
            0.007205432983085749,
            0.00659117837037359,
            0.005668299903886185,
            0.005346783439791392,
            0.005164624435738439,
            0.004910169464964715,
            0.004669530420667595,
            0.004907662394855704,
            0.004798744037924778,
            0.004138933520557152,
            0.0037393833998413313,
            0.003531934693455696,
            0.0029930532274265137,
            0.003645391282551582,
            0.003610035621871551,
            0.003154140530479333,
            0.0028163977262992707,
            0.003180683134419341,
            0.0026986574791076166,
            0.002514101326140383,
            0.0025984127163177443,
            0.0026678806281692927,
            0.002343717763673455,
            0.0022136485507150017,
            0.0022779414112428353,
            0.002278567793675595,
            0.0018780502830705946,
            0.0022900782192924194,
            0.001792532290952901,
            0.0018854983975105579,
            0.002142949335809265,
            0.001642124489363697,
            0.0015926238947681019,
            0.0016768675570982315,
            0.0015219441378518702,
            0.0014178476436802793,
            0.0014047753967581288,
            0.0014967268661758492,
            0.0014716589143351903,
            0.0013713343372006737,
            0.0013521125832099527,
            0.0013271599039731046,
            0.001216987683807337,
            0.0011586102679194438,
            0.0011872084652413688,
            0.0012543980756567585,
            0.001175138062339217,
            0.0010874064642906426,
            0.001057954872810533,
            0.0013382572137440245,
            0.001107228677054601,
            0.0010065248021708122,
            0.0009747505173205383,
            0.0008111815125356237,
            0.0010365332598753628,
            0.0008672138722243881,
            0.0008001368361643501,
            0.0009124418620818428,
            0.0009478325295882921,
            0.000840798607243905,
            0.0007531512336480239,
            0.0008629199490690279,
            0.0008790554293978309,
            0.0008398668182688573,
            0.0008624630521923776,
            0.0008608772781574064,
            0.0008524179466009613,
            0.0006572564452191785,
            0.0007106172525146533,
            0.000639231921550596,
            0.0006630747652952633,
            0.0006314359649661042,
            0.0005730084906746116,
            0.0006699866033159196,
            0.000689809889595453,
            0.0005696989719696816,
            0.0005974366196564266,
            0.0006241445547886311
        ]
    },
    "train_oa": {
        "type": "index_value",
        "index": [
            10,
            20,
            30,
            40,
            50,
            60,
            70,
            80,
            90,
            100
        ],
        "value": [
            97.14800930100128,
            97.46357898732975,
            97.25715370379157,
            97.46595169173824,
            97.33545294927158,
            97.33308024486308,
            97.4422246476534,
            97.40663408152612,
            97.4113794903431,
            97.38527974184976
        ]
    },
    "train_aa": {
        "type": "index_value",
        "index": [
            10,
            20,
            30,
            40,
            50,
            60,
            70,
            80,
            90,
            100
        ],
        "value": [
            96.61965167210909,
            96.8194459120126,
            96.70386005458518,
            96.83873766868335,
            96.72342991948918,
            96.8139087923977,
            96.83534930015288,
            96.81351544129461,
            96.83189664650277,
            96.82648922293127
        ]
    },
    "train_kappa": {
        "type": "index_value",
        "index": [
            10,
            20,
            30,
            40,
            50,
            60,
            70,
            80,
            90,
            100
        ],
        "value": [
            96.20507444300925,
            96.62336241627742,
            96.3490165469092,
            96.62641467229078,
            96.45334936447819,
            96.4515910077599,
            96.59486077089718,
            96.54727961985634,
            96.55520345769986,
            96.51940499104576
        ]
    },
    "param": {
        "data": {
            "data_sign": "Pavia",
            "data_file": "Pavia_70",
            "dump": false,
            "use_dump": false,
            "diffusion_sign": false,
            "diffusion_data_sign_path_prefix": "/home/cn/codes/spectral_diff_temp/codes/save_feature/pavia_unet3d_patch16_without_downsample_kernal5_fix/save_feature",
            "diffusion_data_sign": "t10_2_full.pkl.npy",
            "patch_size": 13,
            "test_ratio": 0.95,
            "batch_size": 64,
            "num_classes": 16,
            "pca": 103,
            "dim_heads": 64,
            "spectral_size": 103
        },
        "net": {
            "trainer": "cross_trainer",
            "net_type": "just_pixel",
            "mlp_head_dim": 64,
            "depth": 2,
            "dim": 64,
            "heads": 20
        },
        "train": {
            "epochs": 100,
            "lr": 0.001,
            "weight_decay": 0,
            "temp": 20
        },
        "uniq_name": "pavia_cross_param_use.json_70_3"
    },