{
    "epoch_loss": {
        "type": "index_value",
        "index": [
            1,
            2,
            3,
            4,
            5,
            6,
            7,
            8,
            9,
            10,
            11,
            12,
            13,
            14,
            15,
            16,
            17,
            18,
            19,
            20,
            21,
            22,
            23,
            24,
            25,
            26,
            27,
            28,
            29,
            30,
            31,
            32,
            33,
            34,
            35,
            36,
            37,
            38,
            39,
            40,
            41,
            42,
            43,
            44,
            45,
            46,
            47,
            48,
            49,
            50,
            51,
            52,
            53,
            54,
            55,
            56,
            57,
            58,
            59,
            60,
            61,
            62,
            63,
            64,
            65,
            66,
            67,
            68,
            69,
            70,
            71,
            72,
            73,
            74,
            75,
            76,
            77,
            78,
            79,
            80,
            81,
            82,
            83,
            84,
            85,
            86,
            87,
            88,
            89,
            90,
            91,
            92,
            93,
            94,
            95,
            96,
            97,
            98,
            99,
            100
        ],
        "value": [
            1.699757594910879,
            0.9189560419037228,
            0.5615947031785571,
            0.3241514638775871,
            0.21405613876524426,
            0.12925745492416715,
            0.08884414119852914,
            0.05418477259458057,
            0.041022008964939724,
            0.03393988123843594,
            0.02758336476390324,
            0.02281248432894548,
            0.019547175586460127,
            0.017680233823401587,
            0.015062917600430194,
            0.01255176520891606,
            0.012032035871275834,
            0.012827915656897757,
            0.010445161956170249,
            0.010269562326489933,
            0.008245742297361768,
            0.008434560070080416,
            0.006957903992207278,
            0.006838771567812988,
            0.007146663143343869,
            0.006110401469327155,
            0.0053275289161810796,
            0.005345888323490582,
            0.004926706194168046,
            0.005033133486433635,
            0.004591318858521325,
            0.00420275275477223,
            0.004421316666735543,
            0.0038272117368049093,
            0.003518339842262249,
            0.0035303780469038183,
            0.0035330730697347057,
            0.0031545656371033855,
            0.002797896471170206,
            0.0030157213091909414,
            0.0026802968551656084,
            0.002860318808003314,
            0.0026192291129735253,
            0.0029605889404636055,
            0.002589116222594702,
            0.0023229435322776673,
            0.0021215800920294393,
            0.0021050662060992584,
            0.002325237108512767,
            0.0019841076843144876,
            0.0019342231652921154,
            0.0021013203727465774,
            0.0017377699111839609,
            0.001734606178832196,
            0.0016682783437390175,
            0.0016232429415963235,
            0.0016094454113275759,
            0.0015081929741427302,
            0.0015185473427649528,
            0.0015636498367206917,
            0.0015384889326043546,
            0.001368926439271678,
            0.0013765852240520337,
            0.0013979446312915238,
            0.001164041707173936,
            0.0013386712106506502,
            0.0011285469157709962,
            0.001163312337095184,
            0.0011755878715554165,
            0.0012773491761883691,
            0.0010951454244879266,
            0.001164443431318634,
            0.0011660476536711766,
            0.0010640992239738503,
            0.0011498186589469985,
            0.001005460638996391,
            0.001256952853134227,
            0.0008952714473245636,
            0.0010477835183135336,
            0.001037200944986017,
            0.00099102816533386,
            0.0008632252456635118,
            0.000860277041866784,
            0.0007010082498059741,
            0.0007182239593627552,
            0.0009108383912548777,
            0.0007488841190934181,
            0.0008401808750239157,
            0.0007781336762173663,
            0.000727036841295009,
            0.0007859736377935088,
            0.0008214149343234206,
            0.0006807543224625526,
            0.0007320368760413239,
            0.0007906414051022794,
            0.000657404455474563,
            0.0007248658439262755,
            0.0006461385583933738,
            0.0005955825441531718,
            0.0006426941607117889
        ]
    },
    "train_oa": {
        "type": "index_value",
        "index": [
            10,
            20,
            30,
            40,
            50,
            60,
            70,
            80,
            90,
            100
        ],
        "value": [
            96.99141081004129,
            96.76125848241826,
            96.72804062069947,
            97.01513785412614,
            96.7849855265031,
            97.21444502443886,
            96.99378351444977,
            97.0507284202534,
            97.08869169078916,
            97.12190955250794
        ]
    },
    "train_aa": {
        "type": "index_value",
        "index": [
            10,
            20,
            30,
            40,
            50,
            60,
            70,
            80,
            90,
            100
        ],
        "value": [
            96.56057079955471,
            96.69767813571623,
            96.59347058828313,
            96.63497622218856,
            96.57629765735568,
            96.63378194052201,
            96.54978514235954,
            96.57846093546316,
            96.62842739853235,
            96.59642622118008
        ]
    },
    "train_kappa": {
        "type": "index_value",
        "index": [
            10,
            20,
            30,
            40,
            50,
            60,
            70,
            80,
            90,
            100
        ],
        "value": [
            95.99962852723766,
            95.70183319898314,
            95.6580140024527,
            96.03376852668002,
            95.73340591794648,
            96.29580388648174,
            96.00593013102313,
            96.0815573400423,
            96.13117893487096,
            96.17450521589197
        ]
    },
    "param": {
        "data": {
            "data_sign": "Pavia",
            "data_file": "Pavia_70",
            "dump": false,
            "use_dump": false,
            "diffusion_sign": false,
            "diffusion_data_sign_path_prefix": "/home/cn/codes/spectral_diff_temp/codes/save_feature/pavia_unet3d_patch16_without_downsample_kernal5_fix/save_feature",
            "diffusion_data_sign": "t10_2_full.pkl.npy",
            "patch_size": 13,
            "test_ratio": 0.95,
            "batch_size": 64,
            "num_classes": 16,
            "pca": 103,
            "dim_heads": 64,
            "spectral_size": 103
        },
        "net": {
            "trainer": "cross_trainer",
            "net_type": "just_pixel",
            "mlp_head_dim": 64,
            "depth": 2,
            "dim": 64,
            "heads": 20
        },
        "train": {
            "epochs": 100,
            "lr": 0.001,
            "weight_decay": 0,
            "temp": 20
        },
        "uniq_name": "pavia_cross_param_use.json_70_1"
    },