{
    "epoch_loss": {
        "type": "index_value",
        "index": [
            1,
            2,
            3,
            4,
            5,
            6,
            7,
            8,
            9,
            10,
            11,
            12,
            13,
            14,
            15,
            16,
            17,
            18,
            19,
            20,
            21,
            22,
            23,
            24,
            25,
            26,
            27,
            28,
            29,
            30,
            31,
            32,
            33,
            34,
            35,
            36,
            37,
            38,
            39,
            40,
            41,
            42,
            43,
            44,
            45,
            46,
            47,
            48,
            49,
            50,
            51,
            52,
            53,
            54,
            55,
            56,
            57,
            58,
            59,
            60,
            61,
            62,
            63,
            64,
            65,
            66,
            67,
            68,
            69,
            70,
            71,
            72,
            73,
            74,
            75,
            76,
            77,
            78,
            79,
            80,
            81,
            82,
            83,
            84,
            85,
            86,
            87,
            88,
            89,
            90,
            91,
            92,
            93,
            94,
            95,
            96,
            97,
            98,
            99,
            100
        ],
        "value": [
            1.7945543236202663,
            1.0619811990525987,
            0.7590043343438042,
            0.5393212286631266,
            0.4004806338416205,
            0.315905524359809,
            0.2556378078460693,
            0.22153028435177274,
            0.21121442159016926,
            0.1424227449629042,
            0.1410079140133328,
            0.15196376906500922,
            0.13643946488698325,
            0.13325144078996445,
            0.12337202972835964,
            0.09996660444471571,
            0.08325304985046386,
            0.07353234503004286,
            0.060976416269938154,
            0.07416881031460232,
            0.06106216377682156,
            0.0696747965282864,
            0.04612929900487264,
            0.0631709008746677,
            0.0764559719297621,
            0.07556965086195204,
            0.07627432399325901,
            0.07312401506635878,
            0.06167100058661567,
            0.05041236930423313,
            0.03896125025219387,
            0.06511853085623848,
            0.06405676682790121,
            0.04684559080335829,
            0.04208137167824639,
            0.038216506905025906,
            0.02985661506652832,
            0.026684793366326225,
            0.038530764314863415,
            0.05355691009097629,
            0.054937078952789306,
            0.04122749222649468,
            0.040564559035831026,
            0.06234913799497816,
            0.053693383534749346,
            0.06372569031185574,
            0.07695612165662978,
            0.0819938564300537,
            0.046170496940612794,
            0.031205977598826092,
            0.028944590091705323,
            0.02419265243742201,
            0.029210452768537735,
            0.0324916927019755,
            0.022751115692986382,
            0.028413343562020195,
            0.016398110654619005,
            0.01204169664118025,
            0.046489876508712766,
            0.04003558847639296,
            0.02392683294084337,
            0.021930395232306586,
            0.04866602142651876,
            0.02173014998435974,
            0.033851386308670045,
            0.06409796158472697,
            0.04413227531645033,
            0.028164358933766682,
            0.02953252567185296,
            0.016801302433013917,
            0.016903318166732788,
            0.016565157837337918,
            0.06234985007180108,
            0.04190981374846564,
            0.019150067302915786,
            0.019389330943425497,
            0.015611516502168443,
            0.01570097009340922,
            0.016609027783075967,
            0.016987966961330838,
            0.044078652461369834,
            0.03899872806337144,
            0.031725604799058706,
            0.017730435530344646,
            0.01956308298640781,
            0.0390020849969652,
            0.020861762099795872,
            0.023444328970379298,
            0.03087645795610216,
            0.07489741881688436,
            0.0572162135442098,
            0.04338572237226698,
            0.026712996959686278,
            0.03348062939114041,
            0.038376216093699136,
            0.02537159177992079,
            0.02556854248046875,
            0.021871810489230686,
            0.031336642901102704,
            0.015048365725411308
        ]
    },
    "train_oa": {
        "type": "index_value",
        "index": [
            10,
            20,
            30,
            40,
            50,
            60,
            70,
            80,
            90,
            100
        ],
        "value": [
            92.91688323961631,
            91.71903794358077,
            94.71246987667155,
            92.23881302272835,
            92.7940273118178,
            92.17265983083684,
            92.14430846288333,
            92.0285403770732,
            86.80007560364787,
            88.4161035769976
        ]
    },
    "train_aa": {
        "type": "index_value",
        "index": [
            10,
            20,
            30,
            40,
            50,
            60,
            70,
            80,
            90,
            100
        ],
        "value": [
            92.83100833485646,
            93.27579065196639,
            93.44467073666914,
            91.8470588648729,
            92.70717243212636,
            91.99603853314441,
            92.06445975104063,
            91.7613547147575,
            84.97033964413703,
            89.98593617955072
        ]
    },
    "train_kappa": {
        "type": "index_value",
        "index": [
            10,
            20,
            30,
            40,
            50,
            60,
            70,
            80,
            90,
            100
        ],
        "value": [
            90.6679635783604,
            89.18165809958144,
            92.99243801498875,
            89.77918133424916,
            90.50145715515559,
            89.70652197031248,
            89.65686349881042,
            89.50761034311975,
            82.61121825534582,
            84.9328403513814
        ]
    },
    "param": {
        "data": {
            "data_sign": "Pavia",
            "data_file": "Pavia_50",
            "dump": false,
            "use_dump": false,
            "diffusion_sign": false,
            "diffusion_data_sign_path_prefix": "/home/cn/codes/spectral_diff_temp/codes/save_feature/pavia_unet3d_patch16_without_downsample_kernal5_fix/save_feature",
            "diffusion_data_sign": "t10_2_full.pkl.npy",
            "patch_size": 13,
            "test_ratio": 0.95,
            "batch_size": 64,
            "num_classes": 16,
            "pca": 103,
            "dim_heads": 64,
            "spectral_size": 103
        },
        "net": {
            "trainer": "cross_trainer",
            "net_type": "just_pixel",
            "mlp_head_dim": 64,
            "depth": 2,
            "dim": 64,
            "heads": 20
        },
        "train": {
            "epochs": 100,
            "lr": 0.001,
            "weight_decay": 0,
            "temp": 20
        },
        "uniq_name": "pavia_cross_param_use.json_50_0"
    },