{
    "epoch_loss": {
        "type": "index_value",
        "index": [
            1,
            2,
            3,
            4,
            5,
            6,
            7,
            8,
            9,
            10,
            11,
            12,
            13,
            14,
            15,
            16,
            17,
            18,
            19,
            20,
            21,
            22,
            23,
            24,
            25,
            26,
            27,
            28,
            29,
            30,
            31,
            32,
            33,
            34,
            35,
            36,
            37,
            38,
            39,
            40,
            41,
            42,
            43,
            44,
            45,
            46,
            47,
            48,
            49,
            50,
            51,
            52,
            53,
            54,
            55,
            56,
            57,
            58,
            59,
            60,
            61,
            62,
            63,
            64,
            65,
            66,
            67,
            68,
            69,
            70,
            71,
            72,
            73,
            74,
            75,
            76,
            77,
            78,
            79,
            80,
            81,
            82,
            83,
            84,
            85,
            86,
            87,
            88,
            89,
            90,
            91,
            92,
            93,
            94,
            95,
            96,
            97,
            98,
            99,
            100
        ],
        "value": [
            2.3070266008377076,
            1.4566098213195802,
            1.180523157119751,
            0.9650994658470153,
            0.8171593904495239,
            0.7214910864830018,
            0.6051023960113525,
            0.5060344696044922,
            0.46966373920440674,
            0.3930108964443207,
            0.3271737813949585,
            0.2929085612297058,
            0.26347682178020476,
            0.23974038958549498,
            0.21312028765678406,
            0.18957982659339906,
            0.16757354140281677,
            0.1704301953315735,
            0.14195164740085603,
            0.12673855423927308,
            0.10448289215564728,
            0.09198270738124847,
            0.08225634098052978,
            0.06865440160036088,
            0.0731016829609871,
            0.07216701954603195,
            0.06000768095254898,
            0.05395926758646965,
            0.048113877326250075,
            0.047966597229242326,
            0.04421252086758613,
            0.040745469927787784,
            0.03935414850711823,
            0.04273148477077484,
            0.03364257961511612,
            0.03177313208580017,
            0.03445535749197006,
            0.036084235459566114,
            0.034757234156131744,
            0.031212855130434036,
            0.029317712038755418,
            0.02766689509153366,
            0.0276591956615448,
            0.025820633769035338,
            0.02290283627808094,
            0.023080289736390112,
            0.022658174112439155,
            0.02148909941315651,
            0.019206923991441728,
            0.020725049450993537,
            0.0202095627784729,
            0.01902022734284401,
            0.01827695146203041,
            0.015393032878637313,
            0.01680648699402809,
            0.016707514598965644,
            0.015109090879559518,
            0.016719043627381323,
            0.015250549465417863,
            0.01704099364578724,
            0.014224367588758469,
            0.012835992500185966,
            0.01869983971118927,
            0.02138240672647953,
            0.019787245988845827,
            0.0317015640437603,
            0.014538680389523505,
            0.05313551127910614,
            0.023021416366100313,
            0.01946934498846531,
            0.016474882513284682,
            0.014267458766698837,
            0.014300564303994179,
            0.0129774309694767,
            0.011275890655815602,
            0.010618203692138195,
            0.010750596970319748,
            0.009933132119476796,
            0.010775132849812508,
            0.008836936950683594,
            0.008106760308146476,
            0.01097663789987564,
            0.00907746646553278,
            0.007622762024402619,
            0.007775622047483921,
            0.007969181798398495,
            0.00789481345564127,
            0.00784399900585413,
            0.007563117519021034,
            0.006473040301352739,
            0.007258467562496662,
            0.007393623329699039,
            0.00651729553937912,
            0.006643543764948845,
            0.00766738299280405,
            0.007031022384762764,
            0.0059591162949800495,
            0.0058737250976264475,
            0.005188599415123463,
            0.00726571623235941
        ]
    },
    "train_oa": {
        "type": "index_value",
        "index": [
            10,
            20,
            30,
            40,
            50,
            60,
            70,
            80,
            90,
            100
        ],
        "value": [
            92.47716281569048,
            94.46163538327559,
            94.80071893123831,
            95.01936296762956,
            94.94339342956141,
            95.2713594841483,
            94.70622023754377,
            94.93412885174823,
            95.08236209675925,
            95.03789212325594
        ]
    },
    "train_aa": {
        "type": "index_value",
        "index": [
            10,
            20,
            30,
            40,
            50,
            60,
            70,
            80,
            90,
            100
        ],
        "value": [
            96.66269007187637,
            97.44905805135447,
            97.74762003626478,
            97.75135436015714,
            97.8805504241736,
            97.83398175932504,
            97.60533912492939,
            97.63644731002033,
            97.75110452058489,
            97.874115429305
        ]
    },
    "train_kappa": {
        "type": "index_value",
        "index": [
            10,
            20,
            30,
            40,
            50,
            60,
            70,
            80,
            90,
            100
        ],
        "value": [
            91.65992314481392,
            93.84902978951972,
            94.22649372477414,
            94.46414383810392,
            94.38714868849289,
            94.74858114309333,
            94.11491716001512,
            94.3752183084472,
            94.5362263399221,
            94.48929304037587
        ]
    },
    "param": {
        "data": {
            "data_sign": "Salinas",
            "data_file": "Salinas_10",
            "dump": false,
            "diffusion_sign": false,
            "diffusion_data_sign_path_prefix": "/home/cn/codes/spectral_diff_temp/codes/save_feature/salinas_unet3d_patch16_without_downsample_kernal5_fix/save_feature",
            "diffusion_data_sign": "t5_2_full.pkl.npy",
            "patch_size": 13,
            "test_ratio": 0.95,
            "batch_size": 64,
            "num_classes": 16,
            "pca": 30,
            "dim_heads": 64,
            "spectral_size": 30
        },
        "net": {
            "trainer": "cross_trainer",
            "net_type": "just_pixel",
            "mlp_head_dim": 64,
            "depth": 2,
            "dim": 64,
            "heads": 20
        },
        "train": {
            "epochs": 100,
            "lr": 0.001,
            "weight_decay": 0,
            "temp": 20
        },
        "uniq_name": "salinas_cross_param_use.json_10_0"
    },