{
    "epoch_loss": {
        "type": "index_value",
        "index": [
            1,
            2,
            3,
            4,
            5,
            6,
            7,
            8,
            9,
            10,
            11,
            12,
            13,
            14,
            15,
            16,
            17,
            18,
            19,
            20,
            21,
            22,
            23,
            24,
            25,
            26,
            27,
            28,
            29,
            30,
            31,
            32,
            33,
            34,
            35,
            36,
            37,
            38,
            39,
            40,
            41,
            42,
            43,
            44,
            45,
            46,
            47,
            48,
            49,
            50,
            51,
            52,
            53,
            54,
            55,
            56,
            57,
            58,
            59,
            60,
            61,
            62,
            63,
            64,
            65,
            66,
            67,
            68,
            69,
            70,
            71,
            72,
            73,
            74,
            75,
            76,
            77,
            78,
            79,
            80,
            81,
            82,
            83,
            84,
            85,
            86,
            87,
            88,
            89,
            90,
            91,
            92,
            93,
            94,
            95,
            96,
            97,
            98,
            99,
            100
        ],
        "value": [
            1.9861058712005615,
            1.1826797246932983,
            0.8729397773742675,
            0.6741923689842224,
            0.5237267196178437,
            0.4086970090866089,
            0.3321902334690094,
            0.27311659753322604,
            0.2289636641740799,
            0.19037811160087587,
            0.16570626497268676,
            0.15229369103908538,
            0.1253557100892067,
            0.09305012375116348,
            0.09189074337482453,
            0.08087414354085923,
            0.06456690058112144,
            0.05728854462504387,
            0.04838714003562927,
            0.04526689946651459,
            0.04281222075223923,
            0.03644691146910191,
            0.034598108381032944,
            0.032100748643279074,
            0.028167393431067465,
            0.02718496173620224,
            0.022901251912117004,
            0.021703741699457168,
            0.02276398427784443,
            0.020119012519717216,
            0.01907435804605484,
            0.016081856563687325,
            0.015215799771249294,
            0.015922858379781246,
            0.01584651544690132,
            0.013847443833947181,
            0.013802511617541313,
            0.013786747865378857,
            0.010693086497485637,
            0.012764120660722255,
            0.011770915798842907,
            0.012046533450484277,
            0.010399511083960533,
            0.010631347820162774,
            0.009638134203851224,
            0.008896397612988948,
            0.00945532824844122,
            0.00857066921889782,
            0.008897622488439083,
            0.008072866778820752,
            0.00718515133485198,
            0.007053670287132263,
            0.0067714590579271315,
            0.006702390871942044,
            0.006002385541796685,
            0.006351554114371538,
            0.0062558729201555256,
            0.005985080637037754,
            0.005856199096888304,
            0.005926455557346344,
            0.005673108901828527,
            0.00587893184274435,
            0.005870852060616017,
            0.005313437711447477,
            0.005289507005363703,
            0.005409071128815413,
            0.005163589492440224,
            0.004983228072524071,
            0.004757171031087637,
            0.004714012145996094,
            0.004765863437205553,
            0.0054632146842777726,
            0.0048109369818121195,
            0.004322963068261743,
            0.004336186964064836,
            0.004316785698756575,
            0.004248991329222918,
            0.004128274507820606,
            0.003786330530419946,
            0.0037096550222486258,
            0.0036635955329984426,
            0.0036483862437307834,
            0.0035752792842686175,
            0.0038272995967417955,
            0.003681770246475935,
            0.003162413276731968,
            0.0031844180542975665,
            0.003245398215949535,
            0.003311293385922909,
            0.003459783038124442,
            0.0029025951400399206,
            0.0031021700240671636,
            0.0029130532406270505,
            0.0027241542469710112,
            0.0027175083756446838,
            0.002938060322776437,
            0.0026207254268229008,
            0.002935066632926464,
            0.0027011206839233637,
            0.002628009347245097
        ]
    },
    "train_oa": {
        "type": "index_value",
        "index": [
            10,
            20,
            30,
            40,
            50,
            60,
            70,
            80,
            90,
            100
        ],
        "value": [
            93.96569347135238,
            95.59924919623111,
            95.39110557713394,
            95.40411455332752,
            95.22013046144697,
            95.19597093423033,
            95.22384731178799,
            95.27030794105076,
            95.2089799104239,
            95.24428998866361
        ]
    },
    "train_aa": {
        "type": "index_value",
        "index": [
            10,
            20,
            30,
            40,
            50,
            60,
            70,
            80,
            90,
            100
        ],
        "value": [
            97.07481104029925,
            97.92761258651052,
            97.72188902512482,
            97.76189876313819,
            97.88076491126834,
            97.84938797546604,
            97.8260809019798,
            97.8625023447803,
            97.83218399098088,
            97.80554381831814
        ]
    },
    "train_kappa": {
        "type": "index_value",
        "index": [
            10,
            20,
            30,
            40,
            50,
            60,
            70,
            80,
            90,
            100
        ],
        "value": [
            93.28492204516185,
            95.09634767660422,
            94.86130044866987,
            94.87544002814617,
            94.67965751990809,
            94.65268432394332,
            94.6833623257611,
            94.73434396386409,
            94.6669684677032,
            94.70619484094911
        ]
    },
    "param": {
        "data": {
            "data_sign": "Salinas",
            "data_file": "Salinas_20",
            "dump": false,
            "diffusion_sign": false,
            "diffusion_data_sign_path_prefix": "/home/cn/codes/spectral_diff_temp/codes/save_feature/salinas_unet3d_patch16_without_downsample_kernal5_fix/save_feature",
            "diffusion_data_sign": "t5_2_full.pkl.npy",
            "patch_size": 13,
            "test_ratio": 0.95,
            "batch_size": 64,
            "num_classes": 16,
            "pca": 30,
            "dim_heads": 64,
            "spectral_size": 30
        },
        "net": {
            "trainer": "cross_trainer",
            "net_type": "just_pixel",
            "mlp_head_dim": 64,
            "depth": 2,
            "dim": 64,
            "heads": 20
        },
        "train": {
            "epochs": 100,
            "lr": 0.001,
            "weight_decay": 0,
            "temp": 20
        },
        "uniq_name": "salinas_cross_param_use.json_20_1"
    },