{
    "epoch_loss": {
        "type": "index_value",
        "index": [
            1,
            2,
            3,
            4,
            5,
            6,
            7,
            8,
            9,
            10,
            11,
            12,
            13,
            14,
            15,
            16,
            17,
            18,
            19,
            20,
            21,
            22,
            23,
            24,
            25,
            26,
            27,
            28,
            29,
            30,
            31,
            32,
            33,
            34,
            35,
            36,
            37,
            38,
            39,
            40,
            41,
            42,
            43,
            44,
            45,
            46,
            47,
            48,
            49,
            50,
            51,
            52,
            53,
            54,
            55,
            56,
            57,
            58,
            59,
            60,
            61,
            62,
            63,
            64,
            65,
            66,
            67,
            68,
            69,
            70,
            71,
            72,
            73,
            74,
            75,
            76,
            77,
            78,
            79,
            80,
            81,
            82,
            83,
            84,
            85,
            86,
            87,
            88,
            89,
            90,
            91,
            92,
            93,
            94,
            95,
            96,
            97,
            98,
            99,
            100
        ],
        "value": [
            1.9627867698669434,
            1.1780458450317384,
            0.8755391001701355,
            0.6830195784568787,
            0.544157886505127,
            0.4178018271923065,
            0.33472957611083987,
            0.2786422222852707,
            0.23520700633525848,
            0.19220418930053712,
            0.16828276813030243,
            0.1434694081544876,
            0.13279341161251068,
            0.11805448830127716,
            0.09474203735589981,
            0.09890513271093368,
            0.09713160991668701,
            0.07378613278269767,
            0.06495637074112892,
            0.052818883955478665,
            0.04518191814422608,
            0.047232062369585034,
            0.04051625579595566,
            0.03574099391698837,
            0.03708450272679329,
            0.030962402001023293,
            0.0245739720761776,
            0.023413653671741485,
            0.02195625826716423,
            0.021467040106654168,
            0.019536297023296356,
            0.018256443738937377,
            0.01765050385147333,
            0.018229319155216216,
            0.016873945854604243,
            0.015348851680755615,
            0.015344290994107723,
            0.01509293783456087,
            0.012504782155156135,
            0.011817917972803117,
            0.011972885951399804,
            0.011039124429225921,
            0.010013224370777608,
            0.01028499025851488,
            0.008906599134206772,
            0.010505836829543114,
            0.009480598382651806,
            0.009710615873336792,
            0.009081239625811578,
            0.008310249540954828,
            0.007792649138718843,
            0.007736079208552837,
            0.0074156965129077435,
            0.007658253237605095,
            0.007304301392287016,
            0.007403366360813379,
            0.006423868238925934,
            0.00611478891223669,
            0.007085286267101765,
            0.006550672464072704,
            0.007215792965143919,
            0.005941190291196108,
            0.006258427910506725,
            0.005896841082721949,
            0.0062873649410903456,
            0.005650642048567534,
            0.005466039944440127,
            0.005542481411248445,
            0.005251030903309584,
            0.004976131673902273,
            0.004541497305035591,
            0.004138962691649794,
            0.0047362491488456724,
            0.00495270905084908,
            0.004251941619440913,
            0.004022783972322941,
            0.004109131684526801,
            0.003936121845617891,
            0.004091720189899206,
            0.003638998046517372,
            0.004004052234813571,
            0.003590951068326831,
            0.003651532204821706,
            0.00366814867593348,
            0.00354296644218266,
            0.0031166281551122665,
            0.0035273712128400803,
            0.0033441387582570314,
            0.003094991995021701,
            0.003310081083327532,
            0.003054165095090866,
            0.003635922726243734,
            0.0030804764479398727,
            0.002913053287193179,
            0.0031715302728116514,
            0.0029497380834072827,
            0.002978999586775899,
            0.0026550463866442443,
            0.002464086702093482,
            0.002570744464173913
        ]
    },
    "train_oa": {
        "type": "index_value",
        "index": [
            10,
            20,
            30,
            40,
            50,
            60,
            70,
            80,
            90,
            100
        ],
        "value": [
            94.40428181159287,
            95.59367392071958,
            95.69588730509766,
            95.88730509766025,
            95.95420840379862,
            95.81296809083982,
            95.88916352283076,
            95.93004887658199,
            95.90403092419484,
            95.86500399561412
        ]
    },
    "train_aa": {
        "type": "index_value",
        "index": [
            10,
            20,
            30,
            40,
            50,
            60,
            70,
            80,
            90,
            100
        ],
        "value": [
            97.52266937913498,
            97.97545862564971,
            98.08702074982205,
            98.03263944802538,
            97.92698256754196,
            97.94864114596815,
            98.00309248081756,
            98.01749358197706,
            98.01552044842508,
            98.06118029126587
        ]
    },
    "train_kappa": {
        "type": "index_value",
        "index": [
            10,
            20,
            30,
            40,
            50,
            60,
            70,
            80,
            90,
            100
        ],
        "value": [
            93.77399417530486,
            95.09827578656683,
            95.21465744221818,
            95.4225706597378,
            95.49317032084424,
            95.34026114028407,
            95.42506526033434,
            95.4695495770101,
            95.44177754729512,
            95.40023883038432
        ]
    },
    "param": {
        "data": {
            "data_sign": "Salinas",
            "data_file": "Salinas_20",
            "dump": false,
            "diffusion_sign": false,
            "diffusion_data_sign_path_prefix": "/home/cn/codes/spectral_diff_temp/codes/save_feature/salinas_unet3d_patch16_without_downsample_kernal5_fix/save_feature",
            "diffusion_data_sign": "t5_2_full.pkl.npy",
            "patch_size": 13,
            "test_ratio": 0.95,
            "batch_size": 64,
            "num_classes": 16,
            "pca": 30,
            "dim_heads": 64,
            "spectral_size": 30
        },
        "net": {
            "trainer": "cross_trainer",
            "net_type": "just_pixel",
            "mlp_head_dim": 64,
            "depth": 2,
            "dim": 64,
            "heads": 20
        },
        "train": {
            "epochs": 100,
            "lr": 0.001,
            "weight_decay": 0,
            "temp": 20
        },
        "uniq_name": "salinas_cross_param_use.json_20_2"
    },