{
    "epoch_loss": {
        "type": "index_value",
        "index": [
            1,
            2,
            3,
            4,
            5,
            6,
            7,
            8,
            9,
            10,
            11,
            12,
            13,
            14,
            15,
            16,
            17,
            18,
            19,
            20,
            21,
            22,
            23,
            24,
            25,
            26,
            27,
            28,
            29,
            30,
            31,
            32,
            33,
            34,
            35,
            36,
            37,
            38,
            39,
            40,
            41,
            42,
            43,
            44,
            45,
            46,
            47,
            48,
            49,
            50,
            51,
            52,
            53,
            54,
            55,
            56,
            57,
            58,
            59,
            60,
            61,
            62,
            63,
            64,
            65,
            66,
            67,
            68,
            69,
            70,
            71,
            72,
            73,
            74,
            75,
            76,
            77,
            78,
            79,
            80,
            81,
            82,
            83,
            84,
            85,
            86,
            87,
            88,
            89,
            90,
            91,
            92,
            93,
            94,
            95,
            96,
            97,
            98,
            99,
            100
        ],
        "value": [
            1.3173788087708609,
            0.5154422078813825,
            0.2639028140476772,
            0.1612115127699716,
            0.11125886099679129,
            0.0875027882201331,
            0.06481356216328485,
            0.05675677710345813,
            0.04018633312412671,
            0.037579235966716494,
            0.025053449294396807,
            0.021307666493313653,
            0.021004840598574707,
            0.013235092775097915,
            0.010857972369662353,
            0.008687919245234557,
            0.0071461060483540804,
            0.00658707751759461,
            0.006121053307184151,
            0.006090684940240213,
            0.005339621692629797,
            0.004752129595726728,
            0.004354877211153507,
            0.003976656163909606,
            0.0038200215968702523,
            0.003488296988819327,
            0.0033181111594395977,
            0.002941407369715827,
            0.003307226925556149,
            0.004900516529700586,
            0.05084547492276345,
            0.016349449673933644,
            0.01081163159438542,
            0.0131518307674144,
            0.006030285165512136,
            0.00381896954828075,
            0.003178196739671486,
            0.004051991971209645,
            0.010411371556775911,
            0.0049736325296440296,
            0.0038229283477578843,
            0.0026696850479181323,
            0.004445895951773439,
            0.0018791909728731427,
            0.001828455233148166,
            0.005952343810349703,
            0.02000034261228783,
            0.010834650356056436,
            0.006227164768746921,
            0.01251907835581473,
            0.005488493127216186,
            0.018564604621912752,
            0.012304702680557967,
            0.01109378330542573,
            0.002806881153290825,
            0.0019630031194537876,
            0.0015920562270496572,
            0.001267153277461018,
            0.0011719497951811978,
            0.001080482206972582,
            0.0010966744872608356,
            0.0009332800150981971,
            0.0007325306318567268,
            0.0007901593760055091,
            0.0006996243443739201,
            0.0007636728214233049,
            0.0006647706314522241,
            0.0006451895061348166,
            0.0006489446885617716,
            0.0006096179996218001,
            0.0005763986630232206,
            0.000611755539596613,
            0.0005084136841885214,
            0.00045252116729638405,
            0.0004666683629953435,
            0.00048299981696930315,
            0.0004822872936659093,
            0.00045743742292480807,
            0.0004676462849602103,
            0.0004541631305723318,
            0.0004157616540656558,
            0.00044051426313152273,
            0.0004482681297564081,
            0.0003788701757522566,
            0.0003942461351730994,
            0.00040124666328275843,
            0.0004795238209356155,
            0.0004067327378184668,
            0.0003292952456311988,
            0.00035861989350191185,
            0.00037859216265912567,
            0.00034103379335387475,
            0.00035054456924886576,
            0.00032267644003565823,
            0.00031290284324703475,
            0.00029923290588028194,
            0.000301916674444718,
            0.000288188413417499,
            0.00026760081943523673,
            0.0003303471686584609
        ]
    },
    "train_oa": {
        "type": "index_value",
        "index": [
            10,
            20,
            30,
            40,
            50,
            60,
            70,
            80,
            90,
            100
        ],
        "value": [
            99.19824935388331,
            99.60195438510442,
            99.53215491708956,
            98.9680997566451,
            98.16257616631138,
            98.52666528325379,
            98.568167669641,
            98.69833424512818,
            98.64174008187288,
            98.63230772133033
        ]
    },
    "train_aa": {
        "type": "index_value",
        "index": [
            10,
            20,
            30,
            40,
            50,
            60,
            70,
            80,
            90,
            100
        ],
        "value": [
            99.58173978446119,
            99.79086763428798,
            99.70764747772017,
            99.11979402373903,
            98.97913055546903,
            99.17612453191265,
            99.23767327881528,
            99.29740541375031,
            99.28193028956109,
            99.27148033601344
        ]
    },
    "train_kappa": {
        "type": "index_value",
        "index": [
            10,
            20,
            30,
            40,
            50,
            60,
            70,
            80,
            90,
            100
        ],
        "value": [
            99.1052335696968,
            99.55599790305105,
            99.47814797728344,
            98.84883590927805,
            97.94819501027497,
            98.3555781783353,
            98.40181359716621,
            98.54733513110753,
            98.48397094167053,
            98.47335565362198
        ]
    },
    "param": {
        "data": {
            "data_sign": "Salinas",
            "data_file": "Salinas_70",
            "dump": false,
            "diffusion_sign": false,
            "diffusion_data_sign_path_prefix": "/home/cn/codes/spectral_diff_temp/codes/save_feature/salinas_unet3d_patch16_without_downsample_kernal5_fix/save_feature",
            "diffusion_data_sign": "t5_2_full.pkl.npy",
            "patch_size": 13,
            "test_ratio": 0.95,
            "batch_size": 64,
            "num_classes": 16,
            "pca": 30,
            "dim_heads": 64,
            "spectral_size": 30
        },
        "net": {
            "trainer": "cross_trainer",
            "net_type": "just_pixel",
            "mlp_head_dim": 64,
            "depth": 2,
            "dim": 64,
            "heads": 20
        },
        "train": {
            "epochs": 100,
            "lr": 0.001,
            "weight_decay": 0,
            "temp": 20
        },
        "uniq_name": "salinas_cross_param_use.json_70_1"
    },