{
    "epoch_loss": {
        "type": "index_value",
        "index": [
            1,
            2,
            3,
            4,
            5,
            6,
            7,
            8,
            9,
            10,
            11,
            12,
            13,
            14,
            15,
            16,
            17,
            18,
            19,
            20,
            21,
            22,
            23,
            24,
            25,
            26,
            27,
            28,
            29,
            30,
            31,
            32,
            33,
            34,
            35,
            36,
            37,
            38,
            39,
            40,
            41,
            42,
            43,
            44,
            45,
            46,
            47,
            48,
            49,
            50,
            51,
            52,
            53,
            54,
            55,
            56,
            57,
            58,
            59,
            60,
            61,
            62,
            63,
            64,
            65,
            66,
            67,
            68,
            69,
            70,
            71,
            72,
            73,
            74,
            75,
            76,
            77,
            78,
            79,
            80,
            81,
            82,
            83,
            84,
            85,
            86,
            87,
            88,
            89,
            90,
            91,
            92,
            93,
            94,
            95,
            96,
            97,
            98,
            99,
            100
        ],
        "value": [
            1.9079072237014771,
            1.1961137533187867,
            0.8843323349952698,
            0.6565256237983703,
            0.5156170904636384,
            0.4056352138519287,
            0.3295940160751343,
            0.2717593014240265,
            0.21552520096302033,
            0.1821792483329773,
            0.1495462790131569,
            0.13602649867534639,
            0.11056952327489852,
            0.10191248655319214,
            0.10331757217645646,
            0.08132890909910202,
            0.0788806676864624,
            0.0681555651128292,
            0.07059714719653129,
            0.05689443200826645,
            0.053715763986110686,
            0.039343039691448214,
            0.03538603335618973,
            0.03437961228191853,
            0.027340152859687807,
            0.025362236052751543,
            0.023224493861198424,
            0.023223501443862916,
            0.022210730612277983,
            0.01851578615605831,
            0.02028358280658722,
            0.017606982961297035,
            0.016744284890592098,
            0.01604339499026537,
            0.015337208285927773,
            0.014802603237330913,
            0.01337792631238699,
            0.013232863321900368,
            0.013095308095216751,
            0.011120050400495528,
            0.012545071542263031,
            0.00964498333632946,
            0.012861824221909046,
            0.010088706575334071,
            0.011024509370326997,
            0.008546224981546401,
            0.00941788349300623,
            0.008964836038649083,
            0.009212338738143444,
            0.007718518562614918,
            0.009161246940493584,
            0.008693822845816612,
            0.007437597867101431,
            0.007648766506463289,
            0.00810070000588894,
            0.006659983471035957,
            0.0075852151960134504,
            0.006718727853149175,
            0.00740493256598711,
            0.005503226071596146,
            0.0056306784972548485,
            0.005745001882314682,
            0.005565096158534288,
            0.005420214124023914,
            0.005292080156505108,
            0.005097811203449964,
            0.0050472114235162735,
            0.004977543232962489,
            0.004921517707407475,
            0.004879244975745678,
            0.004803703539073468,
            0.004793249536305666,
            0.004274639487266541,
            0.0043840579688549045,
            0.004729906562715769,
            0.004196254722774029,
            0.003982205642387271,
            0.0035763882100582124,
            0.0038220342248678207,
            0.004130933294072747,
            0.0035900527611374853,
            0.0036651558708399533,
            0.003862431179732084,
            0.00350758982822299,
            0.0036400740966200827,
            0.003729385836049914,
            0.0030879505444318055,
            0.003302242653444409,
            0.0028427170123904943,
            0.0029872992541640996,
            0.003168370388448238,
            0.002988757798448205,
            0.002771547716110945,
            0.0031440711114555596,
            0.002928451867774129,
            0.002863135375082493,
            0.0029916110914200546,
            0.002694401517510414,
            0.0025772406719624997,
            0.0026190819218754767
        ]
    },
    "train_oa": {
        "type": "index_value",
        "index": [
            10,
            20,
            30,
            40,
            50,
            60,
            70,
            80,
            90,
            100
        ],
        "value": [
            94.43029976398,
            95.87615454663718,
            96.25527328142132,
            96.1623520228958,
            96.10659926778048,
            96.03597911130109,
            96.03226226096007,
            96.0396959616421,
            96.05456336300618,
            96.04341281198313
        ]
    },
    "train_aa": {
        "type": "index_value",
        "index": [
            10,
            20,
            30,
            40,
            50,
            60,
            70,
            80,
            90,
            100
        ],
        "value": [
            97.46535181774978,
            97.90340063819627,
            98.14498971005929,
            98.06234273951343,
            98.13320755957866,
            97.95047149184899,
            98.05132876411992,
            98.03454123380332,
            98.07023955098137,
            97.96229448693794
        ]
    },
    "train_kappa": {
        "type": "index_value",
        "index": [
            10,
            20,
            30,
            40,
            50,
            60,
            70,
            80,
            90,
            100
        ],
        "value": [
            93.80015108601167,
            95.40617333226888,
            95.83257709803965,
            95.72646182226646,
            95.66825277883056,
            95.58336090938155,
            95.58235682847867,
            95.59022723029419,
            95.6073397208412,
            95.59156208778785
        ]
    },
    "param": {
        "data": {
            "data_sign": "Salinas",
            "data_file": "Salinas_20",
            "dump": false,
            "diffusion_sign": false,
            "diffusion_data_sign_path_prefix": "/home/cn/codes/spectral_diff_temp/codes/save_feature/salinas_unet3d_patch16_without_downsample_kernal5_fix/save_feature",
            "diffusion_data_sign": "t5_2_full.pkl.npy",
            "patch_size": 13,
            "test_ratio": 0.95,
            "batch_size": 64,
            "num_classes": 16,
            "pca": 30,
            "dim_heads": 64,
            "spectral_size": 30
        },
        "net": {
            "trainer": "cross_trainer",
            "net_type": "just_pixel",
            "mlp_head_dim": 64,
            "depth": 2,
            "dim": 64,
            "heads": 20
        },
        "train": {
            "epochs": 100,
            "lr": 0.001,
            "weight_decay": 0,
            "temp": 20
        },
        "uniq_name": "salinas_cross_param_use.json_20_0"
    },