{
    "epoch_loss": {
        "type": "index_value",
        "index": [
            1,
            2,
            3,
            4,
            5,
            6,
            7,
            8,
            9,
            10,
            11,
            12,
            13,
            14,
            15,
            16,
            17,
            18,
            19,
            20,
            21,
            22,
            23,
            24,
            25,
            26,
            27,
            28,
            29,
            30,
            31,
            32,
            33,
            34,
            35,
            36,
            37,
            38,
            39,
            40,
            41,
            42,
            43,
            44,
            45,
            46,
            47,
            48,
            49,
            50,
            51,
            52,
            53,
            54,
            55,
            56,
            57,
            58,
            59,
            60,
            61,
            62,
            63,
            64,
            65,
            66,
            67,
            68,
            69,
            70,
            71,
            72,
            73,
            74,
            75,
            76,
            77,
            78,
            79,
            80,
            81,
            82,
            83,
            84,
            85,
            86,
            87,
            88,
            89,
            90,
            91,
            92,
            93,
            94,
            95,
            96,
            97,
            98,
            99,
            100
        ],
        "value": [
            2.013262939453125,
            1.210729718208313,
            0.8964187979698182,
            0.6583838582038879,
            0.5023012220859527,
            0.40471819043159485,
            0.3254429280757904,
            0.2660995781421661,
            0.21573736071586608,
            0.16552479863166808,
            0.1581748366355896,
            0.12302163094282151,
            0.1156096562743187,
            0.13218942135572434,
            0.120852892100811,
            0.0887859046459198,
            0.08080386146903037,
            0.07606740370392799,
            0.06560849100351333,
            0.04961880147457123,
            0.04267020076513291,
            0.0392276331782341,
            0.03511468842625618,
            0.03228524886071682,
            0.02942621298134327,
            0.030066578090190886,
            0.026276890933513642,
            0.024803682789206506,
            0.022117193788290024,
            0.020884471759200097,
            0.021532255783677103,
            0.017226444184780122,
            0.017208028584718704,
            0.016623762995004655,
            0.015704664587974548,
            0.015613195858895779,
            0.014618957042694091,
            0.013980195671319962,
            0.012855230644345284,
            0.013912475481629372,
            0.011509433574974536,
            0.01196811031550169,
            0.012387102283537389,
            0.010195018351078033,
            0.0119159284979105,
            0.009725616499781608,
            0.009466012939810753,
            0.009736979380249977,
            0.008998814411461354,
            0.009016226604580879,
            0.007551712449640036,
            0.008460424374789,
            0.008479036763310433,
            0.008422644343227148,
            0.007213147077709437,
            0.007976294215768575,
            0.007029648404568434,
            0.008660017140209674,
            0.006657067127525807,
            0.006428202521055937,
            0.00603636559098959,
            0.006158585380762816,
            0.005709973257035017,
            0.005425986554473639,
            0.005687288194894791,
            0.005415693949908018,
            0.00549867358058691,
            0.005506635177880526,
            0.005099637247622013,
            0.004958154819905758,
            0.0048227253369987014,
            0.004785993695259094,
            0.004521702975034713,
            0.004329418437555433,
            0.004271336644887924,
            0.0046199039090424774,
            0.004188516130670905,
            0.003916510380804539,
            0.004081747494637966,
            0.004336292948573827,
            0.0036968104541301727,
            0.0036701371427625418,
            0.0037999911699444057,
            0.003936173440888524,
            0.0035898305010050534,
            0.0038128409069031477,
            0.0034797482658177614,
            0.0036766329314559696,
            0.003494787123054266,
            0.003611572412773967,
            0.003449138021096587,
            0.0031433457508683203,
            0.0031441267114132644,
            0.0028681185562163592,
            0.003021526290103793,
            0.0028984463308006523,
            0.0031052664387971165,
            0.0026645772624760864,
            0.0028599535580724478,
            0.002590772369876504
        ]
    },
    "train_oa": {
        "type": "index_value",
        "index": [
            10,
            20,
            30,
            40,
            50,
            60,
            70,
            80,
            90,
            100
        ],
        "value": [
            94.05675630470739,
            96.60279878830679,
            96.3927967440391,
            96.7979334312104,
            96.78864130535784,
            96.86111988700775,
            96.69014477132079,
            96.69943689717333,
            96.77749075433478,
            96.70687059785537
        ]
    },
    "train_aa": {
        "type": "index_value",
        "index": [
            10,
            20,
            30,
            40,
            50,
            60,
            70,
            80,
            90,
            100
        ],
        "value": [
            97.62728806145431,
            98.41820191039656,
            98.38794338774584,
            98.36058728117658,
            98.31246248304998,
            98.44169245667368,
            98.36747967706714,
            98.32646030792853,
            98.32539038436715,
            98.27571109853142
        ]
    },
    "train_kappa": {
        "type": "index_value",
        "index": [
            10,
            20,
            30,
            40,
            50,
            60,
            70,
            80,
            90,
            100
        ],
        "value": [
            93.40283651376676,
            96.22314559914577,
            95.99112506934505,
            96.43620662210441,
            96.42510123213142,
            96.50751469478526,
            96.31790024705994,
            96.32711858332215,
            96.41361533852503,
            96.33443468619689
        ]
    },
    "param": {
        "data": {
            "data_sign": "Salinas",
            "data_file": "Salinas_20",
            "dump": false,
            "diffusion_sign": false,
            "diffusion_data_sign_path_prefix": "/home/cn/codes/spectral_diff_temp/codes/save_feature/salinas_unet3d_patch16_without_downsample_kernal5_fix/save_feature",
            "diffusion_data_sign": "t5_2_full.pkl.npy",
            "patch_size": 13,
            "test_ratio": 0.95,
            "batch_size": 64,
            "num_classes": 16,
            "pca": 30,
            "dim_heads": 64,
            "spectral_size": 30
        },
        "net": {
            "trainer": "cross_trainer",
            "net_type": "just_pixel",
            "mlp_head_dim": 64,
            "depth": 2,
            "dim": 64,
            "heads": 20
        },
        "train": {
            "epochs": 100,
            "lr": 0.001,
            "weight_decay": 0,
            "temp": 20
        },
        "uniq_name": "salinas_cross_param_use.json_20_3"
    },