{
    "epoch_loss": {
        "type": "index_value",
        "index": [
            1,
            2,
            3,
            4,
            5,
            6,
            7,
            8,
            9,
            10,
            11,
            12,
            13,
            14,
            15,
            16,
            17,
            18,
            19,
            20,
            21,
            22,
            23,
            24,
            25,
            26,
            27,
            28,
            29,
            30,
            31,
            32,
            33,
            34,
            35,
            36,
            37,
            38,
            39,
            40,
            41,
            42,
            43,
            44,
            45,
            46,
            47,
            48,
            49,
            50,
            51,
            52,
            53,
            54,
            55,
            56,
            57,
            58,
            59,
            60,
            61,
            62,
            63,
            64,
            65,
            66,
            67,
            68,
            69,
            70,
            71,
            72,
            73,
            74,
            75,
            76,
            77,
            78,
            79,
            80,
            81,
            82,
            83,
            84,
            85,
            86,
            87,
            88,
            89,
            90,
            91,
            92,
            93,
            94,
            95,
            96,
            97,
            98,
            99,
            100
        ],
        "value": [
            1.4655076146125794,
            0.6504596614837647,
            0.3691872823238373,
            0.23583289861679077,
            0.1651714563369751,
            0.12122564554214478,
            0.10521832555532455,
            0.11271774768829346,
            0.07299475014209747,
            0.07012709379196166,
            0.05347479097545147,
            0.047455947548151016,
            0.07582746714353561,
            0.041304423213005065,
            0.030454877018928527,
            0.02382546104490757,
            0.020621503666043282,
            0.020802370607852935,
            0.03558058872818947,
            0.01971594341099262,
            0.011276700571179389,
            0.010148807689547538,
            0.007945684343576431,
            0.007603067345917225,
            0.006909649446606636,
            0.0060899357125163076,
            0.005774775519967079,
            0.005262925829738379,
            0.0049538140930235385,
            0.004702781718224287,
            0.0046863026358187196,
            0.004170360490679741,
            0.004189270511269569,
            0.0034653054550290107,
            0.003565365169197321,
            0.003542820233851671,
            0.0033724895492196084,
            0.003068653419613838,
            0.002902622725814581,
            0.0028394012711942195,
            0.0027417218033224345,
            0.00283844294026494,
            0.002541786599904299,
            0.0023997466918081046,
            0.0026539687532931566,
            0.0022705079335719348,
            0.003263265648856759,
            0.0025718814693391325,
            0.00225595542229712,
            0.0021683808602392675,
            0.0019182926788926125,
            0.0018045402690768243,
            0.0016882720030844212,
            0.0017040853574872017,
            0.001825814861804247,
            0.0015350571880117059,
            0.0015840237587690354,
            0.001499312943778932,
            0.0014118031226098538,
            0.0015411918051540852,
            0.0012799509754404426,
            0.0013594366423785686,
            0.0012162470864132047,
            0.0015690431604161858,
            0.0012505530007183552,
            0.001180447111837566,
            0.0012752504786476492,
            0.001165939522907138,
            0.001063285218551755,
            0.0010599545575678349,
            0.001072133216075599,
            0.0010257773101329803,
            0.0010459962161257863,
            0.0010027466295287014,
            0.000977845541201532,
            0.0009383088257163764,
            0.0008780449605546892,
            0.00088031105697155,
            0.0008232374442741275,
            0.0008287612395361066,
            0.0008971653366461396,
            0.0008905154792591929,
            0.0007822332112118602,
            0.0007187657197937369,
            0.0007951045734807849,
            0.000839841014239937,
            0.000687805328052491,
            0.0007408009888604283,
            0.0008632983220741153,
            0.0006968491431325674,
            0.0006460987310856581,
            0.0006676421756856144,
            0.000622210237197578,
            0.0005921852099709212,
            0.0006631572125479579,
            0.0006023690500296653,
            0.0006570220878347754,
            0.000745801159646362,
            0.0005739583889953792,
            0.000613510642433539
        ]
    },
    "train_oa": {
        "type": "index_value",
        "index": [
            10,
            20,
            30,
            40,
            50,
            60,
            70,
            80,
            90,
            100
        ],
        "value": [
            94.33328957977835,
            98.30486227005944,
            98.3348647077575,
            98.38924412608525,
            98.35174107896266,
            98.19985373811623,
            98.3086125747717,
            98.25985861351235,
            98.33111440304525,
            98.3404901648259
        ]
    },
    "train_aa": {
        "type": "index_value",
        "index": [
            10,
            20,
            30,
            40,
            50,
            60,
            70,
            80,
            90,
            100
        ],
        "value": [
            98.18664890597451,
            99.10976743391554,
            99.21181637448083,
            99.23416681102299,
            99.24392049006248,
            99.11758299749738,
            99.13349768812711,
            99.10911287094348,
            99.13725516904739,
            99.17178181855158
        ]
    },
    "train_kappa": {
        "type": "index_value",
        "index": [
            10,
            20,
            30,
            40,
            50,
            60,
            70,
            80,
            90,
            100
        ],
        "value": [
            93.71267982745417,
            98.11120777222226,
            98.14445403354752,
            98.20502421382163,
            98.16389865260561,
            97.99312479158701,
            98.11492050579037,
            98.06048491999067,
            98.13993034991614,
            98.1506503594227
        ]
    },
    "param": {
        "data": {
            "data_sign": "Salinas",
            "data_file": "Salinas_50",
            "dump": false,
            "diffusion_sign": false,
            "diffusion_data_sign_path_prefix": "/home/cn/codes/spectral_diff_temp/codes/save_feature/salinas_unet3d_patch16_without_downsample_kernal5_fix/save_feature",
            "diffusion_data_sign": "t5_2_full.pkl.npy",
            "patch_size": 13,
            "test_ratio": 0.95,
            "batch_size": 64,
            "num_classes": 16,
            "pca": 30,
            "dim_heads": 64,
            "spectral_size": 30
        },
        "net": {
            "trainer": "cross_trainer",
            "net_type": "just_pixel",
            "mlp_head_dim": 64,
            "depth": 2,
            "dim": 64,
            "heads": 20
        },
        "train": {
            "epochs": 100,
            "lr": 0.001,
            "weight_decay": 0,
            "temp": 20
        },
        "uniq_name": "salinas_cross_param_use.json_50_0"
    },