{
    "epoch_loss": {
        "type": "index_value",
        "index": [
            1,
            2,
            3,
            4,
            5,
            6,
            7,
            8,
            9,
            10,
            11,
            12,
            13,
            14,
            15,
            16,
            17,
            18,
            19,
            20,
            21,
            22,
            23,
            24,
            25,
            26,
            27,
            28,
            29,
            30,
            31,
            32,
            33,
            34,
            35,
            36,
            37,
            38,
            39,
            40,
            41,
            42,
            43,
            44,
            45,
            46,
            47,
            48,
            49,
            50,
            51,
            52,
            53,
            54,
            55,
            56,
            57,
            58,
            59,
            60,
            61,
            62,
            63,
            64,
            65,
            66,
            67,
            68,
            69,
            70,
            71,
            72,
            73,
            74,
            75,
            76,
            77,
            78,
            79,
            80,
            81,
            82,
            83,
            84,
            85,
            86,
            87,
            88,
            89,
            90,
            91,
            92,
            93,
            94,
            95,
            96,
            97,
            98,
            99,
            100
        ],
        "value": [
            2.2822544097900392,
            1.442896294593811,
            1.1841226816177368,
            0.9711643576622009,
            0.7954657673835754,
            0.6816805720329284,
            0.5808460414409637,
            0.48645434975624086,
            0.43507816195487975,
            0.37664453983306884,
            0.3325671970844269,
            0.2879254400730133,
            0.257585334777832,
            0.2398526430130005,
            0.2100491225719452,
            0.18356892466545105,
            0.16003938615322114,
            0.13312680423259735,
            0.13973672688007355,
            0.11367925703525543,
            0.09890378713607788,
            0.10495776236057282,
            0.0899202361702919,
            0.07997720837593078,
            0.06670046299695968,
            0.06938894540071487,
            0.06637948602437974,
            0.06009102910757065,
            0.0569621667265892,
            0.05022757798433304,
            0.04753235280513764,
            0.04618041887879372,
            0.04003650471568108,
            0.03984366282820702,
            0.03648864775896073,
            0.029074889793992042,
            0.03305406011641025,
            0.03523050099611282,
            0.029364538937807085,
            0.02695930525660515,
            0.02870425134897232,
            0.022524141147732733,
            0.022423654422163965,
            0.02512728199362755,
            0.02173607051372528,
            0.022612368687987328,
            0.02262305058538914,
            0.018840236961841582,
            0.01913990341126919,
            0.019079647958278656,
            0.018092538788914682,
            0.01819673515856266,
            0.016652056947350502,
            0.015854399651288986,
            0.01754869185388088,
            0.01659604012966156,
            0.016495808213949203,
            0.01412962842732668,
            0.013829389214515686,
            0.016520411893725395,
            0.012972955778241157,
            0.012771457061171531,
            0.012599286995828152,
            0.013404893688857555,
            0.013124309480190277,
            0.01109280288219452,
            0.01089449729770422,
            0.011534181237220765,
            0.010851111076772214,
            0.010435511916875839,
            0.011854935809969902,
            0.010521257296204567,
            0.009629413485527039,
            0.00855186190456152,
            0.010226553864777088,
            0.009184402041137218,
            0.007946141622960567,
            0.008181928377598523,
            0.00841933935880661,
            0.007631528936326504,
            0.008139622956514358,
            0.01010259948670864,
            0.007515207678079605,
            0.007514843717217445,
            0.00839276760816574,
            0.00820829663425684,
            0.007283888664096594,
            0.0068559437990188595,
            0.00697878859937191,
            0.007037564180791378,
            0.0073745371773839,
            0.0069256220944225785,
            0.006224490609019995,
            0.006186786480247975,
            0.00588184678927064,
            0.005447861365973949,
            0.006457451172173024,
            0.006238446012139321,
            0.00547436773777008,
            0.006770803779363632
        ]
    },
    "train_oa": {
        "type": "index_value",
        "index": [
            10,
            20,
            30,
            40,
            50,
            60,
            70,
            80,
            90,
            100
        ],
        "value": [
            92.36598788193223,
            94.44125331208657,
            94.19852137338101,
            95.02862754544276,
            94.8248068335526,
            94.89521762493284,
            94.95821675406252,
            94.80071893123831,
            94.76736645111082,
            94.38937167633271
        ]
    },
    "train_aa": {
        "type": "index_value",
        "index": [
            10,
            20,
            30,
            40,
            50,
            60,
            70,
            80,
            90,
            100
        ],
        "value": [
            96.20650029001885,
            97.2409665092443,
            96.6637619619231,
            97.39755350281847,
            97.30634678805528,
            97.30702615617287,
            97.30500801717865,
            97.21884947938577,
            97.18198455067271,
            97.11727953769545
        ]
    },
    "train_kappa": {
        "type": "index_value",
        "index": [
            10,
            20,
            30,
            40,
            50,
            60,
            70,
            80,
            90,
            100
        ],
        "value": [
            91.53601600874954,
            93.82628051356576,
            93.55954501787897,
            94.47712171359103,
            94.25366627971896,
            94.33069740402158,
            94.39977226189488,
            94.22805057467781,
            94.19065161721876,
            93.77537097158111
        ]
    },
    "param": {
        "data": {
            "data_sign": "Salinas",
            "data_file": "Salinas_10",
            "dump": false,
            "diffusion_sign": false,
            "diffusion_data_sign_path_prefix": "/home/cn/codes/spectral_diff_temp/codes/save_feature/salinas_unet3d_patch16_without_downsample_kernal5_fix/save_feature",
            "diffusion_data_sign": "t5_2_full.pkl.npy",
            "patch_size": 13,
            "test_ratio": 0.95,
            "batch_size": 64,
            "num_classes": 16,
            "pca": 30,
            "dim_heads": 64,
            "spectral_size": 30
        },
        "net": {
            "trainer": "cross_trainer",
            "net_type": "just_pixel",
            "mlp_head_dim": 64,
            "depth": 2,
            "dim": 64,
            "heads": 20
        },
        "train": {
            "epochs": 100,
            "lr": 0.001,
            "weight_decay": 0,
            "temp": 20
        },
        "uniq_name": "salinas_cross_param_use.json_10_3"
    },