{
    "epoch_loss": {
        "type": "index_value",
        "index": [
            1,
            2,
            3,
            4,
            5,
            6,
            7,
            8,
            9,
            10,
            11,
            12,
            13,
            14,
            15,
            16,
            17,
            18,
            19,
            20,
            21,
            22,
            23,
            24,
            25,
            26,
            27,
            28,
            29,
            30,
            31,
            32,
            33,
            34,
            35,
            36,
            37,
            38,
            39,
            40,
            41,
            42,
            43,
            44,
            45,
            46,
            47,
            48,
            49,
            50,
            51,
            52,
            53,
            54,
            55,
            56,
            57,
            58,
            59,
            60,
            61,
            62,
            63,
            64,
            65,
            66,
            67,
            68,
            69,
            70,
            71,
            72,
            73,
            74,
            75,
            76,
            77,
            78,
            79,
            80,
            81,
            82,
            83,
            84,
            85,
            86,
            87,
            88,
            89,
            90,
            91,
            92,
            93,
            94,
            95,
            96,
            97,
            98,
            99,
            100
        ],
        "value": [
            1.3383193333943686,
            0.5648057778676351,
            0.32299406329790753,
            0.2098581592241923,
            0.14379945198694866,
            0.10766312430302302,
            0.08742928206920624,
            0.0666826660434405,
            0.05476675989727179,
            0.04829502167801062,
            0.03724978764851888,
            0.03001153270403544,
            0.020527977558473746,
            0.016453635754684608,
            0.012962589785456658,
            0.013408353676398595,
            0.01270318596313397,
            0.015727337015171847,
            0.018432403231660524,
            0.010410040648033221,
            0.008224557060748339,
            0.005831889590869347,
            0.0055961217420796554,
            0.0049385689198970795,
            0.004593618803968033,
            0.00438192148382465,
            0.004288826851795117,
            0.003855446477731069,
            0.003896704719712337,
            0.003269226880123218,
            0.0032039497358103595,
            0.003053704152504603,
            0.002734686325614651,
            0.002709379295508067,
            0.0025458070915192364,
            0.0023868666884178918,
            0.0023373028185839453,
            0.0023155197501182555,
            0.0020239019223178426,
            0.002087738496872286,
            0.002069974721719821,
            0.001929749424258868,
            0.0017872203995163243,
            0.0018174529696504274,
            0.0016500705387443304,
            0.001613786444067955,
            0.0016240544461955627,
            0.0018045830152307947,
            0.0015390908811241388,
            0.0014339966233819722,
            0.0014009979708741109,
            0.0012484359710166852,
            0.001350272229562203,
            0.0012447026480610173,
            0.001208410901017487,
            0.0011564230623965462,
            0.001167049080443879,
            0.0010741634992882609,
            0.001057870041889449,
            0.0010312074484924475,
            0.0011664072012839218,
            0.0010301571067733069,
            0.000968130111383895,
            0.0009194949835849305,
            0.0009292270755395293,
            0.0008220877847634256,
            0.0008327312418259681,
            0.0008523969833428661,
            0.0008583617978729308,
            0.0007901140760319928,
            0.000757854012772441,
            0.0007483129622414709,
            0.0006933836149983108,
            0.0006864664959721267,
            0.0007243351118328671,
            0.0006830494753861179,
            0.0007400093095687528,
            0.0006724099124160906,
            0.00070850335371991,
            0.0005822038374996434,
            0.0005583634406017761,
            0.0005788685268877695,
            0.0006416288825372855,
            0.0005677161932302018,
            0.0005494138652769228,
            0.0005927187798079103,
            0.0005076775560155511,
            0.0004766422207467258,
            0.0005071282833038519,
            0.0005356339582552513,
            0.0005010008598522593,
            0.0005352900421712548,
            0.0004461404731652389,
            0.00044906509574502704,
            0.00044705364077041545,
            0.00045753186180566747,
            0.00041685512599845727,
            0.00041692623829779526,
            0.0004290344795056929,
            0.0003995040780864656
        ]
    },
    "train_oa": {
        "type": "index_value",
        "index": [
            10,
            20,
            30,
            40,
            50,
            60,
            70,
            80,
            90,
            100
        ],
        "value": [
            97.9706219789727,
            98.10980082378829,
            98.12672798059019,
            98.07970810058492,
            98.07594651018451,
            98.05901935338261,
            98.0740657149843,
            98.04773458218135,
            98.04961537738156,
            98.03268822057966
        ]
    },
    "train_aa": {
        "type": "index_value",
        "index": [
            10,
            20,
            30,
            40,
            50,
            60,
            70,
            80,
            90,
            100
        ],
        "value": [
            99.02299114936122,
            99.2439251493736,
            99.2949657885649,
            99.26852083500624,
            99.25603019979417,
            99.26106297664231,
            99.24652199064221,
            99.24682244500704,
            99.2306057340047,
            99.23493349649901
        ]
    },
    "train_kappa": {
        "type": "index_value",
        "index": [
            10,
            20,
            30,
            40,
            50,
            60,
            70,
            80,
            90,
            100
        ],
        "value": [
            97.73451250049567,
            97.89348828360461,
            97.91252462166993,
            97.86039421508993,
            97.85611749572632,
            97.83728892264844,
            97.85386713612608,
            97.82482124685275,
            97.82652461022428,
            97.80783351823786
        ]
    },
    "param": {
        "data": {
            "data_sign": "Salinas",
            "data_file": "Salinas_60",
            "dump": false,
            "diffusion_sign": false,
            "diffusion_data_sign_path_prefix": "/home/cn/codes/spectral_diff_temp/codes/save_feature/salinas_unet3d_patch16_without_downsample_kernal5_fix/save_feature",
            "diffusion_data_sign": "t5_2_full.pkl.npy",
            "patch_size": 13,
            "test_ratio": 0.95,
            "batch_size": 64,
            "num_classes": 16,
            "pca": 30,
            "dim_heads": 64,
            "spectral_size": 30
        },
        "net": {
            "trainer": "cross_trainer",
            "net_type": "just_pixel",
            "mlp_head_dim": 64,
            "depth": 2,
            "dim": 64,
            "heads": 20
        },
        "train": {
            "epochs": 100,
            "lr": 0.001,
            "weight_decay": 0,
            "temp": 20
        },
        "uniq_name": "salinas_cross_param_use.json_60_2"
    },