{
    "epoch_loss": {
        "type": "index_value",
        "index": [
            1,
            2,
            3,
            4,
            5,
            6,
            7,
            8,
            9,
            10,
            11,
            12,
            13,
            14,
            15,
            16,
            17,
            18,
            19,
            20,
            21,
            22,
            23,
            24,
            25,
            26,
            27,
            28,
            29,
            30,
            31,
            32,
            33,
            34,
            35,
            36,
            37,
            38,
            39,
            40,
            41,
            42,
            43,
            44,
            45,
            46,
            47,
            48,
            49,
            50,
            51,
            52,
            53,
            54,
            55,
            56,
            57,
            58,
            59,
            60,
            61,
            62,
            63,
            64,
            65,
            66,
            67,
            68,
            69,
            70,
            71,
            72,
            73,
            74,
            75,
            76,
            77,
            78,
            79,
            80,
            81,
            82,
            83,
            84,
            85,
            86,
            87,
            88,
            89,
            90,
            91,
            92,
            93,
            94,
            95,
            96,
            97,
            98,
            99,
            100
        ],
        "value": [
            1.157135397195816,
            0.4051088556647301,
            0.21708035171031953,
            0.14412980414927007,
            0.08953456617891789,
            0.07085901480168104,
            0.05451481845229864,
            0.05223059691488743,
            0.033200037106871604,
            0.03392827487550676,
            0.021561125433072446,
            0.012851212220266462,
            0.010657628672197461,
            0.008701734663918614,
            0.008548570866696536,
            0.006899082311429083,
            0.00599740247707814,
            0.0053405022947117685,
            0.00526084981393069,
            0.004507846292108297,
            0.004258134122937918,
            0.0038905201479792597,
            0.0034624857595190405,
            0.0032331822323612867,
            0.0027326672920025886,
            0.0028287625056691466,
            0.002709515020251274,
            0.0025001152593176813,
            0.0022112660633865746,
            0.002443380997283384,
            0.0019959860888775437,
            0.0019134744186885654,
            0.0017921898805070668,
            0.00175416455604136,
            0.0016585942648816854,
            0.0015370883396826685,
            0.001676092075649649,
            0.001459940493805334,
            0.0013310813694261015,
            0.0013782364374492317,
            0.0012422528525348753,
            0.0012085404130630195,
            0.0010972099931677803,
            0.00107701237720903,
            0.001085688269813545,
            0.0010541598923737184,
            0.0011255454417550936,
            0.0010519930598093196,
            0.00102190722245723,
            0.0009208671370288357,
            0.0010054438054794446,
            0.0008361178304767236,
            0.0007984040043083951,
            0.0008497006987454369,
            0.0007919248833786696,
            0.0007044050464173779,
            0.0006945222994545475,
            0.0007128832308808342,
            0.0006758214178262279,
            0.0006849646015325561,
            0.0006566452793776989,
            0.0006090330251026898,
            0.0006729844913934358,
            0.0005439636734081432,
            0.0005988909964798949,
            0.0005420278277597391,
            0.00316029508394422,
            0.03366947938338853,
            0.03657386335544288,
            0.05786581446882337,
            0.026714300899766386,
            0.02468352612340823,
            0.007034065556945279,
            0.0018570880434708669,
            0.0011713031970430165,
            0.0009961046074749903,
            0.000778044993057847,
            0.0007441616733558476,
            0.0006109404319431632,
            0.0009232745433109812,
            0.0005496789846802131,
            0.0005552089511184022,
            0.0005830717462231405,
            0.000521811077487655,
            0.0005145264425664209,
            0.0004069523914949968,
            0.00042768830026034265,
            0.00042291307763662187,
            0.000435824701708043,
            0.0003968040604377165,
            0.0003493748743494507,
            0.0003945773612940684,
            0.0003294004825875163,
            0.0003176940546836704,
            0.00030382651384570637,
            0.00032776848747744224,
            0.00032634354138281194,
            0.00029059389999019913,
            0.00031943328212946653,
            0.0002515276166377589
        ]
    },
    "train_oa": {
        "type": "index_value",
        "index": [
            10,
            20,
            30,
            40,
            50,
            60,
            70,
            80,
            90,
            100
        ],
        "value": [
            94.16072205718177,
            98.19674922893526,
            98.10403224280498,
            98.16458211129823,
            98.20431796249693,
            98.18350394520236,
            94.18721262464757,
            98.20621014588734,
            98.27622093133267,
            98.18539612859279
        ]
    },
    "train_aa": {
        "type": "index_value",
        "index": [
            10,
            20,
            30,
            40,
            50,
            60,
            70,
            80,
            90,
            100
        ],
        "value": [
            97.999327090261,
            99.16626129512498,
            99.12163012027986,
            99.12399738313285,
            99.12343957028283,
            99.11863936937448,
            97.52057541911184,
            99.02104846660225,
            99.06872707255287,
            99.03569187348373
        ]
    },
    "train_kappa": {
        "type": "index_value",
        "index": [
            10,
            20,
            30,
            40,
            50,
            60,
            70,
            80,
            90,
            100
        ],
        "value": [
            93.51675260397346,
            97.99040188662089,
            97.88716943909056,
            97.95441613748228,
            97.99865863599044,
            97.9756131624886,
            93.54380996773492,
            98.0009297585411,
            98.07863654859578,
            97.97775800988242
        ]
    },
    "param": {
        "data": {
            "data_sign": "Salinas",
            "data_file": "Salinas_80",
            "dump": false,
            "diffusion_sign": false,
            "diffusion_data_sign_path_prefix": "/home/cn/codes/spectral_diff_temp/codes/save_feature/salinas_unet3d_patch16_without_downsample_kernal5_fix/save_feature",
            "diffusion_data_sign": "t5_2_full.pkl.npy",
            "patch_size": 13,
            "test_ratio": 0.95,
            "batch_size": 64,
            "num_classes": 16,
            "pca": 30,
            "dim_heads": 64,
            "spectral_size": 30
        },
        "net": {
            "trainer": "cross_trainer",
            "net_type": "just_pixel",
            "mlp_head_dim": 64,
            "depth": 2,
            "dim": 64,
            "heads": 20
        },
        "train": {
            "epochs": 100,
            "lr": 0.001,
            "weight_decay": 0,
            "temp": 20
        },
        "uniq_name": "salinas_cross_param_use.json_80_2"
    },