{
    "epoch_loss": {
        "type": "index_value",
        "index": [
            1,
            2,
            3,
            4,
            5,
            6,
            7,
            8,
            9,
            10,
            11,
            12,
            13,
            14,
            15,
            16,
            17,
            18,
            19,
            20,
            21,
            22,
            23,
            24,
            25,
            26,
            27,
            28,
            29,
            30,
            31,
            32,
            33,
            34,
            35,
            36,
            37,
            38,
            39,
            40,
            41,
            42,
            43,
            44,
            45,
            46,
            47,
            48,
            49,
            50,
            51,
            52,
            53,
            54,
            55,
            56,
            57,
            58,
            59,
            60,
            61,
            62,
            63,
            64,
            65,
            66,
            67,
            68,
            69,
            70,
            71,
            72,
            73,
            74,
            75,
            76,
            77,
            78,
            79,
            80,
            81,
            82,
            83,
            84,
            85,
            86,
            87,
            88,
            89,
            90,
            91,
            92,
            93,
            94,
            95,
            96,
            97,
            98,
            99,
            100
        ],
        "value": [
            1.4904466772079468,
            0.6714803433418274,
            0.3801295983791351,
            0.23972357153892518,
            0.1679620373249054,
            0.13041691362857818,
            0.0926306802034378,
            0.0883294701576233,
            0.08825760692358017,
            0.07101458668708802,
            0.05085774660110474,
            0.03845158398151398,
            0.030816334187984466,
            0.023268891125917436,
            0.022682430446147917,
            0.024599121287465095,
            0.03174124330282211,
            0.026678087785840035,
            0.022390601336956025,
            0.02130670104175806,
            0.014176718033850193,
            0.013566987663507462,
            0.01067384723573923,
            0.014281058460474014,
            0.016327357590198516,
            0.010842159166932106,
            0.011156039200723172,
            0.008379509653896094,
            0.005604900307953358,
            0.005048191156238318,
            0.00430682385340333,
            0.004126534573733806,
            0.004250960163772106,
            0.0035685647837817667,
            0.003679760694503784,
            0.003459321167320013,
            0.003064676644280553,
            0.003103057947009802,
            0.0029505339730530977,
            0.002902542594820261,
            0.0025999903213232757,
            0.0026631139777600764,
            0.0021891322545707225,
            0.0025177892949432134,
            0.0024281240813434123,
            0.0020851468574255706,
            0.0022424551285803317,
            0.0024029453936964275,
            0.0019618399534374474,
            0.002087970534339547,
            0.00171106050722301,
            0.0017358759976923465,
            0.0017424731329083443,
            0.0018833591975271702,
            0.0016665274929255247,
            0.0017944068647921085,
            0.001614686967805028,
            0.0014839616790413856,
            0.0014309176849201322,
            0.0014869605656713247,
            0.0014841687493026257,
            0.0014252894977107645,
            0.0014720396557822823,
            0.0011824519280344249,
            0.0013981756288558244,
            0.0011699108546599747,
            0.001179394102655351,
            0.0012188457930460573,
            0.0011717654718086123,
            0.0010608190717175602,
            0.0010601088358089328,
            0.0009666687296703458,
            0.000855010524392128,
            0.0010985736036673189,
            0.0009990803501568734,
            0.0009250268386676908,
            0.0009597934409976005,
            0.0010838267020881177,
            0.0008996746689081192,
            0.0010096939513459802,
            0.0008059789333492518,
            0.000795506821013987,
            0.0008899304736405611,
            0.0008028716268017888,
            0.0007938800286501646,
            0.0007550914795137942,
            0.0007488715345971286,
            0.0006487431935966014,
            0.000697046082932502,
            0.0006854868726804853,
            0.0007031267462298274,
            0.0007320828293450177,
            0.0006037447066046298,
            0.0006180854863487184,
            0.0005757416831329465,
            0.0006292338133789599,
            0.0006348559074103832,
            0.0005632439046166837,
            0.0005697403149679303,
            0.0005615969048812985
        ]
    },
    "train_oa": {
        "type": "index_value",
        "index": [
            10,
            20,
            30,
            40,
            50,
            60,
            70,
            80,
            90,
            100
        ],
        "value": [
            96.00030002437698,
            97.13289204747886,
            97.22852481764144,
            97.28852969303756,
            97.28290423596917,
            97.31478182602336,
            97.33353334958466,
            97.31478182602336,
            97.34290911136529,
            97.3560351778582
        ]
    },
    "train_aa": {
        "type": "index_value",
        "index": [
            10,
            20,
            30,
            40,
            50,
            60,
            70,
            80,
            90,
            100
        ],
        "value": [
            98.23824300763067,
            98.71141495330465,
            98.75570341218398,
            98.93499899858121,
            98.9245612524922,
            98.91697316112126,
            98.92731618171487,
            98.90034137307643,
            98.93024473264018,
            98.92152035916335
        ]
    },
    "train_kappa": {
        "type": "index_value",
        "index": [
            10,
            20,
            30,
            40,
            50,
            60,
            70,
            80,
            90,
            100
        ],
        "value": [
            95.53666718551372,
            96.80271852669144,
            96.91207682414536,
            96.9799945693368,
            96.9741408293471,
            97.00837301348683,
            97.02945123827797,
            97.00861971754125,
            97.03991708175815,
            97.05417614578995
        ]
    },
    "param": {
        "data": {
            "data_sign": "Salinas",
            "data_file": "Salinas_50",
            "dump": false,
            "diffusion_sign": false,
            "diffusion_data_sign_path_prefix": "/home/cn/codes/spectral_diff_temp/codes/save_feature/salinas_unet3d_patch16_without_downsample_kernal5_fix/save_feature",
            "diffusion_data_sign": "t5_2_full.pkl.npy",
            "patch_size": 13,
            "test_ratio": 0.95,
            "batch_size": 64,
            "num_classes": 16,
            "pca": 30,
            "dim_heads": 64,
            "spectral_size": 30
        },
        "net": {
            "trainer": "cross_trainer",
            "net_type": "just_pixel",
            "mlp_head_dim": 64,
            "depth": 2,
            "dim": 64,
            "heads": 20
        },
        "train": {
            "epochs": 100,
            "lr": 0.001,
            "weight_decay": 0,
            "temp": 20
        },
        "uniq_name": "salinas_cross_param_use.json_50_1"
    },