{
    "epoch_loss": {
        "type": "index_value",
        "index": [
            1,
            2,
            3,
            4,
            5,
            6,
            7,
            8,
            9,
            10,
            11,
            12,
            13,
            14,
            15,
            16,
            17,
            18,
            19,
            20,
            21,
            22,
            23,
            24,
            25,
            26,
            27,
            28,
            29,
            30,
            31,
            32,
            33,
            34,
            35,
            36,
            37,
            38,
            39,
            40,
            41,
            42,
            43,
            44,
            45,
            46,
            47,
            48,
            49,
            50,
            51,
            52,
            53,
            54,
            55,
            56,
            57,
            58,
            59,
            60,
            61,
            62,
            63,
            64,
            65,
            66,
            67,
            68,
            69,
            70,
            71,
            72,
            73,
            74,
            75,
            76,
            77,
            78,
            79,
            80,
            81,
            82,
            83,
            84,
            85,
            86,
            87,
            88,
            89,
            90,
            91,
            92,
            93,
            94,
            95,
            96,
            97,
            98,
            99,
            100
        ],
        "value": [
            2.241362142562866,
            1.3821092605590821,
            1.1136775016784668,
            0.8952990293502807,
            0.7592918992042541,
            0.6283387184143067,
            0.5583449840545655,
            0.46840410232543944,
            0.40219646692276,
            0.3314743101596832,
            0.312615704536438,
            0.2670061647891998,
            0.24094560146331787,
            0.20748884975910187,
            0.2009507417678833,
            0.17878589928150176,
            0.15969962477684022,
            0.12672819942235947,
            0.13318120837211608,
            0.10532216727733612,
            0.1031498596072197,
            0.08326829224824905,
            0.08029674142599105,
            0.06457335129380226,
            0.061056391894817354,
            0.06469918191432952,
            0.06143712550401688,
            0.05086049884557724,
            0.06113307625055313,
            0.04660260900855064,
            0.05139363706111908,
            0.042160575091838834,
            0.04858042150735855,
            0.036782896518707274,
            0.03402024507522583,
            0.03334388732910156,
            0.03346737921237945,
            0.027840037271380423,
            0.02666591703891754,
            0.024090790748596193,
            0.025605696067214013,
            0.025284386798739435,
            0.0230248786509037,
            0.020935995504260063,
            0.01997095122933388,
            0.021068021282553674,
            0.021290683746337892,
            0.0206026878207922,
            0.018500565737485885,
            0.01775977313518524,
            0.016477469354867935,
            0.019000713154673575,
            0.015929297357797623,
            0.016447172686457633,
            0.017256202548742293,
            0.013650832138955593,
            0.013814206793904304,
            0.014612222090363503,
            0.013788704574108124,
            0.015644744038581848,
            0.012381894327700139,
            0.012677565217018127,
            0.0125631645321846,
            0.013083789125084877,
            0.013382621854543687,
            0.011899655126035214,
            0.01191832274198532,
            0.011523758620023727,
            0.011862187832593917,
            0.010242767445743085,
            0.010803010687232018,
            0.00940186120569706,
            0.009672722965478896,
            0.009716840460896492,
            0.008810147829353809,
            0.009135317243635654,
            0.009093193709850312,
            0.008756723627448082,
            0.009033884480595588,
            0.00895733255892992,
            0.008331730961799622,
            0.00771371740847826,
            0.007503176108002663,
            0.006881654355674982,
            0.007936101779341698,
            0.00783242043107748,
            0.007079590763896704,
            0.0071352322585880755,
            0.007178179360926152,
            0.0074679521843791005,
            0.007126612029969693,
            0.006924429628998041,
            0.006954527832567692,
            0.006964385882019997,
            0.006199987605214119,
            0.005799543485045433,
            0.005577963311225176,
            0.006345243006944656,
            0.0061610424891114235,
            0.006167174130678177
        ]
    },
    "train_oa": {
        "type": "index_value",
        "index": [
            10,
            20,
            30,
            40,
            50,
            60,
            70,
            80,
            90,
            100
        ],
        "value": [
            93.1053011914247,
            93.90390779892161,
            94.19666845781838,
            94.20408012006894,
            94.35231336507995,
            93.96134818136338,
            94.27449091144916,
            94.25410884026016,
            94.3449017028294,
            94.17443347106672
        ]
    },
    "train_aa": {
        "type": "index_value",
        "index": [
            10,
            20,
            30,
            40,
            50,
            60,
            70,
            80,
            90,
            100
        ],
        "value": [
            96.96134115742326,
            97.28114895324751,
            97.11109039660194,
            97.53754146904659,
            97.49884487941705,
            97.26006469938251,
            97.26564140367695,
            97.26101430791178,
            97.3451258857072,
            97.23586790296599
        ]
    },
    "train_kappa": {
        "type": "index_value",
        "index": [
            10,
            20,
            30,
            40,
            50,
            60,
            70,
            80,
            90,
            100
        ],
        "value": [
            92.35505935101206,
            93.23534143674576,
            93.56035372894004,
            93.57254034597214,
            93.73612383603164,
            93.30491582623496,
            93.64834067338685,
            93.62641921354773,
            93.72527573637363,
            93.53882860836063
        ]
    },
    "param": {
        "data": {
            "data_sign": "Salinas",
            "data_file": "Salinas_10",
            "dump": false,
            "diffusion_sign": false,
            "diffusion_data_sign_path_prefix": "/home/cn/codes/spectral_diff_temp/codes/save_feature/salinas_unet3d_patch16_without_downsample_kernal5_fix/save_feature",
            "diffusion_data_sign": "t5_2_full.pkl.npy",
            "patch_size": 13,
            "test_ratio": 0.95,
            "batch_size": 64,
            "num_classes": 16,
            "pca": 30,
            "dim_heads": 64,
            "spectral_size": 30
        },
        "net": {
            "trainer": "cross_trainer",
            "net_type": "just_pixel",
            "mlp_head_dim": 64,
            "depth": 2,
            "dim": 64,
            "heads": 20
        },
        "train": {
            "epochs": 100,
            "lr": 0.001,
            "weight_decay": 0,
            "temp": 20
        },
        "uniq_name": "salinas_cross_param_use.json_10_2"
    },