{
    "epoch_loss": {
        "type": "index_value",
        "index": [
            1,
            2,
            3,
            4,
            5,
            6,
            7,
            8,
            9,
            10,
            11,
            12,
            13,
            14,
            15,
            16,
            17,
            18,
            19,
            20,
            21,
            22,
            23,
            24,
            25,
            26,
            27,
            28,
            29,
            30,
            31,
            32,
            33,
            34,
            35,
            36,
            37,
            38,
            39,
            40,
            41,
            42,
            43,
            44,
            45,
            46,
            47,
            48,
            49,
            50,
            51,
            52,
            53,
            54,
            55,
            56,
            57,
            58,
            59,
            60,
            61,
            62,
            63,
            64,
            65,
            66,
            67,
            68,
            69,
            70,
            71,
            72,
            73,
            74,
            75,
            76,
            77,
            78,
            79,
            80,
            81,
            82,
            83,
            84,
            85,
            86,
            87,
            88,
            89,
            90,
            91,
            92,
            93,
            94,
            95,
            96,
            97,
            98,
            99,
            100
        ],
        "value": [
            1.598217535018921,
            0.8118145167827606,
            0.5028968811035156,
            0.33551866710186007,
            0.23846267759799958,
            0.18439233005046846,
            0.13986257538199426,
            0.12142158299684525,
            0.12198397815227509,
            0.10310210213065148,
            0.0713310781866312,
            0.07047168761491776,
            0.0609776146709919,
            0.043778425082564354,
            0.03351792227476835,
            0.024812218733131886,
            0.022438427060842515,
            0.01934304190799594,
            0.016958119906485082,
            0.016649681609123945,
            0.014543292764574289,
            0.012891139835119247,
            0.012367633543908596,
            0.01080521559342742,
            0.009818266611546278,
            0.008881484996527434,
            0.008909638738259673,
            0.007589064165949821,
            0.007950499188154936,
            0.006934812385588884,
            0.0067398057784885165,
            0.006403799867257476,
            0.0057029565796256065,
            0.00595537549816072,
            0.005393431521952152,
            0.005207597557455301,
            0.004520937008783222,
            0.004727048636414111,
            0.004786206549033523,
            0.004224441107362508,
            0.0039942629868164655,
            0.003924191440455615,
            0.003451081062667072,
            0.003773604612797499,
            0.003333786362782121,
            0.003334657265804708,
            0.0034029172267764805,
            0.0035347059601917863,
            0.0031669847667217255,
            0.0029674995224922896,
            0.0026949487626552584,
            0.0029729937901720404,
            0.0025778129580430686,
            0.002550063980743289,
            0.0024669330567121507,
            0.002231067477259785,
            0.0024354262975975873,
            0.002121333428658545,
            0.002178835577797145,
            0.002181070251390338,
            0.002263388584833592,
            0.002158101531676948,
            0.001938779861666262,
            0.001887544197961688,
            0.0016397833591327072,
            0.0017326146829873324,
            0.0018926083808764814,
            0.0018385528470389544,
            0.0016726173111237586,
            0.001696330343838781,
            0.0015658214222639799,
            0.0016688157687895,
            0.0015847446862608193,
            0.001477709086611867,
            0.0013183539849705994,
            0.0014475530944764615,
            0.0014201272395439446,
            0.0012077144405338914,
            0.0012203565565869212,
            0.0013118863280396909,
            0.0012534887646324933,
            0.001211571681778878,
            0.0011695356864947827,
            0.0011020948411896824,
            0.0010976772056892515,
            0.0010955943842418491,
            0.0011899255507159979,
            0.0012666327296756209,
            0.001197939069243148,
            0.0010614530357997865,
            0.001131241611437872,
            0.0010384924593381585,
            0.0010011034377384932,
            0.0009596204326953739,
            0.0009238457423634827,
            0.0009580188721884042,
            0.000886416930006817,
            0.0008930082316510379,
            0.000848499801941216,
            0.0008935569319874048
        ]
    },
    "train_oa": {
        "type": "index_value",
        "index": [
            10,
            20,
            30,
            40,
            50,
            60,
            70,
            80,
            90,
            100
        ],
        "value": [
            96.98442670455609,
            97.74346127241115,
            97.82946026285778,
            97.80515620034026,
            97.67615771467031,
            97.88367701770457,
            97.92480696965731,
            97.77337396474041,
            97.87619884462227,
            97.82385163304605
        ]
    },
    "train_aa": {
        "type": "index_value",
        "index": [
            10,
            20,
            30,
            40,
            50,
            60,
            70,
            80,
            90,
            100
        ],
        "value": [
            98.76943802713127,
            99.23235972767942,
            99.26771129232239,
            99.25311663679695,
            99.23260212857352,
            99.27986458999185,
            99.26258236290391,
            99.24217409409553,
            99.27998651887597,
            99.25643108523913
        ]
    },
    "train_kappa": {
        "type": "index_value",
        "index": [
            10,
            20,
            30,
            40,
            50,
            60,
            70,
            80,
            90,
            100
        ],
        "value": [
            96.64566369368973,
            97.48827573268215,
            97.5834316743815,
            97.55629413878808,
            97.41323805023208,
            97.64345838109072,
            97.68922154917031,
            97.52097817297974,
            97.63527108471811,
            97.57698384476022
        ]
    },
    "param": {
        "data": {
            "data_sign": "Salinas",
            "data_file": "Salinas_40",
            "dump": false,
            "diffusion_sign": false,
            "diffusion_data_sign_path_prefix": "/home/cn/codes/spectral_diff_temp/codes/save_feature/salinas_unet3d_patch16_without_downsample_kernal5_fix/save_feature",
            "diffusion_data_sign": "t5_2_full.pkl.npy",
            "patch_size": 13,
            "test_ratio": 0.95,
            "batch_size": 64,
            "num_classes": 16,
            "pca": 30,
            "dim_heads": 64,
            "spectral_size": 30
        },
        "net": {
            "trainer": "cross_trainer",
            "net_type": "just_pixel",
            "mlp_head_dim": 64,
            "depth": 2,
            "dim": 64,
            "heads": 20
        },
        "train": {
            "epochs": 100,
            "lr": 0.001,
            "weight_decay": 0,
            "temp": 20
        },
        "uniq_name": "salinas_cross_param_use.json_40_4"
    },