{
    "epoch_loss": {
        "type": "index_value",
        "index": [
            1,
            2,
            3,
            4,
            5,
            6,
            7,
            8,
            9,
            10,
            11,
            12,
            13,
            14,
            15,
            16,
            17,
            18,
            19,
            20,
            21,
            22,
            23,
            24,
            25,
            26,
            27,
            28,
            29,
            30,
            31,
            32,
            33,
            34,
            35,
            36,
            37,
            38,
            39,
            40,
            41,
            42,
            43,
            44,
            45,
            46,
            47,
            48,
            49,
            50,
            51,
            52,
            53,
            54,
            55,
            56,
            57,
            58,
            59,
            60,
            61,
            62,
            63,
            64,
            65,
            66,
            67,
            68,
            69,
            70,
            71,
            72,
            73,
            74,
            75,
            76,
            77,
            78,
            79,
            80,
            81,
            82,
            83,
            84,
            85,
            86,
            87,
            88,
            89,
            90,
            91,
            92,
            93,
            94,
            95,
            96,
            97,
            98,
            99,
            100
        ],
        "value": [
            1.3383212855884008,
            0.518497451714107,
            0.2739818845476423,
            0.17528518395764486,
            0.1350714379123279,
            0.10415326952934265,
            0.09831983745098113,
            0.07710218578577041,
            0.08098457125680787,
            0.04344848671129772,
            0.025678677963359015,
            0.021178100311330387,
            0.014347399105983122,
            0.011119328598890985,
            0.010945094243756363,
            0.0226987540189709,
            0.011199246267122882,
            0.00895915576922042,
            0.007280098992799009,
            0.006264227282788072,
            0.005304733317877565,
            0.00455493972237621,
            0.004615359926330192,
            0.004497773958636182,
            0.004047522880136966,
            0.003626304226262229,
            0.003308979927429131,
            0.003151120990514755,
            0.0028552715733115163,
            0.0029372543562203647,
            0.0027838853054812976,
            0.002401162644049951,
            0.002331831459222095,
            0.0021644120370703083,
            0.0023225152998098304,
            0.002101392954188798,
            0.0019248508049973419,
            0.0018614551185497216,
            0.0018158531880804471,
            0.0015702787121491773,
            0.0017912428959139756,
            0.0015103834282074655,
            0.0014275350308577928,
            0.001483357052451798,
            0.001420575227322323,
            0.0013058981924716916,
            0.0013660754110398038,
            0.0011582688494984593,
            0.001239174381563706,
            0.0011344664730131627,
            0.0011313193211598056,
            0.0010313543291496378,
            0.0009531159552612475,
            0.0010246336227282883,
            0.0009002190316095948,
            0.000928868742526642,
            0.0010342640037249242,
            0.0010418174089863897,
            0.0009052420633711985,
            0.0008306367672048509,
            0.0008273351072732891,
            0.0007494901390081005,
            0.0007835912983864546,
            0.0007477921450377575,
            0.0006954822656033295,
            0.0006855337464782809,
            0.0006807039924232023,
            0.0006904581278961684,
            0.0006337350633527552,
            0.0006632058548607997,
            0.0005842025674480413,
            0.0006100210926628538,
            0.0005536784750542471,
            0.0005234911472403578,
            0.0005509207840077579,
            0.0006072662113833108,
            0.000495009302228157,
            0.00051945999896686,
            0.0004797142614344401,
            0.00046558019405763064,
            0.00046712746012157627,
            0.00041236658497447414,
            0.000399423495400697,
            0.00044037489320284556,
            0.0004024205596319267,
            0.0004049503111413547,
            0.0004402159047978265,
            0.00037859154565792,
            0.0004004490578414074,
            0.00038298251456581056,
            0.00044393017804915353,
            0.0003606291853689722,
            0.0003397598446879004,
            0.00035525292956403324,
            0.00035730854807687656,
            0.00036042531968892685,
            0.0003619438261791531,
            0.0003282450172784073,
            0.0003230761828100575,
            0.00029423521898154704
        ]
    },
    "train_oa": {
        "type": "index_value",
        "index": [
            10,
            20,
            30,
            40,
            50,
            60,
            70,
            80,
            90,
            100
        ],
        "value": [
            97.65700164123074,
            99.32275651304495,
            99.30766473617687,
            99.2755947103322,
            99.15674696749609,
            99.18881699334075,
            99.11147163689185,
            99.1586334396046,
            99.1944764096663,
            99.20579524231734
        ]
    },
    "train_aa": {
        "type": "index_value",
        "index": [
            10,
            20,
            30,
            40,
            50,
            60,
            70,
            80,
            90,
            100
        ],
        "value": [
            99.11825355485271,
            99.7071534646767,
            99.71677938111904,
            99.69927229595228,
            99.70909087996374,
            99.65687153728533,
            99.61912257321886,
            99.64366954690382,
            99.67308334788905,
            99.66788283110246
        ]
    },
    "train_kappa": {
        "type": "index_value",
        "index": [
            10,
            20,
            30,
            40,
            50,
            60,
            70,
            80,
            90,
            100
        ],
        "value": [
            97.39096890845033,
            99.24445063769478,
            99.22762071720611,
            99.19182623383573,
            99.05973844616375,
            99.09493307259125,
            99.00857078755935,
            99.06128457701836,
            99.1013437107348,
            99.11397155627581
        ]
    },
    "param": {
        "data": {
            "data_sign": "Salinas",
            "data_file": "Salinas_70",
            "dump": false,
            "diffusion_sign": false,
            "diffusion_data_sign_path_prefix": "/home/cn/codes/spectral_diff_temp/codes/save_feature/salinas_unet3d_patch16_without_downsample_kernal5_fix/save_feature",
            "diffusion_data_sign": "t5_2_full.pkl.npy",
            "patch_size": 13,
            "test_ratio": 0.95,
            "batch_size": 64,
            "num_classes": 16,
            "pca": 30,
            "dim_heads": 64,
            "spectral_size": 30
        },
        "net": {
            "trainer": "cross_trainer",
            "net_type": "just_pixel",
            "mlp_head_dim": 64,
            "depth": 2,
            "dim": 64,
            "heads": 20
        },
        "train": {
            "epochs": 100,
            "lr": 0.001,
            "weight_decay": 0,
            "temp": 20
        },
        "uniq_name": "salinas_cross_param_use.json_70_4"
    },