{
    "epoch_loss": {
        "type": "index_value",
        "index": [
            1,
            2,
            3,
            4,
            5,
            6,
            7,
            8,
            9,
            10,
            11,
            12,
            13,
            14,
            15,
            16,
            17,
            18,
            19,
            20,
            21,
            22,
            23,
            24,
            25,
            26,
            27,
            28,
            29,
            30,
            31,
            32,
            33,
            34,
            35,
            36,
            37,
            38,
            39,
            40,
            41,
            42,
            43,
            44,
            45,
            46,
            47,
            48,
            49,
            50,
            51,
            52,
            53,
            54,
            55,
            56,
            57,
            58,
            59,
            60,
            61,
            62,
            63,
            64,
            65,
            66,
            67,
            68,
            69,
            70,
            71,
            72,
            73,
            74,
            75,
            76,
            77,
            78,
            79,
            80,
            81,
            82,
            83,
            84,
            85,
            86,
            87,
            88,
            89,
            90,
            91,
            92,
            93,
            94,
            95,
            96,
            97,
            98,
            99,
            100
        ],
        "value": [
            1.1868850737810135,
            0.4074929431080818,
            0.19427939429879187,
            0.11947332210838794,
            0.09064541105180979,
            0.07572596073150635,
            0.04008755758404732,
            0.0400136056356132,
            0.028079973813146353,
            0.023411831865087152,
            0.01598630300723016,
            0.014539043372496962,
            0.015437262365594506,
            0.010555008519440889,
            0.012865861807949842,
            0.030927856964990497,
            0.015633806865662337,
            0.00800368026830256,
            0.00502794977510348,
            0.004503192706033587,
            0.0036415300448425112,
            0.0036846563569270076,
            0.0033919689361937345,
            0.0030038334778510036,
            0.002763795165810734,
            0.0029291987826582043,
            0.0024314505397342147,
            0.00265887642162852,
            0.0020091248792596162,
            0.0019340445811394601,
            0.0018382027861662208,
            0.0018255581031553446,
            0.0016336751694325357,
            0.0016611880739219487,
            0.0016137991333380342,
            0.001496030669659376,
            0.0013552258256822824,
            0.0013059563178103417,
            0.0012569448386784642,
            0.0012403957749484106,
            0.0012665402551647275,
            0.0010917480482021346,
            0.001060616853646934,
            0.0010568147263256833,
            0.0010341877001337706,
            0.001013500420958735,
            0.0009846458764513955,
            0.0009105614124564454,
            0.0008909660944482311,
            0.0008229168772231788,
            0.0008137115102726967,
            0.0008040732529480011,
            0.000772500506718643,
            0.0007738031417829916,
            0.000723990160622634,
            0.0007262734143296257,
            0.000648866938718129,
            0.0006390264708898031,
            0.0006433309492422268,
            0.0006032223522197455,
            0.0005880525917746126,
            0.0005950488193775527,
            0.0006221882154932246,
            0.0005652796287904493,
            0.0005275817064102739,
            0.0005401045040343888,
            0.0005520270628039725,
            0.00048199708835454657,
            0.00047769866941962393,
            0.0004546814161585644,
            0.0004652388233807869,
            0.00039456923987017943,
            0.0004317394035751931,
            0.00041402884235139934,
            0.0003916557805496268,
            0.0004318719176808372,
            0.0004103926461539231,
            0.0004290941127692349,
            0.0003797813333221711,
            0.00035902682284358887,
            0.00036293738812673835,
            0.00033435572258895264,
            0.0003416959327296354,
            0.00034300982661079616,
            0.00031832817767281086,
            0.0003632302425103262,
            0.00031257731607183816,
            0.0002920665661804378,
            0.00030711828731000423,
            0.00029404066081042404,
            0.0002922607847722247,
            0.0003040348121430725,
            0.0003010913264006376,
            0.0002807667959132232,
            0.0002503262228856329,
            0.0002552566467784345,
            0.0002588023620774038,
            0.0002778475907689426,
            0.00024117907087202185,
            0.0002670633723028004
        ]
    },
    "train_oa": {
        "type": "index_value",
        "index": [
            10,
            20,
            30,
            40,
            50,
            60,
            70,
            80,
            90,
            100
        ],
        "value": [
            98.24594599708604,
            98.35001608355883,
            98.67357944331965,
            98.5468031561619,
            98.5732937236277,
            98.66033415958675,
            98.66222634297716,
            98.73412931181291,
            98.64708887585385,
            98.66601070975798
        ]
    },
    "train_aa": {
        "type": "index_value",
        "index": [
            10,
            20,
            30,
            40,
            50,
            60,
            70,
            80,
            90,
            100
        ],
        "value": [
            98.76585942842408,
            99.13520767174433,
            99.20798326480138,
            99.18046775665385,
            99.19202285908642,
            99.22451532475245,
            99.2234219153597,
            99.21773476564952,
            99.1786715116713,
            99.18063981576195
        ]
    },
    "train_kappa": {
        "type": "index_value",
        "index": [
            10,
            20,
            30,
            40,
            50,
            60,
            70,
            80,
            90,
            100
        ],
        "value": [
            98.04310117274031,
            98.16097560113454,
            98.52102944237248,
            98.37996896475929,
            98.40945037261378,
            98.50629970492626,
            98.50835955157949,
            98.58835661633712,
            98.49148761485512,
            98.51254005190717
        ]
    },
    "param": {
        "data": {
            "data_sign": "Salinas",
            "data_file": "Salinas_80",
            "dump": false,
            "diffusion_sign": false,
            "diffusion_data_sign_path_prefix": "/home/cn/codes/spectral_diff_temp/codes/save_feature/salinas_unet3d_patch16_without_downsample_kernal5_fix/save_feature",
            "diffusion_data_sign": "t5_2_full.pkl.npy",
            "patch_size": 13,
            "test_ratio": 0.95,
            "batch_size": 64,
            "num_classes": 16,
            "pca": 30,
            "dim_heads": 64,
            "spectral_size": 30
        },
        "net": {
            "trainer": "cross_trainer",
            "net_type": "just_pixel",
            "mlp_head_dim": 64,
            "depth": 2,
            "dim": 64,
            "heads": 20
        },
        "train": {
            "epochs": 100,
            "lr": 0.001,
            "weight_decay": 0,
            "temp": 20
        },
        "uniq_name": "salinas_cross_param_use.json_80_4"
    },