{
    "epoch_loss": {
        "type": "index_value",
        "index": [
            1,
            2,
            3,
            4,
            5,
            6,
            7,
            8,
            9,
            10,
            11,
            12,
            13,
            14,
            15,
            16,
            17,
            18,
            19,
            20,
            21,
            22,
            23,
            24,
            25,
            26,
            27,
            28,
            29,
            30,
            31,
            32,
            33,
            34,
            35,
            36,
            37,
            38,
            39,
            40,
            41,
            42,
            43,
            44,
            45,
            46,
            47,
            48,
            49,
            50,
            51,
            52,
            53,
            54,
            55,
            56,
            57,
            58,
            59,
            60,
            61,
            62,
            63,
            64,
            65,
            66,
            67,
            68,
            69,
            70,
            71,
            72,
            73,
            74,
            75,
            76,
            77,
            78,
            79,
            80,
            81,
            82,
            83,
            84,
            85,
            86,
            87,
            88,
            89,
            90,
            91,
            92,
            93,
            94,
            95,
            96,
            97,
            98,
            99,
            100
        ],
        "value": [
            1.9871582984924316,
            1.194883680343628,
            0.9070541381835937,
            0.6994626641273498,
            0.550929456949234,
            0.4287213146686554,
            0.3488595485687256,
            0.29014553427696227,
            0.2597661167383194,
            0.20252484381198882,
            0.16930041015148162,
            0.1521547719836235,
            0.12711081504821778,
            0.10530546605587006,
            0.09573929309844971,
            0.07672563344240188,
            0.06331230625510216,
            0.05780217796564102,
            0.052042949199676516,
            0.0473970852792263,
            0.04127031117677689,
            0.037485196441411975,
            0.035233580693602565,
            0.048803653195500375,
            0.07792569920420647,
            0.06275392770767212,
            0.04815665557980538,
            0.04163615927100182,
            0.029593098908662796,
            0.024027807638049126,
            0.02313958704471588,
            0.021793564409017564,
            0.019752038270235063,
            0.018590905331075193,
            0.016476868093013762,
            0.016263586282730103,
            0.015249322727322578,
            0.013387047685682774,
            0.012346558086574078,
            0.012576277926564216,
            0.0114793810993433,
            0.012561915814876557,
            0.012819664366543294,
            0.010653756745159625,
            0.01001084465533495,
            0.008945779874920845,
            0.010698354430496692,
            0.008856212347745895,
            0.007893001846969127,
            0.007981882896274328,
            0.007845028955489396,
            0.00721987085416913,
            0.008104526903480291,
            0.007378788199275732,
            0.006780106294900179,
            0.006281829439103603,
            0.006351710204035044,
            0.005847436655312776,
            0.006759972963482142,
            0.0061606157571077345,
            0.005215760692954064,
            0.005839020106941461,
            0.005314546078443528,
            0.005262407381087542,
            0.005001024343073368,
            0.004997486434876919,
            0.00497266985476017,
            0.004970475472509861,
            0.005143063608556986,
            0.004697148688137531,
            0.004495994001626968,
            0.004710706695914268,
            0.00422023581340909,
            0.004109427612274885,
            0.004264192329719663,
            0.004505488323047757,
            0.003914760984480381,
            0.003921634424477816,
            0.004097252013161778,
            0.0038709799759089948,
            0.003755910089239478,
            0.0037230120040476324,
            0.0034354804549366234,
            0.004005878791213035,
            0.003912844741716981,
            0.003213288262486458,
            0.0034194081556051968,
            0.0032326503191143275,
            0.0033128991723060607,
            0.003021961683407426,
            0.003329541487619281,
            0.003392721200361848,
            0.003058733697980642,
            0.0027854283340275287,
            0.0027904815040528776,
            0.002733660349622369,
            0.0026049848645925524,
            0.003030330315232277,
            0.0025160573422908783,
            0.0025080975610762835
        ]
    },
    "train_oa": {
        "type": "index_value",
        "index": [
            10,
            20,
            30,
            40,
            50,
            60,
            70,
            80,
            90,
            100
        ],
        "value": [
            94.61056700551951,
            95.79066698879369,
            96.44111579847238,
            96.57678083591964,
            96.42067312159675,
            96.39465516920961,
            96.28314965897899,
            96.11217454329201,
            96.43182367261983,
            96.24226430522775
        ]
    },
    "train_aa": {
        "type": "index_value",
        "index": [
            10,
            20,
            30,
            40,
            50,
            60,
            70,
            80,
            90,
            100
        ],
        "value": [
            97.72035667542906,
            98.2114721437976,
            98.20784226078783,
            98.34904106390896,
            98.37540790639756,
            98.30705273352416,
            98.26404732511418,
            98.20673010509898,
            98.28293203578771,
            98.22865633258961
        ]
    },
    "train_kappa": {
        "type": "index_value",
        "index": [
            10,
            20,
            30,
            40,
            50,
            60,
            70,
            80,
            90,
            100
        ],
        "value": [
            94.00150706743167,
            95.32102168703187,
            96.03460570207653,
            96.19059969878104,
            96.0205034917704,
            95.991892258352,
            95.86886650166517,
            95.67980041097658,
            96.03319506963234,
            95.82360702478049
        ]
    },
    "param": {
        "data": {
            "data_sign": "Salinas",
            "data_file": "Salinas_20",
            "dump": false,
            "diffusion_sign": false,
            "diffusion_data_sign_path_prefix": "/home/cn/codes/spectral_diff_temp/codes/save_feature/salinas_unet3d_patch16_without_downsample_kernal5_fix/save_feature",
            "diffusion_data_sign": "t5_2_full.pkl.npy",
            "patch_size": 13,
            "test_ratio": 0.95,
            "batch_size": 64,
            "num_classes": 16,
            "pca": 30,
            "dim_heads": 64,
            "spectral_size": 30
        },
        "net": {
            "trainer": "cross_trainer",
            "net_type": "just_pixel",
            "mlp_head_dim": 64,
            "depth": 2,
            "dim": 64,
            "heads": 20
        },
        "train": {
            "epochs": 100,
            "lr": 0.001,
            "weight_decay": 0,
            "temp": 20
        },
        "uniq_name": "salinas_cross_param_use.json_20_2"
    },