{
    "epoch_loss": {
        "type": "index_value",
        "index": [
            1,
            2,
            3,
            4,
            5,
            6,
            7,
            8,
            9,
            10,
            11,
            12,
            13,
            14,
            15,
            16,
            17,
            18,
            19,
            20,
            21,
            22,
            23,
            24,
            25,
            26,
            27,
            28,
            29,
            30,
            31,
            32,
            33,
            34,
            35,
            36,
            37,
            38,
            39,
            40,
            41,
            42,
            43,
            44,
            45,
            46,
            47,
            48,
            49,
            50,
            51,
            52,
            53,
            54,
            55,
            56,
            57,
            58,
            59,
            60,
            61,
            62,
            63,
            64,
            65,
            66,
            67,
            68,
            69,
            70,
            71,
            72,
            73,
            74,
            75,
            76,
            77,
            78,
            79,
            80,
            81,
            82,
            83,
            84,
            85,
            86,
            87,
            88,
            89,
            90,
            91,
            92,
            93,
            94,
            95,
            96,
            97,
            98,
            99,
            100
        ],
        "value": [
            1.4452949166297913,
            0.6526487112045288,
            0.36946319699287417,
            0.22826092064380646,
            0.1804666817188263,
            0.11802400529384613,
            0.09785538703203202,
            0.08341276675462722,
            0.08422211945056915,
            0.06543098002672196,
            0.055136344581842425,
            0.04178711414337158,
            0.041854950189590456,
            0.03190361194312572,
            0.030511195957660674,
            0.0215724740922451,
            0.03431042745709419,
            0.03069603882730007,
            0.026456117145717144,
            0.01486174888908863,
            0.010460747480392456,
            0.009435746483504773,
            0.007678237967193127,
            0.0065355384349823,
            0.006477136444300413,
            0.005502293966710568,
            0.005424809288233519,
            0.005189569108188153,
            0.004546307623386383,
            0.004596450962126255,
            0.004159631282091141,
            0.003979584649205208,
            0.0036648025549948214,
            0.0036501125898212193,
            0.0034002576302737,
            0.003210277780890465,
            0.003597089387476444,
            0.003166483622044325,
            0.0031136116851121186,
            0.0028315112739801408,
            0.0025103017035871746,
            0.0026522400602698327,
            0.0027243099734187127,
            0.0024504994694143534,
            0.0023788174986839293,
            0.002114286795258522,
            0.0019657405000180006,
            0.0021706770081073045,
            0.001854735082015395,
            0.0018891424965113402,
            0.0017324193939566611,
            0.0018516166275367142,
            0.0017266544280573725,
            0.0015045274421572686,
            0.0016319073736667633,
            0.0015118951350450516,
            0.0017074147192761302,
            0.0015457899402827025,
            0.0013599806185811759,
            0.0013220983976498246,
            0.0013239403394982219,
            0.0014687105268239974,
            0.001665243972092867,
            0.00149821107275784,
            0.045103303268551824,
            0.04529375083744526,
            0.048219758719205856,
            0.03700136568397284,
            0.02882849995046854,
            0.0273270458728075,
            0.02469972677528858,
            0.02222680825740099,
            0.01000798624008894,
            0.003210018826648593,
            0.002165017961524427,
            0.0021439153421670197,
            0.0015117255132645368,
            0.001316752964630723,
            0.001344074634835124,
            0.0010230344021692872,
            0.0011009726440533996,
            0.0010721524571999908,
            0.0008995061693713069,
            0.0009754791855812073,
            0.0008989846194162965,
            0.0008684989064931869,
            0.0009836126817390322,
            0.000738067568745464,
            0.0007698837667703629,
            0.0008508694334886968,
            0.0007716534985229373,
            0.0007446277467533946,
            0.0006859293021261692,
            0.0006434086244553328,
            0.0006820326659362763,
            0.0006985533866100014,
            0.000625970212277025,
            0.00048818797804415224,
            0.0005063268926460296,
            0.0005722299637272954
        ]
    },
    "train_oa": {
        "type": "index_value",
        "index": [
            10,
            20,
            30,
            40,
            50,
            60,
            70,
            80,
            90,
            100
        ],
        "value": [
            95.77340658928539,
            98.20172889047235,
            98.25235800408784,
            98.31611318419621,
            98.29923681299105,
            98.29736166063493,
            96.59659847362599,
            97.28290423596917,
            97.2322751223537,
            97.23602542706595
        ]
    },
    "train_aa": {
        "type": "index_value",
        "index": [
            10,
            20,
            30,
            40,
            50,
            60,
            70,
            80,
            90,
            100
        ],
        "value": [
            97.93175358556803,
            99.07950253379236,
            99.19204384359912,
            99.2375465936997,
            99.21677671327281,
            99.17500248089056,
            98.05899605255183,
            98.72399168312302,
            98.66800284547975,
            98.69694785312164
        ]
    },
    "train_kappa": {
        "type": "index_value",
        "index": [
            10,
            20,
            30,
            40,
            50,
            60,
            70,
            80,
            90,
            100
        ],
        "value": [
            95.28217428139173,
            97.99690079209867,
            98.05304084931454,
            98.12393763106886,
            98.10496150985341,
            98.10266830106602,
            96.21008995890554,
            96.97223872004479,
            96.91582786171418,
            96.91992487344952
        ]
    },
    "param": {
        "data": {
            "data_sign": "Salinas",
            "data_file": "Salinas_50",
            "dump": false,
            "diffusion_sign": false,
            "diffusion_data_sign_path_prefix": "/home/cn/codes/spectral_diff_temp/codes/save_feature/salinas_unet3d_patch16_without_downsample_kernal5_fix/save_feature",
            "diffusion_data_sign": "t5_2_full.pkl.npy",
            "patch_size": 13,
            "test_ratio": 0.95,
            "batch_size": 64,
            "num_classes": 16,
            "pca": 30,
            "dim_heads": 64,
            "spectral_size": 30
        },
        "net": {
            "trainer": "cross_trainer",
            "net_type": "just_pixel",
            "mlp_head_dim": 64,
            "depth": 2,
            "dim": 64,
            "heads": 20
        },
        "train": {
            "epochs": 100,
            "lr": 0.001,
            "weight_decay": 0,
            "temp": 20
        },
        "uniq_name": "salinas_cross_param_use.json_50_2"
    },