{
    "epoch_loss": {
        "type": "index_value",
        "index": [
            1,
            2,
            3,
            4,
            5,
            6,
            7,
            8,
            9,
            10,
            11,
            12,
            13,
            14,
            15,
            16,
            17,
            18,
            19,
            20,
            21,
            22,
            23,
            24,
            25,
            26,
            27,
            28,
            29,
            30,
            31,
            32,
            33,
            34,
            35,
            36,
            37,
            38,
            39,
            40,
            41,
            42,
            43,
            44,
            45,
            46,
            47,
            48,
            49,
            50,
            51,
            52,
            53,
            54,
            55,
            56,
            57,
            58,
            59,
            60,
            61,
            62,
            63,
            64,
            65,
            66,
            67,
            68,
            69,
            70,
            71,
            72,
            73,
            74,
            75,
            76,
            77,
            78,
            79,
            80,
            81,
            82,
            83,
            84,
            85,
            86,
            87,
            88,
            89,
            90,
            91,
            92,
            93,
            94,
            95,
            96,
            97,
            98,
            99,
            100
        ],
        "value": [
            1.6914975881576537,
            0.9597186724344889,
            0.6424450556437175,
            0.4403354644775391,
            0.3229699432849884,
            0.2433359940846761,
            0.19555190801620484,
            0.1624788482983907,
            0.12297281324863434,
            0.0935483604669571,
            0.07582279046376546,
            0.0629564106464386,
            0.071682075659434,
            0.0593763679265976,
            0.05042748550573985,
            0.046292626112699506,
            0.0348259041706721,
            0.047534896557529766,
            0.06106297373771667,
            0.03696884612242381,
            0.03717091530561447,
            0.02343235115210215,
            0.018573990215857823,
            0.01666163889070352,
            0.015485117584466935,
            0.013165093275407951,
            0.013879852555692195,
            0.011907788924872875,
            0.010630737555523713,
            0.01095724937816461,
            0.01052170731127262,
            0.010052177061637243,
            0.009293017288049063,
            0.007941839968164761,
            0.009311031922698021,
            0.0078032921378811205,
            0.009425529589255651,
            0.007111677341163159,
            0.007126189519961675,
            0.006738561484962702,
            0.006173217731217543,
            0.006239538018902143,
            0.006146536581218243,
            0.005227979365736246,
            0.0050060755262772245,
            0.004712505359202623,
            0.005307638831436634,
            0.004781184283395608,
            0.00410541541253527,
            0.004586642980575562,
            0.004186462921400865,
            0.0037752787272135415,
            0.0037629499410589537,
            0.004115666418025891,
            0.003547255136072636,
            0.0034860096871852874,
            0.003134901790569226,
            0.00329337560882171,
            0.003327571352322896,
            0.0033964487724006177,
            0.002766580134630203,
            0.0030097790993750097,
            0.002817977173253894,
            0.002842341735959053,
            0.0025370126434912286,
            0.002472697788228591,
            0.0032171148185928663,
            0.0028309824721266825,
            0.002324343690027793,
            0.0021716463845223187,
            0.002527497010305524,
            0.002385383021707336,
            0.002082803829883536,
            0.002290353551506996,
            0.0024131628839919963,
            0.0021046427078545093,
            0.002180441174035271,
            0.0021320127261181673,
            0.001960754379009207,
            0.0017930022906512022,
            0.002061673222730557,
            0.0017968506862719854,
            0.0021773407235741614,
            0.0016721336791912715,
            0.001774055634935697,
            0.001993985924248894,
            0.00167225804956009,
            0.0017903435043990612,
            0.0016473226559658846,
            0.0016012827555338541,
            0.0017764689711232981,
            0.0013681380000586311,
            0.0014358830871060491,
            0.0015385953709483146,
            0.00132951148164769,
            0.001405032134304444,
            0.0012938436586409808,
            0.0013455986510962248,
            0.0012408164252216618,
            0.0012510016250113646
        ]
    },
    "train_oa": {
        "type": "index_value",
        "index": [
            10,
            20,
            30,
            40,
            50,
            60,
            70,
            80,
            90,
            100
        ],
        "value": [
            93.65878208354303,
            94.98592704430651,
            95.92163880035042,
            95.73337806855673,
            95.86012786818021,
            95.98687766780368,
            95.96823799138848,
            95.43514324591325,
            95.91791086506738,
            96.08194001752129
        ]
    },
    "train_aa": {
        "type": "index_value",
        "index": [
            10,
            20,
            30,
            40,
            50,
            60,
            70,
            80,
            90,
            100
        ],
        "value": [
            97.31178168472351,
            97.76655176896803,
            98.4086878579016,
            98.49205276690412,
            98.46349930001139,
            98.41071922222864,
            98.47740516564912,
            98.29764266153694,
            98.45432359598469,
            98.5309275466992
        ]
    },
    "train_kappa": {
        "type": "index_value",
        "index": [
            10,
            20,
            30,
            40,
            50,
            60,
            70,
            80,
            90,
            100
        ],
        "value": [
            92.96903722154998,
            94.41654397453789,
            95.468103624623,
            95.2600405811577,
            95.40032575793728,
            95.54004303199109,
            95.51998498512933,
            94.9304323500548,
            95.46420599598767,
            95.64555041216903
        ]
    },
    "param": {
        "data": {
            "data_sign": "Salinas",
            "data_file": "Salinas_30",
            "dump": false,
            "diffusion_sign": false,
            "diffusion_data_sign_path_prefix": "/home/cn/codes/spectral_diff_temp/codes/save_feature/salinas_unet3d_patch16_without_downsample_kernal5_fix/save_feature",
            "diffusion_data_sign": "t5_2_full.pkl.npy",
            "patch_size": 13,
            "test_ratio": 0.95,
            "batch_size": 64,
            "num_classes": 16,
            "pca": 30,
            "dim_heads": 64,
            "spectral_size": 30
        },
        "net": {
            "trainer": "cross_trainer",
            "net_type": "just_pixel",
            "mlp_head_dim": 64,
            "depth": 2,
            "dim": 64,
            "heads": 20
        },
        "train": {
            "epochs": 100,
            "lr": 0.001,
            "weight_decay": 0,
            "temp": 20
        },
        "uniq_name": "salinas_cross_param_use.json_30_1"
    },