{
    "epoch_loss": {
        "type": "index_value",
        "index": [
            1,
            2,
            3,
            4,
            5,
            6,
            7,
            8,
            9,
            10,
            11,
            12,
            13,
            14,
            15,
            16,
            17,
            18,
            19,
            20,
            21,
            22,
            23,
            24,
            25,
            26,
            27,
            28,
            29,
            30,
            31,
            32,
            33,
            34,
            35,
            36,
            37,
            38,
            39,
            40,
            41,
            42,
            43,
            44,
            45,
            46,
            47,
            48,
            49,
            50,
            51,
            52,
            53,
            54,
            55,
            56,
            57,
            58,
            59,
            60,
            61,
            62,
            63,
            64,
            65,
            66,
            67,
            68,
            69,
            70,
            71,
            72,
            73,
            74,
            75,
            76,
            77,
            78,
            79,
            80,
            81,
            82,
            83,
            84,
            85,
            86,
            87,
            88,
            89,
            90,
            91,
            92,
            93,
            94,
            95,
            96,
            97,
            98,
            99,
            100
        ],
        "value": [
            1.2642552648271834,
            0.48028593403952463,
            0.2515578142234257,
            0.17590392700263432,
            0.12682048976421356,
            0.08683925569057464,
            0.08931197907243456,
            0.054611567833593916,
            0.04133341312408447,
            0.04037671903414386,
            0.040539467760494774,
            0.02744090376155717,
            0.01674987016511815,
            0.012506186802472388,
            0.011116703333599227,
            0.009460986072995833,
            0.007144476047583989,
            0.006109032473926033,
            0.005525101614849908,
            0.00540794844606093,
            0.004549247092966523,
            0.004353421181440354,
            0.004091448815805572,
            0.0038028091059199402,
            0.004082473320886492,
            0.0034740233793854715,
            0.003233573040259736,
            0.002680017686049853,
            0.0028673361454691205,
            0.0024669211357831954,
            0.00252301800729973,
            0.0021988824076418366,
            0.0021855483929227506,
            0.0020579977559724025,
            0.0019444192493600504,
            0.0019240651612303086,
            0.0018611124251037836,
            0.0019253471201019629,
            0.0016725956063185418,
            0.0015585228002497128,
            0.0013710448019472615,
            0.0015320702622245465,
            0.0013773452157952956,
            0.001460253054808293,
            0.0012747024751401373,
            0.001216260895931295,
            0.001271991478279233,
            0.0010004724242857524,
            0.0010318070317485502,
            0.0011355324781366757,
            0.0014531010894903115,
            0.013882976750444089,
            0.04985532755298274,
            0.039775645014430795,
            0.01532941891678742,
            0.03287354654499463,
            0.060553452053240364,
            0.025126853558634008,
            0.014048069436103105,
            0.00578817424497434,
            0.023474715184420347,
            0.007255289277860097,
            0.00538373508357576,
            0.002282571526510375,
            0.0017218256768371377,
            0.0013060059498197266,
            0.001351754041388631,
            0.001006045438615339,
            0.0007843870054265219,
            0.000770263746380806,
            0.0007428571498686714,
            0.000694789840573711,
            0.0006701935997365841,
            0.000621955848432013,
            0.0006955938613308327,
            0.0005332843832937734,
            0.0006357311836576887,
            0.0006057840040219681,
            0.0005379084481059441,
            0.0005607012659311295,
            0.00044008745961556477,
            0.0004106893120998783,
            0.00038650208984368614,
            0.000375650791517858,
            0.0004531809211974697,
            0.00041853405834574786,
            0.00036983855617498713,
            0.0003963585053237953,
            0.0003923882339482329,
            0.00039029934559948743,
            0.00037829128060755987,
            0.0004060412574160312,
            0.00039806731011984603,
            0.00033099489685680186,
            0.00032068367581814525,
            0.0003377553083867367,
            0.0002973928864646171,
            0.00033786163299477526,
            0.00034790961820233083,
            0.0003095670877623239
        ]
    },
    "train_oa": {
        "type": "index_value",
        "index": [
            10,
            20,
            30,
            40,
            50,
            60,
            70,
            80,
            90,
            100
        ],
        "value": [
            98.34367748872833,
            99.4453772000981,
            99.51140372389594,
            99.41142070214491,
            99.4849931143768,
            98.9662132845366,
            99.2755947103322,
            99.27182176611518,
            99.25861646135562,
            99.25861646135562
        ]
    },
    "train_aa": {
        "type": "index_value",
        "index": [
            10,
            20,
            30,
            40,
            50,
            60,
            70,
            80,
            90,
            100
        ],
        "value": [
            98.54349824455917,
            99.7276369314563,
            99.75629920433629,
            99.71295538117216,
            99.74176289053808,
            98.91794084165795,
            99.69035774236954,
            99.69548822494694,
            99.68695755949146,
            99.6518601089536
        ]
    },
    "train_kappa": {
        "type": "index_value",
        "index": [
            10,
            20,
            30,
            40,
            50,
            60,
            70,
            80,
            90,
            100
        ],
        "value": [
            98.1536216725661,
            99.38110070162782,
            99.45484042995275,
            99.34317888335825,
            99.4253501993062,
            98.84658500190365,
            99.19179281612436,
            99.18763001301087,
            99.17291058053391,
            99.17275561792506
        ]
    },
    "param": {
        "data": {
            "data_sign": "Salinas",
            "data_file": "Salinas_70",
            "dump": false,
            "diffusion_sign": false,
            "diffusion_data_sign_path_prefix": "/home/cn/codes/spectral_diff_temp/codes/save_feature/salinas_unet3d_patch16_without_downsample_kernal5_fix/save_feature",
            "diffusion_data_sign": "t5_2_full.pkl.npy",
            "patch_size": 13,
            "test_ratio": 0.95,
            "batch_size": 64,
            "num_classes": 16,
            "pca": 30,
            "dim_heads": 64,
            "spectral_size": 30
        },
        "net": {
            "trainer": "cross_trainer",
            "net_type": "just_pixel",
            "mlp_head_dim": 64,
            "depth": 2,
            "dim": 64,
            "heads": 20
        },
        "train": {
            "epochs": 100,
            "lr": 0.001,
            "weight_decay": 0,
            "temp": 20
        },
        "uniq_name": "salinas_cross_param_use.json_70_3"
    },