{
    "epoch_loss": {
        "type": "index_value",
        "index": [
            1,
            2,
            3,
            4,
            5,
            6,
            7,
            8,
            9,
            10,
            11,
            12,
            13,
            14,
            15,
            16,
            17,
            18,
            19,
            20,
            21,
            22,
            23,
            24,
            25,
            26,
            27,
            28,
            29,
            30,
            31,
            32,
            33,
            34,
            35,
            36,
            37,
            38,
            39,
            40,
            41,
            42,
            43,
            44,
            45,
            46,
            47,
            48,
            49,
            50,
            51,
            52,
            53,
            54,
            55,
            56,
            57,
            58,
            59,
            60,
            61,
            62,
            63,
            64,
            65,
            66,
            67,
            68,
            69,
            70,
            71,
            72,
            73,
            74,
            75,
            76,
            77,
            78,
            79,
            80,
            81,
            82,
            83,
            84,
            85,
            86,
            87,
            88,
            89,
            90,
            91,
            92,
            93,
            94,
            95,
            96,
            97,
            98,
            99,
            100
        ],
        "value": [
            1.281464627810887,
            0.49746030058179586,
            0.2652273731572287,
            0.18292719338621413,
            0.12864765652588436,
            0.1018868231347629,
            0.07633148474352701,
            0.04745038130453655,
            0.03047964189733778,
            0.023244817767824444,
            0.02926898305969579,
            0.032731080480984276,
            0.025987841348562923,
            0.013932350198073047,
            0.014772089357886995,
            0.009967049876494067,
            0.013413671883089201,
            0.01200982853770256,
            0.010254808994276183,
            0.007846669985779695,
            0.005720862293882029,
            0.004460928589105606,
            0.004030851700476238,
            0.0041104216394679885,
            0.003391012496181897,
            0.0032412861473858356,
            0.002955467945763043,
            0.0029038754291832447,
            0.0027817726733961276,
            0.0027129523056958404,
            0.0026603343098291327,
            0.002339970367029309,
            0.002387513925454446,
            0.002145790574806077,
            0.002001354577285903,
            0.0018469398309077535,
            0.0018182733162705386,
            0.0016454590617546014,
            0.0015635927773213812,
            0.0015147086698561907,
            0.0015966821794531176,
            0.0015468783111178448,
            0.0014669512065925768,
            0.0013227694800921849,
            0.0012991123799500721,
            0.0012151933275163173,
            0.0011860935050728065,
            0.0011291692831686565,
            0.0010511692380532622,
            0.0009995280133028115,
            0.0010724364114659173,
            0.0010468203740726623,
            0.0010108155531010458,
            0.000939326686784625,
            0.0009783119994348714,
            0.0009909586648323707,
            0.0008775272672729833,
            0.0008247545122035912,
            0.0007805565272324852,
            0.0007684632586980504,
            0.0007819492918705301,
            0.0007440915131675345,
            0.000726378318254969,
            0.0008269942797986524,
            0.0008704447852713721,
            0.000786475494637021,
            0.0006886469200253487,
            0.0007244527655919748,
            0.0006352899546202804,
            0.000677361257839948,
            0.0006072317848780325,
            0.0005450434982776642,
            0.0005219366443010846,
            0.0005393149580673448,
            0.0005217604538691895,
            0.0005288203246891499,
            0.0005516236198932997,
            0.0005009709657835109,
            0.0004941212445763605,
            0.00048635113884561826,
            0.00048626960488036276,
            0.0004545604810118675,
            0.00041873064806817895,
            0.0004271127508088414,
            0.00040436924900859593,
            0.00040246972514848626,
            0.0003877429790528757,
            0.0004375699242310865,
            0.00038367542105593853,
            0.0004008665048916425,
            0.00038763348212731737,
            0.0003746164131111332,
            0.0003933750242660088,
            0.0003588480766796108,
            0.0003516268633705165,
            0.0003203525673598051,
            0.00029926318093203007,
            0.0003503286446045552,
            0.00031820070081656535,
            0.0002737939266288387
        ]
    },
    "train_oa": {
        "type": "index_value",
        "index": [
            10,
            20,
            30,
            40,
            50,
            60,
            70,
            80,
            90,
            100
        ],
        "value": [
            99.14354166273651,
            99.11901752532589,
            99.19070346544926,
            99.22843290761946,
            99.18127110490671,
            99.16051991171311,
            99.06242336207059,
            99.04921805731102,
            99.0812880831557,
            99.045445113094
        ]
    },
    "train_aa": {
        "type": "index_value",
        "index": [
            10,
            20,
            30,
            40,
            50,
            60,
            70,
            80,
            90,
            100
        ],
        "value": [
            99.62871400449814,
            99.60007723150066,
            99.6297802753487,
            99.64222727018226,
            99.59563343536352,
            99.59696735609995,
            99.51343678368433,
            99.51111393205538,
            99.56602974528963,
            99.53716163575547
        ]
    },
    "train_kappa": {
        "type": "index_value",
        "index": [
            10,
            20,
            30,
            40,
            50,
            60,
            70,
            80,
            90,
            100
        ],
        "value": [
            99.04456139866781,
            99.01763012903902,
            99.09744947473537,
            99.13953881445892,
            99.08688609049736,
            99.06368606388648,
            98.95439451601537,
            98.93958993309525,
            98.97547287089236,
            98.93553705973098
        ]
    },
    "param": {
        "data": {
            "data_sign": "Salinas",
            "data_file": "Salinas_70",
            "dump": false,
            "diffusion_sign": false,
            "diffusion_data_sign_path_prefix": "/home/cn/codes/spectral_diff_temp/codes/save_feature/salinas_unet3d_patch16_without_downsample_kernal5_fix/save_feature",
            "diffusion_data_sign": "t5_2_full.pkl.npy",
            "patch_size": 13,
            "test_ratio": 0.95,
            "batch_size": 64,
            "num_classes": 16,
            "pca": 30,
            "dim_heads": 64,
            "spectral_size": 30
        },
        "net": {
            "trainer": "cross_trainer",
            "net_type": "just_pixel",
            "mlp_head_dim": 64,
            "depth": 2,
            "dim": 64,
            "heads": 20
        },
        "train": {
            "epochs": 100,
            "lr": 0.001,
            "weight_decay": 0,
            "temp": 20
        },
        "uniq_name": "salinas_cross_param_use.json_70_0"
    },