{
    "epoch_loss": {
        "type": "index_value",
        "index": [
            1,
            2,
            3,
            4,
            5,
            6,
            7,
            8,
            9,
            10,
            11,
            12,
            13,
            14,
            15,
            16,
            17,
            18,
            19,
            20,
            21,
            22,
            23,
            24,
            25,
            26,
            27,
            28,
            29,
            30,
            31,
            32,
            33,
            34,
            35,
            36,
            37,
            38,
            39,
            40,
            41,
            42,
            43,
            44,
            45,
            46,
            47,
            48,
            49,
            50,
            51,
            52,
            53,
            54,
            55,
            56,
            57,
            58,
            59,
            60,
            61,
            62,
            63,
            64,
            65,
            66,
            67,
            68,
            69,
            70,
            71,
            72,
            73,
            74,
            75,
            76,
            77,
            78,
            79,
            80,
            81,
            82,
            83,
            84,
            85,
            86,
            87,
            88,
            89,
            90,
            91,
            92,
            93,
            94,
            95,
            96,
            97,
            98,
            99,
            100
        ],
        "value": [
            2.337016725540161,
            1.4932803153991698,
            1.1604934215545655,
            0.9683290004730225,
            0.812588906288147,
            0.6722831130027771,
            0.5867924809455871,
            0.48575061559677124,
            0.44760835766792295,
            0.3858267068862915,
            0.33619911670684816,
            0.29300218522548677,
            0.25296288132667544,
            0.2335635542869568,
            0.21353242993354798,
            0.18954760432243348,
            0.17151716947555543,
            0.1568257689476013,
            0.1477638989686966,
            0.13288801908493042,
            0.13600040078163148,
            0.13359179794788362,
            0.09240983277559281,
            0.09996178299188614,
            0.0807045802474022,
            0.07279418855905533,
            0.07099129259586334,
            0.05657808482646942,
            0.05577749013900757,
            0.05964495688676834,
            0.05447415336966514,
            0.04823345392942428,
            0.04388691857457161,
            0.04185562804341316,
            0.03977714776992798,
            0.03594188094139099,
            0.03437517359852791,
            0.03508144840598106,
            0.03060852512717247,
            0.02937382534146309,
            0.029985031485557555,
            0.02952625826001167,
            0.02932388111948967,
            0.02868085652589798,
            0.02481623478233814,
            0.025567577034235,
            0.021531203761696815,
            0.02458822578191757,
            0.02480713278055191,
            0.024660269170999526,
            0.04180916026234627,
            0.06282152123749256,
            0.02564389295876026,
            0.02604515552520752,
            0.027522666752338408,
            0.021278992667794226,
            0.022946690395474433,
            0.026592327281832695,
            0.019394181668758392,
            0.017350072972476482,
            0.01764103174209595,
            0.013457896932959557,
            0.014489050582051277,
            0.01258525401353836,
            0.01354275457561016,
            0.011602002196013927,
            0.012246664986014366,
            0.010323552601039409,
            0.011202147975564004,
            0.010869802720844746,
            0.012912329658865929,
            0.011652492359280587,
            0.010269932635128497,
            0.009307067655026913,
            0.009173723310232163,
            0.009824476018548012,
            0.007371228560805321,
            0.008263017237186431,
            0.008200544863939285,
            0.00870090089738369,
            0.009069497138261795,
            0.007147999666631222,
            0.008627800457179546,
            0.008067565504461527,
            0.0070289201103150845,
            0.006893620453774929,
            0.007395787537097931,
            0.0075927464291453365,
            0.006241575162857771,
            0.005963827203959227,
            0.007062421552836895,
            0.006882072798907757,
            0.00552034517750144,
            0.006249094661325216,
            0.00616493234410882,
            0.006255749799311161,
            0.00642387717962265,
            0.005204434599727392,
            0.0055140569806098935,
            0.0063409870490431786
        ]
    },
    "train_oa": {
        "type": "index_value",
        "index": [
            10,
            20,
            30,
            40,
            50,
            60,
            70,
            80,
            90,
            100
        ],
        "value": [
            92.84589301265541,
            94.32451963164038,
            94.0262002260557,
            94.39307750745799,
            94.41160666308437,
            94.22075636013267,
            94.3152550538272,
            94.178139302192,
            94.26522633363598,
            94.16516889325354
        ]
    },
    "train_aa": {
        "type": "index_value",
        "index": [
            10,
            20,
            30,
            40,
            50,
            60,
            70,
            80,
            90,
            100
        ],
        "value": [
            96.5929336900069,
            97.35858586496305,
            97.42852298533622,
            97.35763004160167,
            97.63023135897646,
            97.29908473627391,
            97.43838781493689,
            97.41393540310446,
            97.42789821618724,
            97.42034620932566
        ]
    },
    "train_kappa": {
        "type": "index_value",
        "index": [
            10,
            20,
            30,
            40,
            50,
            60,
            70,
            80,
            90,
            100
        ],
        "value": [
            92.04121480444648,
            93.69801037067397,
            93.3725517713682,
            93.76975687823365,
            93.79626694162285,
            93.57951165502445,
            93.68794880217852,
            93.53812095351475,
            93.63354945793354,
            93.52443191272764
        ]
    },
    "param": {
        "data": {
            "data_sign": "Salinas",
            "data_file": "Salinas_10",
            "dump": false,
            "diffusion_sign": false,
            "diffusion_data_sign_path_prefix": "/home/cn/codes/spectral_diff_temp/codes/save_feature/salinas_unet3d_patch16_without_downsample_kernal5_fix/save_feature",
            "diffusion_data_sign": "t5_2_full.pkl.npy",
            "patch_size": 13,
            "test_ratio": 0.95,
            "batch_size": 64,
            "num_classes": 16,
            "pca": 30,
            "dim_heads": 64,
            "spectral_size": 30
        },
        "net": {
            "trainer": "cross_trainer",
            "net_type": "just_pixel",
            "mlp_head_dim": 64,
            "depth": 2,
            "dim": 64,
            "heads": 20
        },
        "train": {
            "epochs": 100,
            "lr": 0.001,
            "weight_decay": 0,
            "temp": 20
        },
        "uniq_name": "salinas_cross_param_use.json_10_4"
    },