{
    "epoch_loss": {
        "type": "index_value",
        "index": [
            1,
            2,
            3,
            4,
            5,
            6,
            7,
            8,
            9,
            10,
            11,
            12,
            13,
            14,
            15,
            16,
            17,
            18,
            19,
            20,
            21,
            22,
            23,
            24,
            25,
            26,
            27,
            28,
            29,
            30,
            31,
            32,
            33,
            34,
            35,
            36,
            37,
            38,
            39,
            40,
            41,
            42,
            43,
            44,
            45,
            46,
            47,
            48,
            49,
            50,
            51,
            52,
            53,
            54,
            55,
            56,
            57,
            58,
            59,
            60,
            61,
            62,
            63,
            64,
            65,
            66,
            67,
            68,
            69,
            70,
            71,
            72,
            73,
            74,
            75,
            76,
            77,
            78,
            79,
            80,
            81,
            82,
            83,
            84,
            85,
            86,
            87,
            88,
            89,
            90,
            91,
            92,
            93,
            94,
            95,
            96,
            97,
            98,
            99,
            100
        ],
        "value": [
            1.609628963470459,
            0.8443272292613984,
            0.5322079688310624,
            0.34156581163406374,
            0.25849824845790864,
            0.18612008541822433,
            0.14682152941823007,
            0.12242314815521241,
            0.11563796922564507,
            0.07920670174062253,
            0.06306478045880795,
            0.05839356109499931,
            0.06345587819814683,
            0.04318337496370077,
            0.03923938702791929,
            0.025508261285722256,
            0.022070387750864028,
            0.020059084892272948,
            0.017530270107090472,
            0.01537695163860917,
            0.012379376124590636,
            0.010935237817466258,
            0.01064763544127345,
            0.00929495356976986,
            0.008950706385076047,
            0.008508991962298752,
            0.007593694003298878,
            0.007898954674601555,
            0.008077856898307801,
            0.0070206568576395515,
            0.0073748728260397915,
            0.028032176941633225,
            0.04403156545013189,
            0.0236370662227273,
            0.015607899893075228,
            0.01515330681577325,
            0.008514844439923763,
            0.007426725327968597,
            0.005851159291341901,
            0.005294440966099501,
            0.00526465498842299,
            0.004273713217116892,
            0.004056290560401976,
            0.0034765836549922823,
            0.00340648889541626,
            0.0030249319737777115,
            0.0031574741238728165,
            0.002866096724756062,
            0.002631595451384783,
            0.0026030625449493527,
            0.002643162338063121,
            0.0025696373777464032,
            0.002317606133874506,
            0.0024482234846800567,
            0.002231914806179702,
            0.002530279220081866,
            0.0022368676494807006,
            0.0022539525758475064,
            0.001933414989616722,
            0.0021663829451426865,
            0.001883419614750892,
            0.0019641236285679042,
            0.0018281561904586851,
            0.0016710569499991835,
            0.0017642687773332,
            0.0016604251693934202,
            0.0017111210734583437,
            0.0017216703039593995,
            0.0016226057894527912,
            0.0014877062407322229,
            0.0014058301574550569,
            0.001408435933990404,
            0.0014355864957906305,
            0.0014459578786045312,
            0.0013648078311234713,
            0.0012272196996491402,
            0.0013398219947703184,
            0.0013135678484104574,
            0.0012218721269164235,
            0.0012357051309663802,
            0.00125498321140185,
            0.001229489903198555,
            0.0010776493116281926,
            0.0011169929755851626,
            0.001078770001186058,
            0.0009676513320300729,
            0.0010757145995739848,
            0.0009525891218800098,
            0.0009983316471334548,
            0.0010795896232593805,
            0.0009771757933776826,
            0.0009989812388084829,
            0.0009499366162344814,
            0.0009560288162901998,
            0.0009104989818297327,
            0.0008285921590868384,
            0.0008435711381025613,
            0.000906104245223105,
            0.0008750782173592598,
            0.000785810558591038
        ]
    },
    "train_oa": {
        "type": "index_value",
        "index": [
            10,
            20,
            30,
            40,
            50,
            60,
            70,
            80,
            90,
            100
        ],
        "value": [
            96.99938305072071,
            97.09099067097908,
            98.10802221017406,
            96.77690740152181,
            97.50415973377704,
            97.31533586344855,
            97.66680999831742,
            97.61820187328236,
            97.68176634448204,
            97.6238105030941
        ]
    },
    "train_aa": {
        "type": "index_value",
        "index": [
            10,
            20,
            30,
            40,
            50,
            60,
            70,
            80,
            90,
            100
        ],
        "value": [
            98.90880281227834,
            99.03229851107096,
            99.35612956028102,
            98.94163620069708,
            99.11640862498913,
            99.07586581828951,
            99.14611018871142,
            99.14596808560378,
            99.16587962393915,
            99.14664290778485
        ]
    },
    "train_kappa": {
        "type": "index_value",
        "index": [
            10,
            20,
            30,
            40,
            50,
            60,
            70,
            80,
            90,
            100
        ],
        "value": [
            96.66419703989294,
            96.76406660397919,
            97.89373277860382,
            96.41602356694816,
            97.22243202753157,
            97.0131930869513,
            97.40303894891834,
            97.34921932520903,
            97.41976037706185,
            97.35554022018647
        ]
    },
    "param": {
        "data": {
            "data_sign": "Salinas",
            "data_file": "Salinas_40",
            "dump": false,
            "diffusion_sign": false,
            "diffusion_data_sign_path_prefix": "/home/cn/codes/spectral_diff_temp/codes/save_feature/salinas_unet3d_patch16_without_downsample_kernal5_fix/save_feature",
            "diffusion_data_sign": "t5_2_full.pkl.npy",
            "patch_size": 13,
            "test_ratio": 0.95,
            "batch_size": 64,
            "num_classes": 16,
            "pca": 30,
            "dim_heads": 64,
            "spectral_size": 30
        },
        "net": {
            "trainer": "cross_trainer",
            "net_type": "just_pixel",
            "mlp_head_dim": 64,
            "depth": 2,
            "dim": 64,
            "heads": 20
        },
        "train": {
            "epochs": 100,
            "lr": 0.001,
            "weight_decay": 0,
            "temp": 20
        },
        "uniq_name": "salinas_cross_param_use.json_40_1"
    },