{
    "epoch_loss": {
        "type": "index_value",
        "index": [
            1,
            2,
            3,
            4,
            5,
            6,
            7,
            8,
            9,
            10,
            11,
            12,
            13,
            14,
            15,
            16,
            17,
            18,
            19,
            20,
            21,
            22,
            23,
            24,
            25,
            26,
            27,
            28,
            29,
            30,
            31,
            32,
            33,
            34,
            35,
            36,
            37,
            38,
            39,
            40,
            41,
            42,
            43,
            44,
            45,
            46,
            47,
            48,
            49,
            50,
            51,
            52,
            53,
            54,
            55,
            56,
            57,
            58,
            59,
            60,
            61,
            62,
            63,
            64,
            65,
            66,
            67,
            68,
            69,
            70,
            71,
            72,
            73,
            74,
            75,
            76,
            77,
            78,
            79,
            80,
            81,
            82,
            83,
            84,
            85,
            86,
            87,
            88,
            89,
            90,
            91,
            92,
            93,
            94,
            95,
            96,
            97,
            98,
            99,
            100
        ],
        "value": [
            1.3577826182047525,
            0.592932774623235,
            0.3240008413791656,
            0.20794172286987306,
            0.14180195182561875,
            0.1246180867155393,
            0.09380026410023372,
            0.08127579738696417,
            0.0823392204940319,
            0.05251745767891407,
            0.035973398759961125,
            0.03047682816783587,
            0.02079695158948501,
            0.029305863628784814,
            0.018358438275754452,
            0.018981824070215224,
            0.018086660901705423,
            0.018850674480199815,
            0.01163985226303339,
            0.00877180468911926,
            0.007352914661169052,
            0.006300636536131303,
            0.00547570368895928,
            0.0056332443530360855,
            0.005488641994694869,
            0.0049631972797214985,
            0.004131087210650245,
            0.004172330551470319,
            0.003830445030083259,
            0.003652521347006162,
            0.0034990121765683096,
            0.0034263641418268284,
            0.003497442323714495,
            0.0028030712623149157,
            0.002780707630639275,
            0.002628551454593738,
            0.0029346737234542766,
            0.0023170390088732046,
            0.0024152110641201337,
            0.002415110054425895,
            0.0022267472930252554,
            0.002384135778993368,
            0.0018973726934442918,
            0.002080879531179865,
            0.0018383559150000413,
            0.0017456955664480725,
            0.001595177175477147,
            0.0018993599883591135,
            0.0015371178820108374,
            0.0016137824471419056,
            0.0014535243855789304,
            0.0013633904280140996,
            0.0013049720243240397,
            0.001227500398332874,
            0.0013062640791758895,
            0.0011224072193726897,
            0.0014695169016097982,
            0.001201439967068533,
            0.0010771824900681773,
            0.0012652327655814587,
            0.0011268865899182856,
            0.0010316874560279152,
            0.001054207068712761,
            0.0010522117683043084,
            0.0009193261930098136,
            0.0009593775069030622,
            0.000883448989285777,
            0.0008614540100097656,
            0.0008210984718364974,
            0.0008254949275093774,
            0.0007706791744567454,
            0.0008030987305877109,
            0.0007837713967698316,
            0.0007269764590697984,
            0.0008065516090330978,
            0.0007368731390063961,
            0.0007749463315121829,
            0.0006591204359817008,
            0.0007396997922721008,
            0.0006893679111575087,
            0.0006378177669830621,
            0.0006634032508979241,
            0.0006196922739036381,
            0.000583764084149152,
            0.0005846065915344904,
            0.0005165110051166266,
            0.0005538578960113227,
            0.0005824864647972088,
            0.0004982985556125641,
            0.0005372214363887906,
            0.0005382134520914405,
            0.0004968183464370668,
            0.0004968756130741288,
            0.0005246071125535915,
            0.0005199392364981274,
            0.0004801711804854373,
            0.0004417354512649278,
            0.000503980756426851,
            0.00044267941072272755,
            0.00042975794058293105
        ]
    },
    "train_oa": {
        "type": "index_value",
        "index": [
            10,
            20,
            30,
            40,
            50,
            60,
            70,
            80,
            90,
            100
        ],
        "value": [
            96.37570764919407,
            98.80569504786624,
            99.03891365269236,
            98.95427786868288,
            99.01446331508961,
            99.05772160469446,
            98.9749666158852,
            99.01446331508961,
            99.01258251988942,
            99.03515206229194
        ]
    },
    "train_aa": {
        "type": "index_value",
        "index": [
            10,
            20,
            30,
            40,
            50,
            60,
            70,
            80,
            90,
            100
        ],
        "value": [
            98.80524195304233,
            99.57956082429754,
            99.63489622316001,
            99.64273628137552,
            99.64113833155577,
            99.62657499541174,
            99.62070663627375,
            99.62883415531749,
            99.62352206717895,
            99.61465117655996
        ]
    },
    "train_kappa": {
        "type": "index_value",
        "index": [
            10,
            20,
            30,
            40,
            50,
            60,
            70,
            80,
            90,
            100
        ],
        "value": [
            95.96992254845911,
            98.66926840226733,
            98.92876374195525,
            98.83467749596568,
            98.90159911959871,
            98.94947256032677,
            98.85765090894823,
            98.90158868877027,
            98.89949970497203,
            98.92460687267632
        ]
    },
    "param": {
        "data": {
            "data_sign": "Salinas",
            "data_file": "Salinas_60",
            "dump": false,
            "diffusion_sign": false,
            "diffusion_data_sign_path_prefix": "/home/cn/codes/spectral_diff_temp/codes/save_feature/salinas_unet3d_patch16_without_downsample_kernal5_fix/save_feature",
            "diffusion_data_sign": "t5_2_full.pkl.npy",
            "patch_size": 13,
            "test_ratio": 0.95,
            "batch_size": 64,
            "num_classes": 16,
            "pca": 30,
            "dim_heads": 64,
            "spectral_size": 30
        },
        "net": {
            "trainer": "cross_trainer",
            "net_type": "just_pixel",
            "mlp_head_dim": 64,
            "depth": 2,
            "dim": 64,
            "heads": 20
        },
        "train": {
            "epochs": 100,
            "lr": 0.001,
            "weight_decay": 0,
            "temp": 20
        },
        "uniq_name": "salinas_cross_param_use.json_60_3"
    },