{
    "epoch_loss": {
        "type": "index_value",
        "index": [
            1,
            2,
            3,
            4,
            5,
            6,
            7,
            8,
            9,
            10,
            11,
            12,
            13,
            14,
            15,
            16,
            17,
            18,
            19,
            20,
            21,
            22,
            23,
            24,
            25,
            26,
            27,
            28,
            29,
            30,
            31,
            32,
            33,
            34,
            35,
            36,
            37,
            38,
            39,
            40,
            41,
            42,
            43,
            44,
            45,
            46,
            47,
            48,
            49,
            50,
            51,
            52,
            53,
            54,
            55,
            56,
            57,
            58,
            59,
            60,
            61,
            62,
            63,
            64,
            65,
            66,
            67,
            68,
            69,
            70,
            71,
            72,
            73,
            74,
            75,
            76,
            77,
            78,
            79,
            80,
            81,
            82,
            83,
            84,
            85,
            86,
            87,
            88,
            89,
            90,
            91,
            92,
            93,
            94,
            95,
            96,
            97,
            98,
            99,
            100
        ],
        "value": [
            1.8049548387527465,
            1.0056113481521607,
            0.6543826242287953,
            0.4605689307053884,
            0.34049878517786664,
            0.2472776710987091,
            0.18478463093439737,
            0.16775199671586355,
            0.12332808325688044,
            0.10280565818150839,
            0.0855057974656423,
            0.0910436158378919,
            0.07688640803098679,
            0.06253660519917806,
            0.04508797973394394,
            0.03476505329211553,
            0.030134496092796326,
            0.026379459972182908,
            0.023233273004492124,
            0.020766391108433407,
            0.027090616524219513,
            0.022298193722963332,
            0.026011848325530686,
            0.055732684582471846,
            0.031047266845901807,
            0.018678270963331065,
            0.018693061359226704,
            0.01581110736976067,
            0.013731863784293334,
            0.011607433979709944,
            0.010657351153592268,
            0.010100535613795121,
            0.009290074681242306,
            0.008361960637072723,
            0.009268227654198805,
            0.007825959535936514,
            0.007053335414578517,
            0.008170946221798658,
            0.006281926420827707,
            0.006007956092556318,
            0.005704292530814807,
            0.00591898076236248,
            0.005205159820616245,
            0.005439083247135083,
            0.00489900978282094,
            0.00463447409371535,
            0.004518435895442962,
            0.004160360277940829,
            0.004852479075392087,
            0.004478876882543167,
            0.004131339987119039,
            0.0036951675545424225,
            0.004029564807812373,
            0.0034700510712961357,
            0.003726013982668519,
            0.003652252598355214,
            0.003992613622297843,
            0.003242749162018299,
            0.003138046090801557,
            0.0030538822213808697,
            0.0028460399713367223,
            0.0026659390423446894,
            0.002479857299476862,
            0.0024462712307771048,
            0.002538806324203809,
            0.002303228589395682,
            0.0023320204578340053,
            0.002547430309156577,
            0.002369012963026762,
            0.0025394712885220844,
            0.0022434737688551347,
            0.002087596369286378,
            0.002217854280024767,
            0.0020178079527492323,
            0.0021681268544246754,
            0.00226349796478947,
            0.0021264185352871815,
            0.002016474741200606,
            0.0021489967902501425,
            0.0020884052695085606,
            0.0017428280009577672,
            0.0018713174698253472,
            0.0016355383520325025,
            0.0016577454594274362,
            0.001689133793115616,
            0.001739508177464207,
            0.001599897420965135,
            0.001665758884822329,
            0.0015113520125548045,
            0.0015727801636482277,
            0.0015086792098979154,
            0.0014146194094792008,
            0.0013070587224016587,
            0.0013253558737536272,
            0.0013797284957642356,
            0.0013794893631711603,
            0.001452724604556958,
            0.0012669114473586281,
            0.0016340569670622548,
            0.0011566813414295514
        ]
    },
    "train_oa": {
        "type": "index_value",
        "index": [
            10,
            20,
            30,
            40,
            50,
            60,
            70,
            80,
            90,
            100
        ],
        "value": [
            93.7165650804302,
            95.82284851534978,
            96.61503476299652,
            97.09780238215065,
            96.67654569516672,
            96.50506067214674,
            96.53861208969413,
            96.46405338403325,
            96.66536188931761,
            96.9393651326213
        ]
    },
    "train_aa": {
        "type": "index_value",
        "index": [
            10,
            20,
            30,
            40,
            50,
            60,
            70,
            80,
            90,
            100
        ],
        "value": [
            97.57806337798452,
            98.30660153596774,
            98.64851276451452,
            98.82205186557016,
            98.7181402373528,
            98.65694827943642,
            98.69885725643776,
            98.62164555365713,
            98.70846668002926,
            98.74511520449651
        ]
    },
    "train_kappa": {
        "type": "index_value",
        "index": [
            10,
            20,
            30,
            40,
            50,
            60,
            70,
            80,
            90,
            100
        ],
        "value": [
            93.03204099294928,
            95.3582964213974,
            96.23495790724712,
            96.77071157413057,
            96.30417852715284,
            96.11437346043103,
            96.15172861299565,
            96.06888747290974,
            96.291936997023,
            96.59491101027334
        ]
    },
    "param": {
        "data": {
            "data_sign": "Salinas",
            "data_file": "Salinas_30",
            "dump": false,
            "diffusion_sign": false,
            "diffusion_data_sign_path_prefix": "/home/cn/codes/spectral_diff_temp/codes/save_feature/salinas_unet3d_patch16_without_downsample_kernal5_fix/save_feature",
            "diffusion_data_sign": "t5_2_full.pkl.npy",
            "patch_size": 13,
            "test_ratio": 0.95,
            "batch_size": 64,
            "num_classes": 16,
            "pca": 30,
            "dim_heads": 64,
            "spectral_size": 30
        },
        "net": {
            "trainer": "cross_trainer",
            "net_type": "just_pixel",
            "mlp_head_dim": 64,
            "depth": 2,
            "dim": 64,
            "heads": 20
        },
        "train": {
            "epochs": 100,
            "lr": 0.001,
            "weight_decay": 0,
            "temp": 20
        },
        "uniq_name": "salinas_cross_param_use.json_30_2"
    },