{
    "epoch_loss": {
        "type": "index_value",
        "index": [
            1,
            2,
            3,
            4,
            5,
            6,
            7,
            8,
            9,
            10,
            11,
            12,
            13,
            14,
            15,
            16,
            17,
            18,
            19,
            20,
            21,
            22,
            23,
            24,
            25,
            26,
            27,
            28,
            29,
            30,
            31,
            32,
            33,
            34,
            35,
            36,
            37,
            38,
            39,
            40,
            41,
            42,
            43,
            44,
            45,
            46,
            47,
            48,
            49,
            50,
            51,
            52,
            53,
            54,
            55,
            56,
            57,
            58,
            59,
            60,
            61,
            62,
            63,
            64,
            65,
            66,
            67,
            68,
            69,
            70,
            71,
            72,
            73,
            74,
            75,
            76,
            77,
            78,
            79,
            80,
            81,
            82,
            83,
            84,
            85,
            86,
            87,
            88,
            89,
            90,
            91,
            92,
            93,
            94,
            95,
            96,
            97,
            98,
            99,
            100
        ],
        "value": [
            2.2371285915374757,
            1.4315116643905639,
            1.154905080795288,
            0.9774142146110535,
            0.8116893768310547,
            0.6993663430213928,
            0.6058458685874939,
            0.5116722345352173,
            0.4533711612224579,
            0.41401501297950744,
            0.361965537071228,
            0.3075006723403931,
            0.28103280663490293,
            0.24871326684951783,
            0.22317238748073578,
            0.1992613971233368,
            0.18391586244106292,
            0.16819486320018767,
            0.15001220703125,
            0.14160799384117126,
            0.1236218899488449,
            0.11342864483594894,
            0.09821131527423858,
            0.10170519053936004,
            0.07833861261606216,
            0.0761410653591156,
            0.06344586908817292,
            0.06614211797714234,
            0.055891513079404834,
            0.057688817381858826,
            0.05377568304538727,
            0.04682063907384872,
            0.04140052944421768,
            0.038454736769199374,
            0.03708357885479927,
            0.03426522091031074,
            0.03087439239025116,
            0.029616997018456458,
            0.03169185593724251,
            0.02699139602482319,
            0.024748184904456138,
            0.026512879133224487,
            0.022670189291238783,
            0.02348165363073349,
            0.02329137399792671,
            0.019801122695207597,
            0.01997337192296982,
            0.020559658855199815,
            0.02056070938706398,
            0.017683473229408265,
            0.01931731291115284,
            0.019974592328071594,
            0.01672079637646675,
            0.019255712628364563,
            0.018504755944013594,
            0.017541656270623207,
            0.015440445393323898,
            0.013866852968931198,
            0.014385242015123367,
            0.013554026186466218,
            0.014003613032400608,
            0.012160902656614781,
            0.013020176440477371,
            0.012282657623291015,
            0.011361942812800407,
            0.01152777224779129,
            0.011952622979879379,
            0.012270601652562618,
            0.011914106458425522,
            0.011122777871787549,
            0.010912310890853405,
            0.011708056926727295,
            0.010737818479537965,
            0.011777510307729245,
            0.01010249424725771,
            0.009928201697766781,
            0.009623749926686288,
            0.007922503724694252,
            0.008770645968616009,
            0.008545554429292678,
            0.009558184444904328,
            0.008756971918046474,
            0.008829417079687119,
            0.008853619731962682,
            0.008492454327642918,
            0.007837043702602386,
            0.006972452253103256,
            0.007022137939929962,
            0.0077007517218589784,
            0.007346107624471188,
            0.0069040005095303055,
            0.007868210785090923,
            0.006588990241289139,
            0.006636905670166016,
            0.005891222320497036,
            0.006779351644217968,
            0.006385536957532167,
            0.00585937611758709,
            0.00638011135160923,
            0.007314462773501873
        ]
    },
    "train_oa": {
        "type": "index_value",
        "index": [
            10,
            20,
            30,
            40,
            50,
            60,
            70,
            80,
            90,
            100
        ],
        "value": [
            93.71491041153254,
            94.03917063499416,
            94.41160666308437,
            94.41716540977228,
            94.84148307361635,
            94.63580944616355,
            94.49313494784043,
            94.56354573922067,
            94.46534121440085,
            94.29857881376346
        ]
    },
    "train_aa": {
        "type": "index_value",
        "index": [
            10,
            20,
            30,
            40,
            50,
            60,
            70,
            80,
            90,
            100
        ],
        "value": [
            96.19113375711429,
            97.33226340279614,
            97.14988950870932,
            97.4794418300374,
            97.49773338091951,
            97.3390734063008,
            97.20009710505036,
            97.28956171193697,
            97.14221338454745,
            97.20997589271892
        ]
    },
    "train_kappa": {
        "type": "index_value",
        "index": [
            10,
            20,
            30,
            40,
            50,
            60,
            70,
            80,
            90,
            100
        ],
        "value": [
            93.01267140495165,
            93.38436678679705,
            93.79461057684395,
            93.80341741494334,
            94.2672871054931,
            94.04174312942419,
            93.88591977866612,
            93.96015006543202,
            93.85300809142608,
            93.67268617393995
        ]
    },
    "param": {
        "data": {
            "data_sign": "Salinas",
            "data_file": "Salinas_10",
            "dump": false,
            "diffusion_sign": false,
            "diffusion_data_sign_path_prefix": "/home/cn/codes/spectral_diff_temp/codes/save_feature/salinas_unet3d_patch16_without_downsample_kernal5_fix/save_feature",
            "diffusion_data_sign": "t5_2_full.pkl.npy",
            "patch_size": 13,
            "test_ratio": 0.95,
            "batch_size": 64,
            "num_classes": 16,
            "pca": 30,
            "dim_heads": 64,
            "spectral_size": 30
        },
        "net": {
            "trainer": "cross_trainer",
            "net_type": "just_pixel",
            "mlp_head_dim": 64,
            "depth": 2,
            "dim": 64,
            "heads": 20
        },
        "train": {
            "epochs": 100,
            "lr": 0.001,
            "weight_decay": 0,
            "temp": 20
        },
        "uniq_name": "salinas_cross_param_use.json_10_1"
    },