{
    "epoch_loss": {
        "type": "index_value",
        "index": [
            1,
            2,
            3,
            4,
            5,
            6,
            7,
            8,
            9,
            10,
            11,
            12,
            13,
            14,
            15,
            16,
            17,
            18,
            19,
            20,
            21,
            22,
            23,
            24,
            25,
            26,
            27,
            28,
            29,
            30,
            31,
            32,
            33,
            34,
            35,
            36,
            37,
            38,
            39,
            40,
            41,
            42,
            43,
            44,
            45,
            46,
            47,
            48,
            49,
            50,
            51,
            52,
            53,
            54,
            55,
            56,
            57,
            58,
            59,
            60,
            61,
            62,
            63,
            64,
            65,
            66,
            67,
            68,
            69,
            70,
            71,
            72,
            73,
            74,
            75,
            76,
            77,
            78,
            79,
            80,
            81,
            82,
            83,
            84,
            85,
            86,
            87,
            88,
            89,
            90,
            91,
            92,
            93,
            94,
            95,
            96,
            97,
            98,
            99,
            100
        ],
        "value": [
            1.3311414996782938,
            0.5502352039019267,
            0.303487421075503,
            0.198705060283343,
            0.1269034703572591,
            0.09427150189876557,
            0.1168624314169089,
            0.08206304013729096,
            0.050668533270557724,
            0.04224598171810309,
            0.034407639876008034,
            0.02920507329205672,
            0.027803030237555502,
            0.03028575809051593,
            0.019264047468701997,
            0.023893033775190513,
            0.018786215471724668,
            0.011046642685929935,
            0.008614545191327731,
            0.006852802727371455,
            0.007469534873962402,
            0.00796638112515211,
            0.009831002665062745,
            0.00803397297859192,
            0.0089336557003359,
            0.0064291507316132385,
            0.004578498316307863,
            0.004122971060375373,
            0.0035864867735654117,
            0.003338958959405621,
            0.0030445252855618794,
            0.0029477392788976433,
            0.002843926598628362,
            0.002734798736249407,
            0.0027054173095772665,
            0.0024637464511518678,
            0.0024988357753803333,
            0.0025440709587807456,
            0.002143994020298123,
            0.0020058692743380865,
            0.002017330595602592,
            0.0023256951787819463,
            0.001851070245417456,
            0.0017463455985610684,
            0.0018056273848439256,
            0.0018470276690398654,
            0.0015729033465807637,
            0.0015534503074983756,
            0.0015535514956961074,
            0.001381414197385311,
            0.001423463481478393,
            0.0012343881690564254,
            0.0012750765541568398,
            0.0012541977145398657,
            0.0012717718452525636,
            0.0011073937290348112,
            0.001147012928655992,
            0.0010146127392848332,
            0.0010514677152968944,
            0.000999737569751839,
            0.0009947048577790458,
            0.000961161715288957,
            0.0009428358093524973,
            0.0009204291001272698,
            0.0008881528046913445,
            0.0007666542582834761,
            0.0009006603737361729,
            0.0007860818644985556,
            0.0008366298396140337,
            0.0007187655079178512,
            0.000777815313388904,
            0.0007683011198726793,
            0.0006873206351883709,
            0.0007035140161557744,
            0.0007538321816052,
            0.0006797472170243661,
            0.0006888313859235495,
            0.0006762720683279136,
            0.0006406198042289664,
            0.0006313511189849426,
            0.0006233904782372217,
            0.0006143143827406068,
            0.0006117687230774512,
            0.0004877932990590731,
            0.0005679550056811422,
            0.0005237802281044424,
            0.0005128182102149974,
            0.0005347248399630189,
            0.0005364979306856792,
            0.0005598337777579824,
            0.0005316638038493693,
            0.00045382231279897194,
            0.00047602720830279094,
            0.00044710978982038797,
            0.0004914577157857518,
            0.0004955142367786418,
            0.00045058855515283844,
            0.0004494707720975081,
            0.0004162655231387665,
            0.00038539682476160426
        ]
    },
    "train_oa": {
        "type": "index_value",
        "index": [
            10,
            20,
            30,
            40,
            50,
            60,
            70,
            80,
            90,
            100
        ],
        "value": [
            97.53427749252384,
            98.61197314224454,
            98.63078109424664,
            98.67027779345106,
            98.45398634542684,
            98.48972145423085,
            98.52733735823506,
            98.5160525870338,
            98.63830427504749,
            98.58752280464181
        ]
    },
    "train_aa": {
        "type": "index_value",
        "index": [
            10,
            20,
            30,
            40,
            50,
            60,
            70,
            80,
            90,
            100
        ],
        "value": [
            99.1277631720936,
            99.44859540707236,
            99.37335126802785,
            99.37072065747724,
            99.25658288916941,
            99.34147204374246,
            99.33748126932433,
            99.29742212539408,
            99.31818529000232,
            99.31986832300818
        ]
    },
    "train_kappa": {
        "type": "index_value",
        "index": [
            10,
            20,
            30,
            40,
            50,
            60,
            70,
            80,
            90,
            100
        ],
        "value": [
            97.255363411745,
            98.4532704559044,
            98.47422080717251,
            98.51804343440138,
            98.27747129143944,
            98.31730744257074,
            98.35909580119662,
            98.34652846431953,
            98.48242691695187,
            98.42593715164587
        ]
    },
    "param": {
        "data": {
            "data_sign": "Salinas",
            "data_file": "Salinas_60",
            "dump": false,
            "diffusion_sign": false,
            "diffusion_data_sign_path_prefix": "/home/cn/codes/spectral_diff_temp/codes/save_feature/salinas_unet3d_patch16_without_downsample_kernal5_fix/save_feature",
            "diffusion_data_sign": "t5_2_full.pkl.npy",
            "patch_size": 13,
            "test_ratio": 0.95,
            "batch_size": 64,
            "num_classes": 16,
            "pca": 30,
            "dim_heads": 64,
            "spectral_size": 30
        },
        "net": {
            "trainer": "cross_trainer",
            "net_type": "just_pixel",
            "mlp_head_dim": 64,
            "depth": 2,
            "dim": 64,
            "heads": 20
        },
        "train": {
            "epochs": 100,
            "lr": 0.001,
            "weight_decay": 0,
            "temp": 20
        },
        "uniq_name": "salinas_cross_param_use.json_60_0"
    },