{
    "epoch_loss": {
        "type": "index_value",
        "index": [
            1,
            2,
            3,
            4,
            5,
            6,
            7,
            8,
            9,
            10,
            11,
            12,
            13,
            14,
            15,
            16,
            17,
            18,
            19,
            20,
            21,
            22,
            23,
            24,
            25,
            26,
            27,
            28,
            29,
            30,
            31,
            32,
            33,
            34,
            35,
            36,
            37,
            38,
            39,
            40,
            41,
            42,
            43,
            44,
            45,
            46,
            47,
            48,
            49,
            50,
            51,
            52,
            53,
            54,
            55,
            56,
            57,
            58,
            59,
            60,
            61,
            62,
            63,
            64,
            65,
            66,
            67,
            68,
            69,
            70,
            71,
            72,
            73,
            74,
            75,
            76,
            77,
            78,
            79,
            80,
            81,
            82,
            83,
            84,
            85,
            86,
            87,
            88,
            89,
            90,
            91,
            92,
            93,
            94,
            95,
            96,
            97,
            98,
            99,
            100
        ],
        "value": [
            2.2614940404891968,
            1.3803581714630127,
            1.067423403263092,
            0.9336333274841309,
            0.7864514946937561,
            0.6602733373641968,
            0.5765974164009094,
            0.49394878149032595,
            0.43328928351402285,
            0.3756487309932709,
            0.32297650575637815,
            0.2959335267543793,
            0.267360532283783,
            0.2369859516620636,
            0.20965199470520018,
            0.19082664847373962,
            0.18110759556293488,
            0.16330476701259614,
            0.13929217755794526,
            0.12072352170944214,
            0.11428470313549041,
            0.10277023315429687,
            0.1065707340836525,
            0.08609688133001328,
            0.0876839816570282,
            0.07084355503320694,
            0.07046472132205964,
            0.062243349850177765,
            0.06604382246732712,
            0.05334469377994537,
            0.046381475031375886,
            0.04693556427955627,
            0.04265113174915314,
            0.039838706701993944,
            0.03893851116299629,
            0.03467613160610199,
            0.03343801498413086,
            0.03349827527999878,
            0.029459597170352937,
            0.02831837721168995,
            0.0268092580139637,
            0.030218765139579773,
            0.027246022969484328,
            0.026662860065698624,
            0.025133657455444335,
            0.022536544501781462,
            0.023595979809761046,
            0.022363202273845674,
            0.021352135017514227,
            0.01943744346499443,
            0.019794656708836556,
            0.02099327854812145,
            0.01726473420858383,
            0.016357401758432387,
            0.01759245842695236,
            0.016322512552142142,
            0.0156342051923275,
            0.017598529905080797,
            0.01419953741133213,
            0.013146292790770531,
            0.012961659394204617,
            0.012883367389440537,
            0.012852094322443008,
            0.012913099490106106,
            0.012229777127504348,
            0.011688949167728424,
            0.011089334078133107,
            0.011279073543846607,
            0.010455773584544659,
            0.009791432321071625,
            0.010446626134216786,
            0.010842478461563587,
            0.009734557382762432,
            0.010269442573189735,
            0.009889977611601352,
            0.008733323588967324,
            0.010081712901592255,
            0.009165511094033718,
            0.008489145524799823,
            0.010656195133924485,
            0.008797769248485566,
            0.009199278987944126,
            0.009057309292256833,
            0.009127086959779263,
            0.008473431877791881,
            0.00792047120630741,
            0.007422681339085102,
            0.007474949955940247,
            0.008299768157303333,
            0.008446413092315197,
            0.007875371351838112,
            0.006755003053694963,
            0.006589130684733391,
            0.006532159633934498,
            0.0073866361752152445,
            0.006374349724501372,
            0.007408083602786064,
            0.0072818992659449576,
            0.00679182205349207,
            0.006642035767436027
        ]
    },
    "train_oa": {
        "type": "index_value",
        "index": [
            10,
            20,
            30,
            40,
            50,
            60,
            70,
            80,
            90,
            100
        ],
        "value": [
            92.03061016509477,
            93.36285645463136,
            94.36343085845577,
            94.73030813985807,
            93.45550223276325,
            94.34119587170413,
            94.61542737497453,
            94.43940039652394,
            94.28375548926236,
            94.74142563323389
        ]
    },
    "train_aa": {
        "type": "index_value",
        "index": [
            10,
            20,
            30,
            40,
            50,
            60,
            70,
            80,
            90,
            100
        ],
        "value": [
            96.27283750885309,
            96.75878960895929,
            97.32304952690279,
            97.4814516018309,
            97.33355953174288,
            97.43447791039756,
            97.60466659564275,
            97.48647975132204,
            97.47540622827916,
            97.56050535607082
        ]
    },
    "train_kappa": {
        "type": "index_value",
        "index": [
            10,
            20,
            30,
            40,
            50,
            60,
            70,
            80,
            90,
            100
        ],
        "value": [
            91.15577841048342,
            92.63109142147805,
            93.74339546654002,
            94.14778671968718,
            92.74786600777334,
            93.72096262392499,
            94.02246684779739,
            93.82916607999454,
            93.65909419524716,
            94.15822022453754
        ]
    },
    "param": {
        "data": {
            "data_sign": "Salinas",
            "data_file": "Salinas_10",
            "dump": false,
            "diffusion_sign": false,
            "diffusion_data_sign_path_prefix": "/home/cn/codes/spectral_diff_temp/codes/save_feature/salinas_unet3d_patch16_without_downsample_kernal5_fix/save_feature",
            "diffusion_data_sign": "t5_2_full.pkl.npy",
            "patch_size": 13,
            "test_ratio": 0.95,
            "batch_size": 64,
            "num_classes": 16,
            "pca": 30,
            "dim_heads": 64,
            "spectral_size": 30
        },
        "net": {
            "trainer": "cross_trainer",
            "net_type": "just_pixel",
            "mlp_head_dim": 64,
            "depth": 2,
            "dim": 64,
            "heads": 20
        },
        "train": {
            "epochs": 100,
            "lr": 0.001,
            "weight_decay": 0,
            "temp": 20
        },
        "uniq_name": "salinas_cross_param_use.json_10_2"
    },