{
    "epoch_loss": {
        "type": "index_value",
        "index": [
            1,
            2,
            3,
            4,
            5,
            6,
            7,
            8,
            9,
            10,
            11,
            12,
            13,
            14,
            15,
            16,
            17,
            18,
            19,
            20,
            21,
            22,
            23,
            24,
            25,
            26,
            27,
            28,
            29,
            30,
            31,
            32,
            33,
            34,
            35,
            36,
            37,
            38,
            39,
            40,
            41,
            42,
            43,
            44,
            45,
            46,
            47,
            48,
            49,
            50,
            51,
            52,
            53,
            54,
            55,
            56,
            57,
            58,
            59,
            60,
            61,
            62,
            63,
            64,
            65,
            66,
            67,
            68,
            69,
            70,
            71,
            72,
            73,
            74,
            75,
            76,
            77,
            78,
            79,
            80,
            81,
            82,
            83,
            84,
            85,
            86,
            87,
            88,
            89,
            90,
            91,
            92,
            93,
            94,
            95,
            96,
            97,
            98,
            99,
            100
        ],
        "value": [
            1.2043988943099975,
            0.4276284769177437,
            0.22039407789707183,
            0.14274452105164528,
            0.10022333692759275,
            0.07438337430357933,
            0.060544316470623014,
            0.05275740716606379,
            0.032004667166620496,
            0.023966795578598977,
            0.018610144266858697,
            0.015635393932461737,
            0.013289044937118888,
            0.009310427028685809,
            0.007290190318599343,
            0.006410573911853135,
            0.005976233119145036,
            0.005238903942517937,
            0.005274063744582236,
            0.004460180550813675,
            0.004082383844070137,
            0.003779923380352557,
            0.0034525151480920614,
            0.0034903439227491617,
            0.00292037051403895,
            0.002860959677491337,
            0.0027004001021850854,
            0.0023646788438782098,
            0.0023201702744700013,
            0.0021570788405369965,
            0.002068027050700039,
            0.0020329385646618904,
            0.0018696906801778824,
            0.0017845886992290615,
            0.001659428095445037,
            0.0015365149709396064,
            0.0015743228141218424,
            0.001623533241217956,
            0.0014584060059860348,
            0.0014508118969388307,
            0.0013007811357965693,
            0.0012711636023595928,
            0.0012712393363472074,
            0.0012084872869309038,
            0.0011144999443786219,
            0.0010110385395819322,
            0.0010441905033076182,
            0.0010312951169908046,
            0.0012619923276361079,
            0.0009093582164496183,
            0.000823134504025802,
            0.0009095778106711805,
            0.0008277351938886568,
            0.0007856898853788152,
            0.0007947632897412404,
            0.00074839313456323,
            0.0007260317826876417,
            0.0008173285415978171,
            0.0007265872322022915,
            0.0006261084199650213,
            0.0006070180112146773,
            0.0006063756140065379,
            0.0005764605200965888,
            0.0005573820322751999,
            0.0005527362736756913,
            0.0005284364757244475,
            0.0005359550341381691,
            0.0005077977082692086,
            0.0004821890892344527,
            0.0004946415239828639,
            0.00046411692164838314,
            0.00044523055694298817,
            0.000432092348637525,
            0.0004433916212292388,
            0.000450218518381007,
            0.0004068962240125984,
            0.0003693897757329978,
            0.0003995634921011515,
            0.00038429931373684667,
            0.00037812742084497586,
            0.00035778402962023393,
            0.00036952752561774104,
            0.00033913345396285877,
            0.00035495978445396756,
            0.000344566251442302,
            0.00033286371181020515,
            0.00029842540388926866,
            0.0003313984409032855,
            0.00030912242946214976,
            0.00031095832600840366,
            0.0003102440903603565,
            0.0003017663046193775,
            0.0002543244649132248,
            0.00030762745009269563,
            0.0002669887122465298,
            0.0002467986101692077,
            0.00025117347759078256,
            0.00025591546727810055,
            0.00029797702227369883,
            0.00024658461261424237
        ]
    },
    "train_oa": {
        "type": "index_value",
        "index": [
            10,
            20,
            30,
            40,
            50,
            60,
            70,
            80,
            90,
            100
        ],
        "value": [
            98.76061987927869,
            98.48057673749739,
            98.7473745955458,
            98.77008079623077,
            98.61870612499763,
            98.68114817688131,
            98.66222634297716,
            98.72845276164166,
            98.67357944331965,
            98.68871691044296
        ]
    },
    "train_aa": {
        "type": "index_value",
        "index": [
            10,
            20,
            30,
            40,
            50,
            60,
            70,
            80,
            90,
            100
        ],
        "value": [
            99.3415977850004,
            99.26613356924223,
            99.39153070261465,
            99.34853873606946,
            99.27873893045735,
            99.32011829501775,
            99.28525317574241,
            99.33638053119341,
            99.32723541823826,
            99.33116191587847
        ]
    },
    "train_kappa": {
        "type": "index_value",
        "index": [
            10,
            20,
            30,
            40,
            50,
            60,
            70,
            80,
            90,
            100
        ],
        "value": [
            98.61731906491688,
            98.30639068110656,
            98.60351641656555,
            98.62878389737688,
            98.46017773366769,
            98.52975245487714,
            98.50864671265496,
            98.58240927685678,
            98.52133196233508,
            98.53811326338155
        ]
    },
    "param": {
        "data": {
            "data_sign": "Salinas",
            "data_file": "Salinas_80",
            "dump": false,
            "diffusion_sign": false,
            "diffusion_data_sign_path_prefix": "/home/cn/codes/spectral_diff_temp/codes/save_feature/salinas_unet3d_patch16_without_downsample_kernal5_fix/save_feature",
            "diffusion_data_sign": "t5_2_full.pkl.npy",
            "patch_size": 13,
            "test_ratio": 0.95,
            "batch_size": 64,
            "num_classes": 16,
            "pca": 30,
            "dim_heads": 64,
            "spectral_size": 30
        },
        "net": {
            "trainer": "cross_trainer",
            "net_type": "just_pixel",
            "mlp_head_dim": 64,
            "depth": 2,
            "dim": 64,
            "heads": 20
        },
        "train": {
            "epochs": 100,
            "lr": 0.001,
            "weight_decay": 0,
            "temp": 20
        },
        "uniq_name": "salinas_cross_param_use.json_80_3"
    },