{
    "epoch_loss": {
        "type": "index_value",
        "index": [
            1,
            2,
            3,
            4,
            5,
            6,
            7,
            8,
            9,
            10,
            11,
            12,
            13,
            14,
            15,
            16,
            17,
            18,
            19,
            20,
            21,
            22,
            23,
            24,
            25,
            26,
            27,
            28,
            29,
            30,
            31,
            32,
            33,
            34,
            35,
            36,
            37,
            38,
            39,
            40,
            41,
            42,
            43,
            44,
            45,
            46,
            47,
            48,
            49,
            50,
            51,
            52,
            53,
            54,
            55,
            56,
            57,
            58,
            59,
            60,
            61,
            62,
            63,
            64,
            65,
            66,
            67,
            68,
            69,
            70,
            71,
            72,
            73,
            74,
            75,
            76,
            77,
            78,
            79,
            80,
            81,
            82,
            83,
            84,
            85,
            86,
            87,
            88,
            89,
            90,
            91,
            92,
            93,
            94,
            95,
            96,
            97,
            98,
            99,
            100
        ],
        "value": [
            2.3645700931549074,
            1.4772656917572022,
            1.189143967628479,
            0.9913568377494812,
            0.8236488461494446,
            0.6928638815879822,
            0.6081030368804932,
            0.49874688386917115,
            0.44056424498558044,
            0.40452595949172976,
            0.33496553301811216,
            0.32286891937255857,
            0.2724136412143707,
            0.23162406980991362,
            0.21186887323856354,
            0.1943236380815506,
            0.17896454632282258,
            0.17180562019348145,
            0.14354029595851897,
            0.13743404150009156,
            0.13565621972084047,
            0.11912306994199753,
            0.11223076432943344,
            0.10113292187452316,
            0.08206431865692139,
            0.08682806193828582,
            0.08362880796194076,
            0.0814170241355896,
            0.06865016222000123,
            0.08142524659633636,
            0.05777582600712776,
            0.08110559806227684,
            0.05094954669475556,
            0.05543154552578926,
            0.044943786412477496,
            0.03857549652457237,
            0.0413642592728138,
            0.037186545133590695,
            0.03617670089006424,
            0.03169204965233803,
            0.03177169412374496,
            0.03464498743414879,
            0.029393863677978516,
            0.025891047716140748,
            0.02526463456451893,
            0.02547107860445976,
            0.023492395132780074,
            0.023314737528562546,
            0.019766160845756532,
            0.02005026713013649,
            0.018997195363044738,
            0.021436409279704093,
            0.019617045298218727,
            0.019049938395619394,
            0.018060901388525962,
            0.015391971543431282,
            0.016206156834959982,
            0.015413857251405715,
            0.014197157323360443,
            0.014296841621398926,
            0.014848662167787552,
            0.013140223734080792,
            0.014485770463943481,
            0.013970962166786194,
            0.013034315034747123,
            0.012954523600637913,
            0.012523218430578709,
            0.0118625707924366,
            0.011902905628085136,
            0.011310922354459763,
            0.01137550976127386,
            0.010553283616900444,
            0.011129132099449634,
            0.010586611367762089,
            0.010145933739840985,
            0.009999045915901662,
            0.009517514705657959,
            0.0097988560795784,
            0.009139881283044816,
            0.009791542775928974,
            0.007979209907352925,
            0.008684557862579823,
            0.009268482774496078,
            0.008587141893804074,
            0.008695615828037262,
            0.008505528792738914,
            0.008117654360830784,
            0.008112051151692867,
            0.008087864704430103,
            0.007859404385089874,
            0.0070112690329551695,
            0.007116220612078905,
            0.006682340055704117,
            0.0073970681056380275,
            0.007413021754473448,
            0.006558855157345533,
            0.006830491963773966,
            0.006109976582229138,
            0.006751880701631308,
            0.006259516067802906
        ]
    },
    "train_oa": {
        "type": "index_value",
        "index": [
            10,
            20,
            30,
            40,
            50,
            60,
            70,
            80,
            90,
            100
        ],
        "value": [
            91.96761103596509,
            93.04971372454557,
            93.91502529229743,
            93.8057032741018,
            93.40547351257203,
            93.76308621616113,
            93.67970501584243,
            93.64264670458967,
            93.73343956715892,
            93.52961885526877
        ]
    },
    "train_aa": {
        "type": "index_value",
        "index": [
            10,
            20,
            30,
            40,
            50,
            60,
            70,
            80,
            90,
            100
        ],
        "value": [
            96.25866979033073,
            96.93434804717633,
            97.2948552333909,
            97.06026007359254,
            96.58102540251687,
            97.06581998637817,
            97.02959402883089,
            97.12576206452978,
            97.2206031042703,
            97.0550254581471
        ]
    },
    "train_kappa": {
        "type": "index_value",
        "index": [
            10,
            20,
            30,
            40,
            50,
            60,
            70,
            80,
            90,
            100
        ],
        "value": [
            91.10817672318277,
            92.29328750520109,
            93.24671042861598,
            93.12394185155783,
            92.68579359213388,
            93.07970407310651,
            92.98664062525967,
            92.94825535171807,
            93.04983693913285,
            92.82486165597298
        ]
    },
    "param": {
        "data": {
            "data_sign": "Salinas",
            "data_file": "Salinas_10",
            "dump": false,
            "diffusion_sign": false,
            "diffusion_data_sign_path_prefix": "/home/cn/codes/spectral_diff_temp/codes/save_feature/salinas_unet3d_patch16_without_downsample_kernal5_fix/save_feature",
            "diffusion_data_sign": "t5_2_full.pkl.npy",
            "patch_size": 13,
            "test_ratio": 0.95,
            "batch_size": 64,
            "num_classes": 16,
            "pca": 30,
            "dim_heads": 64,
            "spectral_size": 30
        },
        "net": {
            "trainer": "cross_trainer",
            "net_type": "just_pixel",
            "mlp_head_dim": 64,
            "depth": 2,
            "dim": 64,
            "heads": 20
        },
        "train": {
            "epochs": 100,
            "lr": 0.001,
            "weight_decay": 0,
            "temp": 20
        },
        "uniq_name": "salinas_cross_param_use.json_10_1"
    },