{
    "epoch_loss": {
        "type": "index_value",
        "index": [
            1,
            2,
            3,
            4,
            5,
            6,
            7,
            8,
            9,
            10,
            11,
            12,
            13,
            14,
            15,
            16,
            17,
            18,
            19,
            20,
            21,
            22,
            23,
            24,
            25,
            26,
            27,
            28,
            29,
            30,
            31,
            32,
            33,
            34,
            35,
            36,
            37,
            38,
            39,
            40,
            41,
            42,
            43,
            44,
            45,
            46,
            47,
            48,
            49,
            50,
            51,
            52,
            53,
            54,
            55,
            56,
            57,
            58,
            59,
            60,
            61,
            62,
            63,
            64,
            65,
            66,
            67,
            68,
            69,
            70,
            71,
            72,
            73,
            74,
            75,
            76,
            77,
            78,
            79,
            80,
            81,
            82,
            83,
            84,
            85,
            86,
            87,
            88,
            89,
            90,
            91,
            92,
            93,
            94,
            95,
            96,
            97,
            98,
            99,
            100
        ],
        "value": [
            2.2720110177993775,
            1.48394832611084,
            1.1917256832122802,
            1.0216524839401244,
            0.8485574960708618,
            0.7177099227905274,
            0.6076982021331787,
            0.5248531699180603,
            0.4637121558189392,
            0.4076183259487152,
            0.3412626087665558,
            0.2955679416656494,
            0.2681040406227112,
            0.26407693028450013,
            0.22457805871963502,
            0.2066187083721161,
            0.17596236169338225,
            0.15942597389221191,
            0.1506328910589218,
            0.12405654937028884,
            0.12742707133293152,
            0.14018760919570922,
            0.11257143914699555,
            0.11217675656080246,
            0.08188544809818268,
            0.07708608955144883,
            0.07839550524950027,
            0.06162741035223007,
            0.05782639309763908,
            0.061852742731571195,
            0.054948796331882474,
            0.04972510933876038,
            0.04702786132693291,
            0.04199752360582352,
            0.03948316276073456,
            0.03368696272373199,
            0.035786626487970354,
            0.034636464715003965,
            0.02857888713479042,
            0.02884073443710804,
            0.03177830949425697,
            0.03487467840313911,
            0.02592707723379135,
            0.02414341941475868,
            0.02804180234670639,
            0.027601957321166992,
            0.021003543213009835,
            0.022853084653615952,
            0.020825328305363655,
            0.018537231162190436,
            0.018372847139835356,
            0.016998040303587914,
            0.016126167401671408,
            0.01853162609040737,
            0.016052957624197006,
            0.015649494156241416,
            0.015224121138453483,
            0.01307284738868475,
            0.014644804410636425,
            0.014922025986015797,
            0.014600630104541778,
            0.011483033746480941,
            0.01250749509781599,
            0.012734700366854668,
            0.013522447273135185,
            0.012618917413055897,
            0.01077016033232212,
            0.013318612053990365,
            0.01101275347173214,
            0.01064812634140253,
            0.010776916891336441,
            0.009451076947152614,
            0.010138229094445705,
            0.00994626022875309,
            0.009904792346060277,
            0.011873511970043183,
            0.009229807369410991,
            0.0095151387155056,
            0.007818060740828515,
            0.00866146683692932,
            0.008267678320407867,
            0.008635007590055466,
            0.008159961923956871,
            0.0077819015830755235,
            0.008328410610556603,
            0.007932506129145622,
            0.008000062964856624,
            0.007993823010474443,
            0.008751971647143364,
            0.007068515196442604,
            0.007503600046038628,
            0.007864596135914326,
            0.007074332982301712,
            0.006655130069702864,
            0.006633654329925775,
            0.006855000928044319,
            0.006162543222308159,
            0.0060780013911426066,
            0.005547506269067526,
            0.006211970373988152
        ]
    },
    "train_oa": {
        "type": "index_value",
        "index": [
            10,
            20,
            30,
            40,
            50,
            60,
            70,
            80,
            90,
            100
        ],
        "value": [
            92.67357186533009,
            89.91828642368768,
            94.11514017306231,
            93.47403138838963,
            93.92428987011063,
            93.88352572773259,
            93.92243695454798,
            92.8106876169653,
            93.84832033204246,
            93.66858752246661
        ]
    },
    "train_aa": {
        "type": "index_value",
        "index": [
            10,
            20,
            30,
            40,
            50,
            60,
            70,
            80,
            90,
            100
        ],
        "value": [
            96.3858687860208,
            96.07661254841683,
            97.11131468863132,
            97.2692136584331,
            97.15978742944611,
            97.28764307139171,
            97.19433009567123,
            96.96785030231987,
            97.2381338584291,
            97.15665317550176
        ]
    },
    "train_kappa": {
        "type": "index_value",
        "index": [
            10,
            20,
            30,
            40,
            50,
            60,
            70,
            80,
            90,
            100
        ],
        "value": [
            91.8521656664115,
            88.86053754178836,
            93.46850844970555,
            92.7652141761682,
            93.26023488254219,
            93.21633476480517,
            93.25671834171703,
            92.03594952848907,
            93.17533383044562,
            92.97952750903362
        ]
    },
    "param": {
        "data": {
            "data_sign": "Salinas",
            "data_file": "Salinas_10",
            "dump": false,
            "diffusion_sign": false,
            "diffusion_data_sign_path_prefix": "/home/cn/codes/spectral_diff_temp/codes/save_feature/salinas_unet3d_patch16_without_downsample_kernal5_fix/save_feature",
            "diffusion_data_sign": "t5_2_full.pkl.npy",
            "patch_size": 13,
            "test_ratio": 0.95,
            "batch_size": 64,
            "num_classes": 16,
            "pca": 30,
            "dim_heads": 64,
            "spectral_size": 30
        },
        "net": {
            "trainer": "cross_trainer",
            "net_type": "just_pixel",
            "mlp_head_dim": 64,
            "depth": 2,
            "dim": 64,
            "heads": 20
        },
        "train": {
            "epochs": 100,
            "lr": 0.001,
            "weight_decay": 0,
            "temp": 20
        },
        "uniq_name": "salinas_cross_param_use.json_10_0"
    },