{
    "epoch_loss": {
        "type": "index_value",
        "index": [
            1,
            2,
            3,
            4,
            5,
            6,
            7,
            8,
            9,
            10,
            11,
            12,
            13,
            14,
            15,
            16,
            17,
            18,
            19,
            20,
            21,
            22,
            23,
            24,
            25,
            26,
            27,
            28,
            29,
            30,
            31,
            32,
            33,
            34,
            35,
            36,
            37,
            38,
            39,
            40,
            41,
            42,
            43,
            44,
            45,
            46,
            47,
            48,
            49,
            50,
            51,
            52,
            53,
            54,
            55,
            56,
            57,
            58,
            59,
            60,
            61,
            62,
            63,
            64,
            65,
            66,
            67,
            68,
            69,
            70,
            71,
            72,
            73,
            74,
            75,
            76,
            77,
            78,
            79,
            80,
            81,
            82,
            83,
            84,
            85,
            86,
            87,
            88,
            89,
            90,
            91,
            92,
            93,
            94,
            95,
            96,
            97,
            98,
            99,
            100
        ],
        "value": [
            1.7547925949096679,
            0.8748216211795807,
            0.5142952531576157,
            0.3301605850458145,
            0.23827005326747894,
            0.1716456726193428,
            0.15002173110842704,
            0.112877307087183,
            0.0911795873194933,
            0.07669428959488869,
            0.07203122787177563,
            0.05449896715581417,
            0.047814681008458135,
            0.03589522205293179,
            0.030537576973438264,
            0.02418432794511318,
            0.02047070227563381,
            0.02259097173810005,
            0.018326148856431246,
            0.014670128468424082,
            0.01508700056001544,
            0.014287195447832347,
            0.024464806728065013,
            0.02720806086435914,
            0.05673283329233527,
            0.01905179275199771,
            0.014217145834118127,
            0.010084996232762933,
            0.009399568755179643,
            0.007736050756648183,
            0.006954649742692709,
            0.006385557958856225,
            0.0058146130759269,
            0.0058117306791245936,
            0.00542390295304358,
            0.004976562317460775,
            0.0045953540364280345,
            0.004954387899488211,
            0.00433890400454402,
            0.004391669644974172,
            0.004024383029900491,
            0.0042912766803056,
            0.00395982819609344,
            0.0035735480953007935,
            0.003347407630644739,
            0.0033822889672592282,
            0.0031368300085887315,
            0.0030396772315725686,
            0.0029373449739068746,
            0.002795687410980463,
            0.0027022799709811806,
            0.00267945749219507,
            0.0025637576123699545,
            0.0027609217446297406,
            0.0025904115522280336,
            0.0025454145623371007,
            0.0022474866942502557,
            0.0023221409763209524,
            0.002215785812586546,
            0.002130823105107993,
            0.0019322313601151109,
            0.001972723612561822,
            0.0020883890218101444,
            0.0019469822174869478,
            0.001857066061347723,
            0.0017139837495051325,
            0.0017725912388414145,
            0.0016789727844297886,
            0.001759047608356923,
            0.0015040930593386292,
            0.0018646614975295962,
            0.0015299745020456613,
            0.00144938831217587,
            0.001617290172725916,
            0.001428164739627391,
            0.001419795711990446,
            0.0015966214006766677,
            0.0014358069514855743,
            0.0012737101991660894,
            0.001402921590488404,
            0.0011779352556914092,
            0.0012467492138966917,
            0.0012142192223109304,
            0.0011638210038654507,
            0.001113678643014282,
            0.001043524354463443,
            0.0012417228193953634,
            0.001171631459146738,
            0.0010486351267900318,
            0.0011471486126538367,
            0.0011445546173490585,
            0.001131004304625094,
            0.0010021915077231824,
            0.0010293444385752082,
            0.0009491580072790385,
            0.0009117345267441124,
            0.0009898758202325554,
            0.0008867900178302079,
            0.0009123350318986923,
            0.001010637974832207
        ]
    },
    "train_oa": {
        "type": "index_value",
        "index": [
            10,
            20,
            30,
            40,
            50,
            60,
            70,
            80,
            90,
            100
        ],
        "value": [
            92.1404400904859,
            97.46302978182429,
            97.8369384359401,
            97.75280898876404,
            97.9079810802221,
            97.86498158499879,
            97.94911103217484,
            97.93602422928078,
            97.87432930135168,
            97.94350240236311
        ]
    },
    "train_aa": {
        "type": "index_value",
        "index": [
            10,
            20,
            30,
            40,
            50,
            60,
            70,
            80,
            90,
            100
        ],
        "value": [
            97.5427356192554,
            99.1289618895975,
            99.23264364228596,
            99.19792468267497,
            99.21200337177672,
            99.19455588641786,
            99.22184991903613,
            99.21856792254522,
            99.19294737916613,
            99.15502442639178
        ]
    },
    "train_kappa": {
        "type": "index_value",
        "index": [
            10,
            20,
            30,
            40,
            50,
            60,
            70,
            80,
            90,
            100
        ],
        "value": [
            91.29598832638989,
            97.17699763130136,
            97.59219147652412,
            97.49896475712217,
            97.67073048130548,
            97.62274548808946,
            97.71630250621322,
            97.70185524111281,
            97.63315428573028,
            97.70893206395499
        ]
    },
    "param": {
        "data": {
            "data_sign": "Salinas",
            "data_file": "Salinas_40",
            "dump": false,
            "diffusion_sign": false,
            "diffusion_data_sign_path_prefix": "/home/cn/codes/spectral_diff_temp/codes/save_feature/salinas_unet3d_patch16_without_downsample_kernal5_fix/save_feature",
            "diffusion_data_sign": "t5_2_full.pkl.npy",
            "patch_size": 13,
            "test_ratio": 0.95,
            "batch_size": 64,
            "num_classes": 16,
            "pca": 30,
            "dim_heads": 64,
            "spectral_size": 30
        },
        "net": {
            "trainer": "cross_trainer",
            "net_type": "just_pixel",
            "mlp_head_dim": 64,
            "depth": 2,
            "dim": 64,
            "heads": 20
        },
        "train": {
            "epochs": 100,
            "lr": 0.001,
            "weight_decay": 0,
            "temp": 20
        },
        "uniq_name": "salinas_cross_param_use.json_40_2"
    },