{
    "epoch_loss": {
        "type": "index_value",
        "index": [
            1,
            2,
            3,
            4,
            5,
            6,
            7,
            8,
            9,
            10,
            11,
            12,
            13,
            14,
            15,
            16,
            17,
            18,
            19,
            20,
            21,
            22,
            23,
            24,
            25,
            26,
            27,
            28,
            29,
            30,
            31,
            32,
            33,
            34,
            35,
            36,
            37,
            38,
            39,
            40,
            41,
            42,
            43,
            44,
            45,
            46,
            47,
            48,
            49,
            50,
            51,
            52,
            53,
            54,
            55,
            56,
            57,
            58,
            59,
            60,
            61,
            62,
            63,
            64,
            65,
            66,
            67,
            68,
            69,
            70,
            71,
            72,
            73,
            74,
            75,
            76,
            77,
            78,
            79,
            80,
            81,
            82,
            83,
            84,
            85,
            86,
            87,
            88,
            89,
            90,
            91,
            92,
            93,
            94,
            95,
            96,
            97,
            98,
            99,
            100
        ],
        "value": [
            1.5398220658302306,
            0.7763980329036713,
            0.4794061481952667,
            0.30783896148204803,
            0.21289997398853303,
            0.1700398489832878,
            0.12758480608463288,
            0.11396895200014115,
            0.10372426584362984,
            0.09881996549665928,
            0.08157753199338913,
            0.059576776996254924,
            0.05537193715572357,
            0.03884021360427141,
            0.039264227449893954,
            0.040534717962145805,
            0.030744753777980804,
            0.019312714878469705,
            0.019034996908158065,
            0.01606685444712639,
            0.013816042523831128,
            0.012433444242924451,
            0.011077753733843565,
            0.009964567702263593,
            0.01023680791258812,
            0.008487462112680078,
            0.008188409497961402,
            0.007727084215730429,
            0.007181498222053051,
            0.006698720529675484,
            0.005987885687500238,
            0.005897589726373553,
            0.0057713321410119535,
            0.005511224921792746,
            0.004919629264622927,
            0.0046118282247334715,
            0.004281715420074761,
            0.004636088362894952,
            0.004722922248765827,
            0.00400552034843713,
            0.0037096379557624458,
            0.0039068101672455665,
            0.0033782585058361294,
            0.0034981919219717384,
            0.0032583290711045267,
            0.0032169223530218007,
            0.0030509393895044924,
            0.0029227324295789,
            0.002865478815510869,
            0.0032180875306949018,
            0.003233268577605486,
            0.0026394043816253543,
            0.002604805026203394,
            0.002273619524203241,
            0.002571954298764467,
            0.0026951428386382758,
            0.0023527690675109623,
            0.0021192555548623206,
            0.0020683098584413527,
            0.001951881416607648,
            0.0020203132648020984,
            0.00196969109820202,
            0.0018084565876051784,
            0.0017491287901066244,
            0.0017507428070530295,
            0.0016643493552692234,
            0.0022000302444212137,
            0.0019434079295024276,
            0.001739550183992833,
            0.001557187968865037,
            0.0014175544492900372,
            0.0016357990680262446,
            0.0014745323918759824,
            0.0014586792327463626,
            0.001433776074554771,
            0.0014329348457977175,
            0.0012767093372531234,
            0.0033716400386765598,
            0.013801978284027428,
            0.026660907780751586,
            0.052609242126345636,
            0.0501169441267848,
            0.03252932308241725,
            0.024508814234286545,
            0.009477539919316769,
            0.004678710899315775,
            0.003694467758759856,
            0.0031067377887666224,
            0.0026641585398465397,
            0.0027880136971361936,
            0.002820322883781046,
            0.003171892580576241,
            0.018646761809941383,
            0.0451977645047009,
            0.020515100937336682,
            0.009933255705982446,
            0.013043190306052565,
            0.03742684544995427,
            0.03541474994271994,
            0.018663242226466537
        ]
    },
    "train_oa": {
        "type": "index_value",
        "index": [
            10,
            20,
            30,
            40,
            50,
            60,
            70,
            80,
            90,
            100
        ],
        "value": [
            97.25551047879003,
            98.08745723419769,
            97.85189478210474,
            97.59763689730599,
            97.73411355605826,
            97.65746228196451,
            97.59202826749424,
            97.50789882031819,
            97.67989680121147,
            97.67428817139972
        ]
    },
    "train_aa": {
        "type": "index_value",
        "index": [
            10,
            20,
            30,
            40,
            50,
            60,
            70,
            80,
            90,
            100
        ],
        "value": [
            99.05063687024361,
            99.36412497666551,
            99.26403200881211,
            99.19576369538179,
            99.24253819694988,
            99.22347485207348,
            99.19100536211252,
            98.95121016379673,
            98.42176606163918,
            98.98149048315103
        ]
    },
    "train_kappa": {
        "type": "index_value",
        "index": [
            10,
            20,
            30,
            40,
            50,
            60,
            70,
            80,
            90,
            100
        ],
        "value": [
            96.94693855802038,
            97.87125563199372,
            97.60907278878331,
            97.32693821459432,
            97.4783634166707,
            97.39339684498225,
            97.32066987789266,
            97.2254883347328,
            97.41597934269551,
            97.40962064635498
        ]
    },
    "param": {
        "data": {
            "data_sign": "Salinas",
            "data_file": "Salinas_40",
            "dump": false,
            "diffusion_sign": false,
            "diffusion_data_sign_path_prefix": "/home/cn/codes/spectral_diff_temp/codes/save_feature/salinas_unet3d_patch16_without_downsample_kernal5_fix/save_feature",
            "diffusion_data_sign": "t5_2_full.pkl.npy",
            "patch_size": 13,
            "test_ratio": 0.95,
            "batch_size": 64,
            "num_classes": 16,
            "pca": 30,
            "dim_heads": 64,
            "spectral_size": 30
        },
        "net": {
            "trainer": "cross_trainer",
            "net_type": "just_pixel",
            "mlp_head_dim": 64,
            "depth": 2,
            "dim": 64,
            "heads": 20
        },
        "train": {
            "epochs": 100,
            "lr": 0.001,
            "weight_decay": 0,
            "temp": 20
        },
        "uniq_name": "salinas_cross_param_use.json_40_0"
    },