{
    "epoch_loss": {
        "type": "index_value",
        "index": [
            1,
            2,
            3,
            4,
            5,
            6,
            7,
            8,
            9,
            10,
            11,
            12,
            13,
            14,
            15,
            16,
            17,
            18,
            19,
            20,
            21,
            22,
            23,
            24,
            25,
            26,
            27,
            28,
            29,
            30,
            31,
            32,
            33,
            34,
            35,
            36,
            37,
            38,
            39,
            40,
            41,
            42,
            43,
            44,
            45,
            46,
            47,
            48,
            49,
            50,
            51,
            52,
            53,
            54,
            55,
            56,
            57,
            58,
            59,
            60,
            61,
            62,
            63,
            64,
            65,
            66,
            67,
            68,
            69,
            70,
            71,
            72,
            73,
            74,
            75,
            76,
            77,
            78,
            79,
            80,
            81,
            82,
            83,
            84,
            85,
            86,
            87,
            88,
            89,
            90,
            91,
            92,
            93,
            94,
            95,
            96,
            97,
            98,
            99,
            100
        ],
        "value": [
            1.7537778536478679,
            0.9649028301239013,
            0.6207231839497884,
            0.430533230304718,
            0.3130578358968099,
            0.23716599941253663,
            0.1763673886656761,
            0.14902065247297286,
            0.12020667592684428,
            0.10363515963157018,
            0.08458288659652075,
            0.07941644142071407,
            0.05724665373563766,
            0.054932714253664014,
            0.06602121343215307,
            0.06219095761577288,
            0.0632171906530857,
            0.0447953425347805,
            0.038845035682121914,
            0.024838150292634965,
            0.021254097297787666,
            0.017972538868586223,
            0.015863279377420745,
            0.01591029390692711,
            0.013291027024388313,
            0.012788988401492436,
            0.011197331796089808,
            0.011186474499603112,
            0.010543856024742126,
            0.010024445255597432,
            0.00909402755399545,
            0.009263405265907446,
            0.009934907034039497,
            0.007929442139963308,
            0.007378189514080684,
            0.00787821610768636,
            0.00634424618134896,
            0.006635492543379465,
            0.005898474839826425,
            0.006227504027386506,
            0.0052500647182265915,
            0.005698552976051967,
            0.005636440496891737,
            0.005021619237959385,
            0.004737604719897111,
            0.0047219110963245235,
            0.004446365311741829,
            0.0040475110523402694,
            0.0046918080498774845,
            0.004189219108472268,
            0.003598901815712452,
            0.004349322461833557,
            0.0036828340962529182,
            0.0035830335691571236,
            0.0037120118426779906,
            0.0036409591014186543,
            0.003405703433478872,
            0.003413304127752781,
            0.0032597409561276438,
            0.0030344283518691857,
            0.003074671390155951,
            0.002788617229089141,
            0.0028622879336277643,
            0.002847529792537292,
            0.002529980397472779,
            0.002920495501408974,
            0.0027270642885317406,
            0.0023602268969019255,
            0.002321733860298991,
            0.0024191023005793494,
            0.002456416158626477,
            0.0021226174042870602,
            0.002094434496636192,
            0.0022210932647188505,
            0.002166422829031944,
            0.002177598901713888,
            0.0020393907635783155,
            0.0018875347139934698,
            0.0019683460084100562,
            0.0018459192787607511,
            0.0017794225675364336,
            0.0018442829294751087,
            0.001855279505252838,
            0.0016614941026394565,
            0.0016566865301380555,
            0.001567205957447489,
            0.0018470860552042723,
            0.001595855465469261,
            0.0015235353959724307,
            0.0015664444305002688,
            0.00157438515064617,
            0.00144719819072634,
            0.0013842649525031448,
            0.001523884447912375,
            0.0014946044500296315,
            0.0013540182107438644,
            0.0012311382995297512,
            0.001407240005210042,
            0.0013441187950472037,
            0.0011750477831810712
        ]
    },
    "train_oa": {
        "type": "index_value",
        "index": [
            10,
            20,
            30,
            40,
            50,
            60,
            70,
            80,
            90,
            100
        ],
        "value": [
            94.05207925590412,
            95.13318048798672,
            95.9029991239352,
            95.97382989431303,
            95.97569386195455,
            96.09312382337043,
            95.26365822289326,
            96.02602098827563,
            95.81352867714217,
            95.82098454770825
        ]
    },
    "train_aa": {
        "type": "index_value",
        "index": [
            10,
            20,
            30,
            40,
            50,
            60,
            70,
            80,
            90,
            100
        ],
        "value": [
            97.2814449757505,
            98.21962399857387,
            98.4128595001032,
            98.40986071744784,
            98.3914813753461,
            98.38177002228554,
            98.16190185966146,
            98.3485547242605,
            98.29303834851773,
            98.30700756788843
        ]
    },
    "train_kappa": {
        "type": "index_value",
        "index": [
            10,
            20,
            30,
            40,
            50,
            60,
            70,
            80,
            90,
            100
        ],
        "value": [
            93.36584150827491,
            94.59669155767882,
            95.44680442317714,
            95.52520864190484,
            95.52727712661944,
            95.65684528078152,
            94.7396428901374,
            95.5826609539084,
            95.34760652490978,
            95.35591632978011
        ]
    },
    "param": {
        "data": {
            "data_sign": "Salinas",
            "data_file": "Salinas_30",
            "dump": false,
            "diffusion_sign": false,
            "diffusion_data_sign_path_prefix": "/home/cn/codes/spectral_diff_temp/codes/save_feature/salinas_unet3d_patch16_without_downsample_kernal5_fix/save_feature",
            "diffusion_data_sign": "t5_2_full.pkl.npy",
            "patch_size": 13,
            "test_ratio": 0.95,
            "batch_size": 64,
            "num_classes": 16,
            "pca": 30,
            "dim_heads": 64,
            "spectral_size": 30
        },
        "net": {
            "trainer": "cross_trainer",
            "net_type": "just_pixel",
            "mlp_head_dim": 64,
            "depth": 2,
            "dim": 64,
            "heads": 20
        },
        "train": {
            "epochs": 100,
            "lr": 0.001,
            "weight_decay": 0,
            "temp": 20
        },
        "uniq_name": "salinas_cross_param_use.json_30_4"
    },