{
    "epoch_loss": {
        "type": "index_value",
        "index": [
            1,
            2,
            3,
            4,
            5,
            6,
            7,
            8,
            9,
            10,
            11,
            12,
            13,
            14,
            15,
            16,
            17,
            18,
            19,
            20,
            21,
            22,
            23,
            24,
            25,
            26,
            27,
            28,
            29,
            30,
            31,
            32,
            33,
            34,
            35,
            36,
            37,
            38,
            39,
            40,
            41,
            42,
            43,
            44,
            45,
            46,
            47,
            48,
            49,
            50,
            51,
            52,
            53,
            54,
            55,
            56,
            57,
            58,
            59,
            60,
            61,
            62,
            63,
            64,
            65,
            66,
            67,
            68,
            69,
            70,
            71,
            72,
            73,
            74,
            75,
            76,
            77,
            78,
            79,
            80,
            81,
            82,
            83,
            84,
            85,
            86,
            87,
            88,
            89,
            90,
            91,
            92,
            93,
            94,
            95,
            96,
            97,
            98,
            99,
            100
        ],
        "value": [
            1.2243100949696133,
            0.4722254386969975,
            0.26696898170879907,
            0.16598623522690364,
            0.1127097710967064,
            0.08484714499541691,
            0.08538388035127095,
            0.06279648201806205,
            0.05374414793082646,
            0.05364566844488893,
            0.028977132588624954,
            0.01977092410836901,
            0.01675979628094605,
            0.012716897151299885,
            0.008971655182540417,
            0.0075438829138875,
            0.006900971702166966,
            0.006513185054063797,
            0.00569997246244124,
            0.005058434432638543,
            0.005101790917771203,
            0.004651917330920696,
            0.004147177202893155,
            0.0039133538891162195,
            0.003792884001242263,
            0.003212269874555724,
            0.0030815926912639824,
            0.0028464622995150943,
            0.002518699358084372,
            0.002443638557036008,
            0.002603396886427488,
            0.0024650901622538055,
            0.0021746919224304813,
            0.0022587721568665333,
            0.0019212758767285518,
            0.0019699165098635216,
            0.0019541317264416386,
            0.0018651377210127456,
            0.0016608895268291235,
            0.0016594340426049061,
            0.0014201183703594974,
            0.0014565308046128069,
            0.0012603271885641984,
            0.0013611547449337584,
            0.0012367347787533487,
            0.0013675796366961939,
            0.0012852011647607599,
            0.0011734112132606761,
            0.00104228490630963,
            0.0010077246697619557,
            0.0010402474951531205,
            0.0010761012356462223,
            0.0009852150455117227,
            0.0010034200136682817,
            0.0008827657605122243,
            0.0008698830114943641,
            0.0008950337202155164,
            0.0008105500235355326,
            0.0009442389061275337,
            0.0007602579492543425,
            0.000762549410241523,
            0.0007560179269473468,
            0.0007250812769468342,
            0.0007393153517373971,
            0.0007220894065020339,
            0.000667477778292128,
            0.0005948234149920089,
            0.0006358683009498885,
            0.0005796392864015486,
            0.0005868341357979391,
            0.0006220296008645423,
            0.0005796465839791511,
            0.0005518419235678656,
            0.0005298148774142776,
            0.0004965540021657944,
            0.0005006318695710174,
            0.0005234900429578765,
            0.0004893922621184694,
            0.0004645466322212347,
            0.0004286854586098343,
            0.00046866677002981304,
            0.0004708499730830746,
            0.0004152737807349435,
            0.0004020429923132594,
            0.0004044919308008892,
            0.0003908815477708621,
            0.0003768085568611111,
            0.00037815806489171724,
            0.00040683159355207215,
            0.00035714552588095625,
            0.0003920741628722421,
            0.0003447871572071952,
            0.0003356248331588826,
            0.0003267700201831758,
            0.0003330064837687782,
            0.0003156865240141217,
            0.0003285812297170716,
            0.00032279485104871647,
            0.0002981979574542493,
            0.0002995693640384291
        ]
    },
    "train_oa": {
        "type": "index_value",
        "index": [
            10,
            20,
            30,
            40,
            50,
            60,
            70,
            80,
            90,
            100
        ],
        "value": [
            98.94357561923447,
            99.2190005470769,
            99.28502707087475,
            99.28502707087475,
            99.30389179195986,
            99.29068648720029,
            99.28691354298327,
            99.23975174027052,
            99.27182176611518,
            99.2755947103322
        ]
    },
    "train_aa": {
        "type": "index_value",
        "index": [
            10,
            20,
            30,
            40,
            50,
            60,
            70,
            80,
            90,
            100
        ],
        "value": [
            98.96994884258446,
            99.65712715545936,
            99.66140703721126,
            99.67572572918849,
            99.67616821076855,
            99.66450568101362,
            99.67462145026434,
            99.6556647223404,
            99.65014599383635,
            99.65047144729363
        ]
    },
    "train_kappa": {
        "type": "index_value",
        "index": [
            10,
            20,
            30,
            40,
            50,
            60,
            70,
            80,
            90,
            100
        ],
        "value": [
            98.82125667567637,
            99.12868025072915,
            99.20222472631615,
            99.20228370710264,
            99.22328127873186,
            99.2085227254984,
            99.20437198215278,
            99.15186236452584,
            99.18751379605729,
            99.19169444722091
        ]
    },
    "param": {
        "data": {
            "data_sign": "Salinas",
            "data_file": "Salinas_70",
            "dump": false,
            "diffusion_sign": false,
            "diffusion_data_sign_path_prefix": "/home/cn/codes/spectral_diff_temp/codes/save_feature/salinas_unet3d_patch16_without_downsample_kernal5_fix/save_feature",
            "diffusion_data_sign": "t5_2_full.pkl.npy",
            "patch_size": 13,
            "test_ratio": 0.95,
            "batch_size": 64,
            "num_classes": 16,
            "pca": 30,
            "dim_heads": 64,
            "spectral_size": 30
        },
        "net": {
            "trainer": "cross_trainer",
            "net_type": "just_pixel",
            "mlp_head_dim": 64,
            "depth": 2,
            "dim": 64,
            "heads": 20
        },
        "train": {
            "epochs": 100,
            "lr": 0.001,
            "weight_decay": 0,
            "temp": 20
        },
        "uniq_name": "salinas_cross_param_use.json_70_2"
    },