{
    "epoch_loss": {
        "type": "index_value",
        "index": [
            1,
            2,
            3,
            4,
            5,
            6,
            7,
            8,
            9,
            10,
            11,
            12,
            13,
            14,
            15,
            16,
            17,
            18,
            19,
            20,
            21,
            22,
            23,
            24,
            25,
            26,
            27,
            28,
            29,
            30,
            31,
            32,
            33,
            34,
            35,
            36,
            37,
            38,
            39,
            40,
            41,
            42,
            43,
            44,
            45,
            46,
            47,
            48,
            49,
            50,
            51,
            52,
            53,
            54,
            55,
            56,
            57,
            58,
            59,
            60,
            61,
            62,
            63,
            64,
            65,
            66,
            67,
            68,
            69,
            70,
            71,
            72,
            73,
            74,
            75,
            76,
            77,
            78,
            79,
            80,
            81,
            82,
            83,
            84,
            85,
            86,
            87,
            88,
            89,
            90,
            91,
            92,
            93,
            94,
            95,
            96,
            97,
            98,
            99,
            100
        ],
        "value": [
            1.9597674369812013,
            1.181261169910431,
            0.8861427068710327,
            0.6796541810035706,
            0.5440447568893433,
            0.4302372932434082,
            0.3595138072967529,
            0.29411111772060394,
            0.23585498034954072,
            0.20382334887981415,
            0.17319962978363038,
            0.14903695583343507,
            0.1311062306165695,
            0.11122193187475204,
            0.0964629203081131,
            0.08938135877251625,
            0.07098801657557488,
            0.06295635849237442,
            0.05244202986359596,
            0.04446224793791771,
            0.04464387893676758,
            0.040889882296323773,
            0.047150209173560144,
            0.04473164528608322,
            0.042064246535301206,
            0.038348115235567096,
            0.03629393763840198,
            0.029831992462277412,
            0.02403651922941208,
            0.02077764756977558,
            0.021311982721090316,
            0.01655024867504835,
            0.018518700450658798,
            0.015113525837659837,
            0.015211130306124688,
            0.0133694376796484,
            0.013473752699792386,
            0.013456247560679913,
            0.01338937133550644,
            0.012346937134861947,
            0.012402532808482646,
            0.011076996475458145,
            0.00996913742274046,
            0.011414613015949726,
            0.010596661269664765,
            0.0101978100836277,
            0.009444697760045528,
            0.008463348634541035,
            0.008853713050484657,
            0.008204919006675481,
            0.007821022160351276,
            0.0082375206053257,
            0.008158061094582081,
            0.007045220676809549,
            0.008156112860888243,
            0.006952291168272495,
            0.006934798881411552,
            0.006553544383496046,
            0.006616242695599794,
            0.006248519942164421,
            0.005732969101518393,
            0.00626582819968462,
            0.006131290085613727,
            0.005843833554536104,
            0.00535782752558589,
            0.0052686789073050026,
            0.00487584164366126,
            0.005203373637050391,
            0.004558876436203718,
            0.004821750055998564,
            0.00484761456027627,
            0.004271347401663661,
            0.00468972222879529,
            0.004110917402431369,
            0.004253114806488156,
            0.004040572326630354,
            0.0045340741518884895,
            0.004530588816851378,
            0.0039117927197366955,
            0.004135649651288986,
            0.0035947067197412254,
            0.003320225514471531,
            0.0036858287639915943,
            0.0036193565931171177,
            0.0031425556167960166,
            0.003386750491335988,
            0.003087278362363577,
            0.003525023302063346,
            0.003536063292995095,
            0.0030897279269993306,
            0.0030729807913303375,
            0.0029656317550688983,
            0.002938841423019767,
            0.0030881302896887063,
            0.0027790053747594355,
            0.0026156691368669272,
            0.002666263049468398,
            0.002643402200192213,
            0.002564301062375307,
            0.0028657385148108004
        ]
    },
    "train_oa": {
        "type": "index_value",
        "index": [
            10,
            20,
            30,
            40,
            50,
            60,
            70,
            80,
            90,
            100
        ],
        "value": [
            93.4732108011671,
            95.36880447508781,
            94.82428590012823,
            95.45429203293129,
            95.39668085264546,
            95.43384935605567,
            95.50075266219406,
            95.46172573361333,
            95.36322919957628,
            95.34650337304168
        ]
    },
    "train_aa": {
        "type": "index_value",
        "index": [
            10,
            20,
            30,
            40,
            50,
            60,
            70,
            80,
            90,
            100
        ],
        "value": [
            97.43457498747715,
            97.99091643972473,
            97.74076862124028,
            97.86505865957595,
            97.82098470764373,
            97.83246808773873,
            97.808486597782,
            97.7776631399805,
            97.72097259900592,
            97.73658736976502
        ]
    },
    "train_kappa": {
        "type": "index_value",
        "index": [
            10,
            20,
            30,
            40,
            50,
            60,
            70,
            80,
            90,
            100
        ],
        "value": [
            92.74603258671486,
            94.84840533216,
            94.24151153400649,
            94.93840613570877,
            94.87465737181039,
            94.91599857160973,
            94.98980075369069,
            94.9465102591711,
            94.83758180015563,
            94.81924340465866
        ]
    },
    "param": {
        "data": {
            "data_sign": "Salinas",
            "data_file": "Salinas_20",
            "dump": false,
            "diffusion_sign": false,
            "diffusion_data_sign_path_prefix": "/home/cn/codes/spectral_diff_temp/codes/save_feature/salinas_unet3d_patch16_without_downsample_kernal5_fix/save_feature",
            "diffusion_data_sign": "t5_2_full.pkl.npy",
            "patch_size": 13,
            "test_ratio": 0.95,
            "batch_size": 64,
            "num_classes": 16,
            "pca": 30,
            "dim_heads": 64,
            "spectral_size": 30
        },
        "net": {
            "trainer": "cross_trainer",
            "net_type": "just_pixel",
            "mlp_head_dim": 64,
            "depth": 2,
            "dim": 64,
            "heads": 20
        },
        "train": {
            "epochs": 100,
            "lr": 0.001,
            "weight_decay": 0,
            "temp": 20
        },
        "uniq_name": "salinas_cross_param_use.json_20_4"
    },