{
    "epoch_loss": {
        "type": "index_value",
        "index": [
            1,
            2,
            3,
            4,
            5,
            6,
            7,
            8,
            9,
            10,
            11,
            12,
            13,
            14,
            15,
            16,
            17,
            18,
            19,
            20,
            21,
            22,
            23,
            24,
            25,
            26,
            27,
            28,
            29,
            30,
            31,
            32,
            33,
            34,
            35,
            36,
            37,
            38,
            39,
            40,
            41,
            42,
            43,
            44,
            45,
            46,
            47,
            48,
            49,
            50,
            51,
            52,
            53,
            54,
            55,
            56,
            57,
            58,
            59,
            60,
            61,
            62,
            63,
            64,
            65,
            66,
            67,
            68,
            69,
            70,
            71,
            72,
            73,
            74,
            75,
            76,
            77,
            78,
            79,
            80,
            81,
            82,
            83,
            84,
            85,
            86,
            87,
            88,
            89,
            90,
            91,
            92,
            93,
            94,
            95,
            96,
            97,
            98,
            99,
            100
        ],
        "value": [
            2.435966396331787,
            1.443829607963562,
            1.1654596090316773,
            0.9700495719909668,
            0.8072697758674622,
            0.6790831327438355,
            0.5790623784065246,
            0.4794034004211426,
            0.4469782650470734,
            0.3745252013206482,
            0.3359833061695099,
            0.29037606716156006,
            0.2552568256855011,
            0.23342036306858063,
            0.2024570435285568,
            0.17882093787193298,
            0.17941806316375733,
            0.16516979932785034,
            0.14316757023334503,
            0.13723368644714357,
            0.12695228755474092,
            0.1268019586801529,
            0.11357674598693848,
            0.11093986928462982,
            0.07954205125570298,
            0.09346145540475845,
            0.07754499167203903,
            0.07287562936544419,
            0.06412353366613388,
            0.05561183094978332,
            0.05948988795280456,
            0.04714694768190384,
            0.045801622420549394,
            0.04469832181930542,
            0.03658248707652092,
            0.039022068679332736,
            0.03659832626581192,
            0.030121594667434692,
            0.03301540352404118,
            0.02911454439163208,
            0.02756190374493599,
            0.028424641117453575,
            0.026992127299308777,
            0.023780961334705353,
            0.02267562448978424,
            0.024278193712234497,
            0.020579755306243896,
            0.0197929784655571,
            0.02077976390719414,
            0.019518804922699928,
            0.017204336076974868,
            0.015995227545499802,
            0.016851723566651343,
            0.017003505676984786,
            0.016333584487438203,
            0.01468074768781662,
            0.01617601066827774,
            0.015563802048563957,
            0.015255266427993774,
            0.01643482521176338,
            0.01450558342039585,
            0.013416391238570214,
            0.015845974162220954,
            0.013447127118706704,
            0.012643650360405444,
            0.018585235998034477,
            0.012809006310999394,
            0.04539361223578453,
            0.01298309937119484,
            0.01634453497827053,
            0.026689278334379195,
            0.013582776859402656,
            0.013692156225442887,
            0.017198003455996515,
            0.015534108877182007,
            0.014742878079414368,
            0.014014944434165955,
            0.013831693865358829,
            0.010437325201928615,
            0.011078760772943497,
            0.010609432682394981,
            0.009988202527165414,
            0.00871478784829378,
            0.009315449371933937,
            0.008791727200150489,
            0.008029833249747754,
            0.007747282832860946,
            0.008872264809906483,
            0.007955676689743996,
            0.007193452678620815,
            0.007275964133441448,
            0.006596728228032589,
            0.00596375884488225,
            0.0067015839740633965,
            0.006239064037799835,
            0.0074121089652180675,
            0.005950173456221819,
            0.006423297617584467,
            0.006838107295334339,
            0.0059115996584296225
        ]
    },
    "train_oa": {
        "type": "index_value",
        "index": [
            10,
            20,
            30,
            40,
            50,
            60,
            70,
            80,
            90,
            100
        ],
        "value": [
            92.90333339509719,
            94.44125331208657,
            94.50795827234153,
            93.39806185032148,
            94.58948655709759,
            94.71363189979432,
            94.40975374752173,
            94.53945783690637,
            94.19110971113047,
            94.39307750745799
        ]
    },
    "train_aa": {
        "type": "index_value",
        "index": [
            10,
            20,
            30,
            40,
            50,
            60,
            70,
            80,
            90,
            100
        ],
        "value": [
            96.32302019516327,
            97.2298923469007,
            96.8263268550677,
            96.97341323188263,
            97.51874780979425,
            97.55113150139908,
            96.13097829606633,
            96.77053081621887,
            97.10107410869368,
            97.22281022600193
        ]
    },
    "train_kappa": {
        "type": "index_value",
        "index": [
            10,
            20,
            30,
            40,
            50,
            60,
            70,
            80,
            90,
            100
        ],
        "value": [
            92.09148095005321,
            93.81507258174696,
            93.90386554613036,
            92.68380749840752,
            93.99631777208509,
            94.13264387761626,
            93.79268905831005,
            93.93259787438627,
            93.55552908207852,
            93.7776044177644
        ]
    },
    "param": {
        "data": {
            "data_sign": "Salinas",
            "data_file": "Salinas_10",
            "dump": false,
            "diffusion_sign": false,
            "diffusion_data_sign_path_prefix": "/home/cn/codes/spectral_diff_temp/codes/save_feature/salinas_unet3d_patch16_without_downsample_kernal5_fix/save_feature",
            "diffusion_data_sign": "t5_2_full.pkl.npy",
            "patch_size": 13,
            "test_ratio": 0.95,
            "batch_size": 64,
            "num_classes": 16,
            "pca": 30,
            "dim_heads": 64,
            "spectral_size": 30
        },
        "net": {
            "trainer": "cross_trainer",
            "net_type": "just_pixel",
            "mlp_head_dim": 64,
            "depth": 2,
            "dim": 64,
            "heads": 20
        },
        "train": {
            "epochs": 100,
            "lr": 0.001,
            "weight_decay": 0,
            "temp": 20
        },
        "uniq_name": "salinas_cross_param_use.json_10_4"
    },