{
    "epoch_loss": {
        "type": "index_value",
        "index": [
            1,
            2,
            3,
            4,
            5,
            6,
            7,
            8,
            9,
            10,
            11,
            12,
            13,
            14,
            15,
            16,
            17,
            18,
            19,
            20,
            21,
            22,
            23,
            24,
            25,
            26,
            27,
            28,
            29,
            30,
            31,
            32,
            33,
            34,
            35,
            36,
            37,
            38,
            39,
            40,
            41,
            42,
            43,
            44,
            45,
            46,
            47,
            48,
            49,
            50,
            51,
            52,
            53,
            54,
            55,
            56,
            57,
            58,
            59,
            60,
            61,
            62,
            63,
            64,
            65,
            66,
            67,
            68,
            69,
            70,
            71,
            72,
            73,
            74,
            75,
            76,
            77,
            78,
            79,
            80,
            81,
            82,
            83,
            84,
            85,
            86,
            87,
            88,
            89,
            90,
            91,
            92,
            93,
            94,
            95,
            96,
            97,
            98,
            99,
            100
        ],
        "value": [
            2.3562344789505003,
            1.4964268445968627,
            1.209803056716919,
            0.9979098081588745,
            0.8485019326210022,
            0.7206417322158813,
            0.5957860827445984,
            0.5087490320205689,
            0.4601136684417725,
            0.4075548768043518,
            0.3575481414794922,
            0.3006927728652954,
            0.2816310942173004,
            0.27781288623809813,
            0.2355233073234558,
            0.21228567659854888,
            0.20960049629211425,
            0.16251810789108276,
            0.14903389513492585,
            0.14006362557411195,
            0.11765108406543731,
            0.11151647865772248,
            0.09717868119478226,
            0.0962840735912323,
            0.08364077210426331,
            0.07344378679990768,
            0.0643464207649231,
            0.05872672945261002,
            0.06719349473714828,
            0.051116107404232024,
            0.05659336149692536,
            0.05577695071697235,
            0.06239822804927826,
            0.049928440153598784,
            0.10463946163654328,
            0.05005531758069992,
            0.10823488682508468,
            0.06282855868339539,
            0.08979710638523102,
            0.12640546560287474,
            0.03566902652382851,
            0.04241335541009903,
            0.04339544102549553,
            0.03613116443157196,
            0.03162446990609169,
            0.02736702486872673,
            0.02584330104291439,
            0.028058473765850068,
            0.024558992683887483,
            0.024824362248182297,
            0.021978232264518737,
            0.02312404364347458,
            0.02025321386754513,
            0.019815942645072936,
            0.018501688539981843,
            0.016009264811873435,
            0.018031030893325806,
            0.0161064438521862,
            0.015263112634420395,
            0.016108481958508492,
            0.014951227232813835,
            0.013929718919098378,
            0.013540169782936573,
            0.011977451108396053,
            0.012517247535288333,
            0.013945268094539642,
            0.011471342109143735,
            0.013314180821180344,
            0.01071980707347393,
            0.011593400128185749,
            0.011752592027187347,
            0.01050857249647379,
            0.013301273435354232,
            0.011188491247594357,
            0.010313634015619754,
            0.01091623269021511,
            0.00944480337202549,
            0.00907019805163145,
            0.010485072806477546,
            0.008904833346605301,
            0.010178722813725472,
            0.008315654657781123,
            0.009126774780452252,
            0.00863328091800213,
            0.008152570761740207,
            0.007736439257860184,
            0.008008115738630295,
            0.00775313563644886,
            0.007598877884447575,
            0.009014352969825268,
            0.0070180329494178295,
            0.007805890031158924,
            0.006786348670721054,
            0.008823237009346485,
            0.006411798298358917,
            0.007358929887413978,
            0.008396376110613345,
            0.007515865005552768,
            0.0066772189922630785,
            0.006923714838922024
        ]
    },
    "train_oa": {
        "type": "index_value",
        "index": [
            10,
            20,
            30,
            40,
            50,
            60,
            70,
            80,
            90,
            100
        ],
        "value": [
            92.73657099445978,
            93.47959013507754,
            94.15219848431508,
            94.52834034353054,
            94.75254312660972,
            94.66730901072839,
            94.55428116140747,
            94.76736645111082,
            94.48387037002723,
            94.50054661009098
        ]
    },
    "train_aa": {
        "type": "index_value",
        "index": [
            10,
            20,
            30,
            40,
            50,
            60,
            70,
            80,
            90,
            100
        ],
        "value": [
            96.59669504412516,
            96.49895264387905,
            96.34304367216406,
            96.7368737178078,
            97.26481365904472,
            97.46572185299067,
            97.45798146948898,
            97.46507819044086,
            97.4234146928533,
            97.5051258642021
        ]
    },
    "train_kappa": {
        "type": "index_value",
        "index": [
            10,
            20,
            30,
            40,
            50,
            60,
            70,
            80,
            90,
            100
        ],
        "value": [
            91.93850170892284,
            92.75849765582194,
            93.50649861955509,
            93.92301096141466,
            94.17188224281065,
            94.08008344374652,
            93.95620096696987,
            94.190009598071,
            93.87971161838053,
            93.89872847567725
        ]
    },
    "param": {
        "data": {
            "data_sign": "Salinas",
            "data_file": "Salinas_10",
            "dump": false,
            "diffusion_sign": false,
            "diffusion_data_sign_path_prefix": "/home/cn/codes/spectral_diff_temp/codes/save_feature/salinas_unet3d_patch16_without_downsample_kernal5_fix/save_feature",
            "diffusion_data_sign": "t5_2_full.pkl.npy",
            "patch_size": 13,
            "test_ratio": 0.95,
            "batch_size": 64,
            "num_classes": 16,
            "pca": 30,
            "dim_heads": 64,
            "spectral_size": 30
        },
        "net": {
            "trainer": "cross_trainer",
            "net_type": "just_pixel",
            "mlp_head_dim": 64,
            "depth": 2,
            "dim": 64,
            "heads": 20
        },
        "train": {
            "epochs": 100,
            "lr": 0.001,
            "weight_decay": 0,
            "temp": 20
        },
        "uniq_name": "salinas_cross_param_use.json_10_2"
    },