{
    "epoch_loss": {
        "type": "index_value",
        "index": [
            1,
            2,
            3,
            4,
            5,
            6,
            7,
            8,
            9,
            10,
            11,
            12,
            13,
            14,
            15,
            16,
            17,
            18,
            19,
            20,
            21,
            22,
            23,
            24,
            25,
            26,
            27,
            28,
            29,
            30,
            31,
            32,
            33,
            34,
            35,
            36,
            37,
            38,
            39,
            40,
            41,
            42,
            43,
            44,
            45,
            46,
            47,
            48,
            49,
            50,
            51,
            52,
            53,
            54,
            55,
            56,
            57,
            58,
            59,
            60,
            61,
            62,
            63,
            64,
            65,
            66,
            67,
            68,
            69,
            70,
            71,
            72,
            73,
            74,
            75,
            76,
            77,
            78,
            79,
            80,
            81,
            82,
            83,
            84,
            85,
            86,
            87,
            88,
            89,
            90,
            91,
            92,
            93,
            94,
            95,
            96,
            97,
            98,
            99,
            100
        ],
        "value": [
            1.4272734665870666,
            0.6338995432853699,
            0.35047025203704835,
            0.23217109322547913,
            0.15770513087511062,
            0.12019564628601075,
            0.09378666117787361,
            0.079566630423069,
            0.07309008300304413,
            0.05456394344568252,
            0.07554981991648674,
            0.061110679805278775,
            0.05688715621829033,
            0.04203726381063461,
            0.028984066918492316,
            0.01919544018805027,
            0.013225062154233455,
            0.010879935733973979,
            0.010911725498735904,
            0.010502015762031079,
            0.010121586844325065,
            0.04421962708234787,
            0.022132291942834854,
            0.01480201505124569,
            0.009637673944234848,
            0.007418882325291634,
            0.006230568811297417,
            0.005155925396829844,
            0.004774122200906276,
            0.004418042469769717,
            0.004445917997509241,
            0.004000099897384643,
            0.0036611413955688478,
            0.00370262797921896,
            0.0035552262421697377,
            0.003114989781752229,
            0.003214910477399826,
            0.0028678497672080996,
            0.002601664187386632,
            0.002591183604672551,
            0.0022316239215433597,
            0.00237424966879189,
            0.002259345566853881,
            0.0021431995276361706,
            0.0022926801349967716,
            0.002232022676616907,
            0.00212549370713532,
            0.0019361029751598835,
            0.0017495275661349296,
            0.001906013172119856,
            0.001727075851522386,
            0.0017503615515306592,
            0.001497564846649766,
            0.0015376393776386976,
            0.0015315824514254928,
            0.0016587315872311592,
            0.0014329339656978845,
            0.0013670693663880228,
            0.0013627424091100693,
            0.0014122159872204066,
            0.001156279225833714,
            0.001196087608113885,
            0.0011544284503906966,
            0.0012115758750587701,
            0.0011121608130633832,
            0.0011087736627086997,
            0.0010500635206699372,
            0.0010106950672343373,
            0.0010263499850407243,
            0.0010129818296991289,
            0.0010675701592117548,
            0.0009379162359982729,
            0.0009458982758224011,
            0.0009868463827297092,
            0.0008846920868381858,
            0.000970177324488759,
            0.0009036183869466185,
            0.0009493153728544712,
            0.0008165125129744411,
            0.000864746323786676,
            0.0007719681784510613,
            0.000762379253283143,
            0.0007043871283531189,
            0.0007658306183293462,
            0.000756634478457272,
            0.00071239800658077,
            0.0006984849972650409,
            0.0007661521574482322,
            0.0005724857002496719,
            0.0006824837997555733,
            0.0005851859273388982,
            0.000670269827824086,
            0.0006189217627979815,
            0.0005702032172121107,
            0.0005786340753547848,
            0.0005827262019738555,
            0.0006195480178575963,
            0.0005221096752211451,
            0.0005611601006239652,
            0.0005473678198177367
        ]
    },
    "train_oa": {
        "type": "index_value",
        "index": [
            10,
            20,
            30,
            40,
            50,
            60,
            70,
            80,
            90,
            100
        ],
        "value": [
            96.247820135386,
            97.85857600930076,
            97.56042678467625,
            97.60168013651109,
            97.58855407001819,
            97.71418927787883,
            97.59980498415496,
            97.67668623075625,
            97.70481351609818,
            97.50604736634851
        ]
    },
    "train_aa": {
        "type": "index_value",
        "index": [
            10,
            20,
            30,
            40,
            50,
            60,
            70,
            80,
            90,
            100
        ],
        "value": [
            98.3748273059384,
            99.2093231995887,
            98.72217758638317,
            98.85661683514813,
            98.83627090948886,
            98.8690881056928,
            98.85492515128824,
            98.9096567658319,
            98.93503620451554,
            98.79327041158177
        ]
    },
    "train_kappa": {
        "type": "index_value",
        "index": [
            10,
            20,
            30,
            40,
            50,
            60,
            70,
            80,
            90,
            100
        ],
        "value": [
            95.82663694557397,
            97.61457052513713,
            97.28150141078777,
            97.32736279052969,
            97.31237469237523,
            97.45285467624514,
            97.32525004191523,
            97.41103901888437,
            97.44237374275015,
            97.22020620826459
        ]
    },
    "param": {
        "data": {
            "data_sign": "Salinas",
            "data_file": "Salinas_50",
            "dump": false,
            "diffusion_sign": false,
            "diffusion_data_sign_path_prefix": "/home/cn/codes/spectral_diff_temp/codes/save_feature/salinas_unet3d_patch16_without_downsample_kernal5_fix/save_feature",
            "diffusion_data_sign": "t5_2_full.pkl.npy",
            "patch_size": 13,
            "test_ratio": 0.95,
            "batch_size": 64,
            "num_classes": 16,
            "pca": 30,
            "dim_heads": 64,
            "spectral_size": 30
        },
        "net": {
            "trainer": "cross_trainer",
            "net_type": "just_pixel",
            "mlp_head_dim": 64,
            "depth": 2,
            "dim": 64,
            "heads": 20
        },
        "train": {
            "epochs": 100,
            "lr": 0.001,
            "weight_decay": 0,
            "temp": 20
        },
        "uniq_name": "salinas_cross_param_use.json_50_4"
    },