{
    "epoch_loss": {
        "type": "index_value",
        "index": [
            1,
            2,
            3,
            4,
            5,
            6,
            7,
            8,
            9,
            10,
            11,
            12,
            13,
            14,
            15,
            16,
            17,
            18,
            19,
            20,
            21,
            22,
            23,
            24,
            25,
            26,
            27,
            28,
            29,
            30,
            31,
            32,
            33,
            34,
            35,
            36,
            37,
            38,
            39,
            40,
            41,
            42,
            43,
            44,
            45,
            46,
            47,
            48,
            49,
            50,
            51,
            52,
            53,
            54,
            55,
            56,
            57,
            58,
            59,
            60,
            61,
            62,
            63,
            64,
            65,
            66,
            67,
            68,
            69,
            70,
            71,
            72,
            73,
            74,
            75,
            76,
            77,
            78,
            79,
            80,
            81,
            82,
            83,
            84,
            85,
            86,
            87,
            88,
            89,
            90,
            91,
            92,
            93,
            94,
            95,
            96,
            97,
            98,
            99,
            100
        ],
        "value": [
            2.34743971824646,
            1.4743785619735719,
            1.1694450378417969,
            0.9915759086608886,
            0.8491451621055603,
            0.7117408037185669,
            0.6126785039901733,
            0.5146348953247071,
            0.456248414516449,
            0.3935474634170532,
            0.3430668294429779,
            0.2974833309650421,
            0.27524723410606383,
            0.22947172224521636,
            0.21261564493179322,
            0.19242422878742219,
            0.1667367398738861,
            0.1486659586429596,
            0.13760147392749786,
            0.12075950652360916,
            0.0999781310558319,
            0.09938216358423232,
            0.08513400256633759,
            0.08469080775976182,
            0.07775464206933975,
            0.07266378849744796,
            0.06261579394340515,
            0.056729992479085924,
            0.055864255875349045,
            0.05079149603843689,
            0.05370157510042191,
            0.04137507602572441,
            0.04652923718094826,
            0.04022983238101006,
            0.03880047872662544,
            0.03461306244134903,
            0.03164497837424278,
            0.03540824800729751,
            0.031880167126655576,
            0.027415575087070466,
            0.030450566112995146,
            0.026788659766316412,
            0.02601090371608734,
            0.025670719146728516,
            0.027808621525764465,
            0.02210516408085823,
            0.022539207339286806,
            0.023075772821903227,
            0.020296739414334297,
            0.022547617182135583,
            0.0202719084918499,
            0.01662217602133751,
            0.02032693289220333,
            0.020195300132036208,
            0.02024312987923622,
            0.01621370892971754,
            0.016675139591097832,
            0.016170433536171914,
            0.016317470371723174,
            0.013562828861176967,
            0.01814132332801819,
            0.014763214066624642,
            0.013493841513991356,
            0.011738773994147777,
            0.012576598301529884,
            0.012449824623763562,
            0.0121400635689497,
            0.012457775697112084,
            0.011138668656349182,
            0.011512802727520467,
            0.011980445683002472,
            0.010926700755953788,
            0.010779711976647377,
            0.010861389711499215,
            0.010518994182348251,
            0.011214993149042129,
            0.008809591084718705,
            0.011308775283396244,
            0.009902925416827201,
            0.009087415598332881,
            0.009767655096948148,
            0.010309848189353942,
            0.009650047682225705,
            0.008933325670659542,
            0.009532527066767216,
            0.008494863659143448,
            0.008287062123417854,
            0.00792112685739994,
            0.007205496914684773,
            0.0068503331393003465,
            0.007701482810080052,
            0.007849655486643315,
            0.00732874758541584,
            0.0060801349580287935,
            0.0066432621330022815,
            0.006634447164833546,
            0.007028180733323097,
            0.005901708453893662,
            0.006066777184605599,
            0.005771391559392214
        ]
    },
    "train_oa": {
        "type": "index_value",
        "index": [
            10,
            20,
            30,
            40,
            50,
            60,
            70,
            80,
            90,
            100
        ],
        "value": [
            93.00709666660491,
            94.96377550075043,
            95.39179899571977,
            95.47147436491319,
            94.45978246771296,
            95.11571457688673,
            95.46035687153737,
            94.9767459096889,
            94.84889473586688,
            95.21762493283181
        ]
    },
    "train_aa": {
        "type": "index_value",
        "index": [
            10,
            20,
            30,
            40,
            50,
            60,
            70,
            80,
            90,
            100
        ],
        "value": [
            96.76942035983429,
            97.73874177078747,
            97.53741184833773,
            97.82686466165522,
            97.73710971342156,
            97.6998489281827,
            97.99942627429796,
            97.76469403655997,
            97.51202255000362,
            97.82090261438934
        ]
    },
    "train_kappa": {
        "type": "index_value",
        "index": [
            10,
            20,
            30,
            40,
            50,
            60,
            70,
            80,
            90,
            100
        ],
        "value": [
            92.24374763781682,
            94.40408718091506,
            94.87486629990008,
            94.97010211547708,
            93.85545290200389,
            94.57732442871013,
            94.95755257087244,
            94.41795379581913,
            94.28006007617785,
            94.68664363346933
        ]
    },
    "param": {
        "data": {
            "data_sign": "Salinas",
            "data_file": "Salinas_10",
            "dump": false,
            "diffusion_sign": false,
            "diffusion_data_sign_path_prefix": "/home/cn/codes/spectral_diff_temp/codes/save_feature/salinas_unet3d_patch16_without_downsample_kernal5_fix/save_feature",
            "diffusion_data_sign": "t5_2_full.pkl.npy",
            "patch_size": 13,
            "test_ratio": 0.95,
            "batch_size": 64,
            "num_classes": 16,
            "pca": 30,
            "dim_heads": 64,
            "spectral_size": 30
        },
        "net": {
            "trainer": "cross_trainer",
            "net_type": "just_pixel",
            "mlp_head_dim": 64,
            "depth": 2,
            "dim": 64,
            "heads": 20
        },
        "train": {
            "epochs": 100,
            "lr": 0.001,
            "weight_decay": 0,
            "temp": 20
        },
        "uniq_name": "salinas_cross_param_use.json_10_3"
    },