{
    "epoch_loss": {
        "type": "index_value",
        "index": [
            1,
            2,
            3,
            4,
            5,
            6,
            7,
            8,
            9,
            10,
            11,
            12,
            13,
            14,
            15,
            16,
            17,
            18,
            19,
            20,
            21,
            22,
            23,
            24,
            25,
            26,
            27,
            28,
            29,
            30,
            31,
            32,
            33,
            34,
            35,
            36,
            37,
            38,
            39,
            40,
            41,
            42,
            43,
            44,
            45,
            46,
            47,
            48,
            49,
            50,
            51,
            52,
            53,
            54,
            55,
            56,
            57,
            58,
            59,
            60,
            61,
            62,
            63,
            64,
            65,
            66,
            67,
            68,
            69,
            70,
            71,
            72,
            73,
            74,
            75,
            76,
            77,
            78,
            79,
            80,
            81,
            82,
            83,
            84,
            85,
            86,
            87,
            88,
            89,
            90,
            91,
            92,
            93,
            94,
            95,
            96,
            97,
            98,
            99,
            100
        ],
        "value": [
            1.424204138914744,
            0.5967160006364186,
            0.33568686644236245,
            0.21995867192745208,
            0.15474025855461757,
            0.11987949411074321,
            0.09091003984212875,
            0.07818159932891527,
            0.05680710375308991,
            0.03698990605771542,
            0.03206902431945006,
            0.02422084758679072,
            0.018704508307079475,
            0.016535935302575428,
            0.012943943776190282,
            0.011610485799610614,
            0.011514592915773392,
            0.00941085796803236,
            0.009427665111919245,
            0.008833910711109639,
            0.00685697461788853,
            0.006432183490445217,
            0.005522890016436577,
            0.00538666743474702,
            0.0052055039443075655,
            0.004915860310817758,
            0.004475775640457869,
            0.0040881384319315355,
            0.0038648318809767564,
            0.003959071744854252,
            0.003699413702512781,
            0.003160022618249059,
            0.0033528980022917193,
            0.002990015751371781,
            0.0029805106731752556,
            0.002727085631340742,
            0.0025892597002287704,
            0.0024396678588042655,
            0.0025186074276765187,
            0.0024780344606066744,
            0.002347640243048469,
            0.002101540418031315,
            0.0022401055709148445,
            0.0018666719164078434,
            0.001920459388444821,
            0.00181727121428897,
            0.001854231107669572,
            0.001601192750968039,
            0.001583965743581454,
            0.0015331253486995896,
            0.0040605538059026005,
            0.07721936968155205,
            0.045192273271580534,
            0.016112551838159562,
            0.010593271814286709,
            0.003896618370587627,
            0.002486108778975904,
            0.002017041714861989,
            0.0018229367987563213,
            0.0016341921873390675,
            0.0014574783854186535,
            0.0012821447259436052,
            0.0012780767865478992,
            0.0011407927532369891,
            0.0011141660351616641,
            0.0011628813149097065,
            0.0009633915654073159,
            0.000889342778827995,
            0.0009150438165913025,
            0.0008926307510895034,
            0.0009550346527248621,
            0.0008543825553109248,
            0.0008663857704959809,
            0.0007587842604455849,
            0.0007269932461592059,
            0.0007011129055172205,
            0.0006704716186504811,
            0.0006289374199695885,
            0.0006218857287118832,
            0.0006388840770038466,
            0.0005901552503928542,
            0.0006694078833485643,
            0.0006157481305611631,
            0.0005685987804705898,
            0.0005715596897061914,
            0.0005768631778967877,
            0.0005233428246962528,
            0.0005310633180973431,
            0.0005344172881450504,
            0.0004995106117955099,
            0.0004971070040483028,
            0.00047662645035112896,
            0.0004280771128833294,
            0.00046779262484051285,
            0.0004429503712647905,
            0.0004178043396677822,
            0.0004052230545009176,
            0.00045040441327728333,
            0.0004781899081232647,
            0.0003676627102928857
        ]
    },
    "train_oa": {
        "type": "index_value",
        "index": [
            10,
            20,
            30,
            40,
            50,
            60,
            70,
            80,
            90,
            100
        ],
        "value": [
            96.42648911959976,
            98.35430419981567,
            98.87528447027402,
            98.86588049427299,
            98.87716526547425,
            98.20195978859861,
            98.267787620606,
            98.29599954860915,
            98.3223306814121,
            98.34866181421505
        ]
    },
    "train_aa": {
        "type": "index_value",
        "index": [
            10,
            20,
            30,
            40,
            50,
            60,
            70,
            80,
            90,
            100
        ],
        "value": [
            98.70869763160474,
            99.41750246513033,
            99.57203139826159,
            99.5534465046587,
            99.55023624812429,
            99.23516968030141,
            99.25455902104454,
            99.22966311104418,
            99.2409203793966,
            99.25504375770724
        ]
    },
    "train_kappa": {
        "type": "index_value",
        "index": [
            10,
            20,
            30,
            40,
            50,
            60,
            70,
            80,
            90,
            100
        ],
        "value": [
            96.02590133833301,
            98.16694157173032,
            98.74651267357899,
            98.73601571548969,
            98.74852542437226,
            97.99649142869036,
            98.06970228210345,
            98.10051179467318,
            98.12985021440582,
            98.15924594671804
        ]
    },
    "param": {
        "data": {
            "data_sign": "Salinas",
            "data_file": "Salinas_60",
            "dump": false,
            "diffusion_sign": false,
            "diffusion_data_sign_path_prefix": "/home/cn/codes/spectral_diff_temp/codes/save_feature/salinas_unet3d_patch16_without_downsample_kernal5_fix/save_feature",
            "diffusion_data_sign": "t5_2_full.pkl.npy",
            "patch_size": 13,
            "test_ratio": 0.95,
            "batch_size": 64,
            "num_classes": 16,
            "pca": 30,
            "dim_heads": 64,
            "spectral_size": 30
        },
        "net": {
            "trainer": "cross_trainer",
            "net_type": "just_pixel",
            "mlp_head_dim": 64,
            "depth": 2,
            "dim": 64,
            "heads": 20
        },
        "train": {
            "epochs": 100,
            "lr": 0.001,
            "weight_decay": 0,
            "temp": 20
        },
        "uniq_name": "salinas_cross_param_use.json_60_4"
    },