{
    "epoch_loss": {
        "type": "index_value",
        "index": [
            1,
            2,
            3,
            4,
            5,
            6,
            7,
            8,
            9,
            10,
            11,
            12,
            13,
            14,
            15,
            16,
            17,
            18,
            19,
            20,
            21,
            22,
            23,
            24,
            25,
            26,
            27,
            28,
            29,
            30,
            31,
            32,
            33,
            34,
            35,
            36,
            37,
            38,
            39,
            40,
            41,
            42,
            43,
            44,
            45,
            46,
            47,
            48,
            49,
            50,
            51,
            52,
            53,
            54,
            55,
            56,
            57,
            58,
            59,
            60,
            61,
            62,
            63,
            64,
            65,
            66,
            67,
            68,
            69,
            70,
            71,
            72,
            73,
            74,
            75,
            76,
            77,
            78,
            79,
            80,
            81,
            82,
            83,
            84,
            85,
            86,
            87,
            88,
            89,
            90,
            91,
            92,
            93,
            94,
            95,
            96,
            97,
            98,
            99,
            100
        ],
        "value": [
            2.3741739988327026,
            1.4852747917175293,
            1.177991557121277,
            0.957198977470398,
            0.8069153189659118,
            0.6813833832740783,
            0.5913928270339965,
            0.5224427103996276,
            0.4414641797542572,
            0.3895086407661438,
            0.32911821007728576,
            0.29065962433815,
            0.26279168725013735,
            0.2392401158809662,
            0.2300920754671097,
            0.18083277642726897,
            0.17317163348197936,
            0.15247028470039367,
            0.13177559971809388,
            0.11748574078083038,
            0.11764505505561829,
            0.09861418455839158,
            0.083781298995018,
            0.08122928738594055,
            0.07465674430131912,
            0.06750992387533188,
            0.06904582679271698,
            0.059936118125915525,
            0.05145890936255455,
            0.05094431713223457,
            0.04654456824064255,
            0.045790234208106996,
            0.04437343031167984,
            0.04164899960160255,
            0.0408211812376976,
            0.03503633290529251,
            0.033044307678937915,
            0.035315869748592375,
            0.03221276849508285,
            0.03399175480008125,
            0.02854347266256809,
            0.029115819931030275,
            0.02653294913470745,
            0.025976334512233735,
            0.029922281950712205,
            0.020941410958766938,
            0.03217421025037766,
            0.03029373586177826,
            0.028942417353391647,
            0.023020809143781663,
            0.022564079239964487,
            0.02344099208712578,
            0.02096312940120697,
            0.01833011768758297,
            0.019348552078008653,
            0.015915944054722787,
            0.017399291694164275,
            0.016159574687480926,
            0.01512373574078083,
            0.012603208981454372,
            0.012002045847475528,
            0.013738568872213364,
            0.015006715804338456,
            0.012875569611787796,
            0.013081797398626804,
            0.0125881839543581,
            0.01134440116584301,
            0.011817236989736557,
            0.010980345495045184,
            0.010202662460505963,
            0.01080523170530796,
            0.010658296942710876,
            0.009513291902840138,
            0.009445542469620705,
            0.010881996713578701,
            0.009591774828732014,
            0.008951071836054324,
            0.010163390263915061,
            0.00845922864973545,
            0.009332678467035293,
            0.008146795630455016,
            0.00877364668995142,
            0.008267775550484658,
            0.008211912401020528,
            0.008527392707765102,
            0.0075246412307024,
            0.007655582949519157,
            0.006569801177829504,
            0.00689468365162611,
            0.008566469140350818,
            0.007218077033758164,
            0.006739462353289127,
            0.0078051603399217125,
            0.006961018592119217,
            0.0063226655125617984,
            0.006735102832317352,
            0.006269302405416966,
            0.007002141047269106,
            0.006399809010326862,
            0.0059895612299442295
        ]
    },
    "train_oa": {
        "type": "index_value",
        "index": [
            10,
            20,
            30,
            40,
            50,
            60,
            70,
            80,
            90,
            100
        ],
        "value": [
            90.66130556430544,
            94.37084252070633,
            94.92671718949768,
            95.71050047249346,
            93.95578943467547,
            94.82110100242733,
            94.93412885174823,
            95.26209490633512,
            94.98786340306472,
            95.0063925586911
        ]
    },
    "train_aa": {
        "type": "index_value",
        "index": [
            10,
            20,
            30,
            40,
            50,
            60,
            70,
            80,
            90,
            100
        ],
        "value": [
            96.34370161655094,
            97.74240856345317,
            97.81330975372794,
            98.22297460643543,
            97.3987960470585,
            97.62033205083007,
            97.75845392613552,
            97.89362128372767,
            97.80342427115129,
            97.78532465880842
        ]
    },
    "train_kappa": {
        "type": "index_value",
        "index": [
            10,
            20,
            30,
            40,
            50,
            60,
            70,
            80,
            90,
            100
        ],
        "value": [
            89.67420870512153,
            93.75676237321564,
            94.37026638601009,
            95.23545695864472,
            93.29912339850091,
            94.25301982175557,
            94.37812359797901,
            94.73985970613528,
            94.43736917129553,
            94.45786120120277
        ]
    },
    "param": {
        "data": {
            "data_sign": "Salinas",
            "data_file": "Salinas_10",
            "dump": false,
            "diffusion_sign": false,
            "diffusion_data_sign_path_prefix": "/home/cn/codes/spectral_diff_temp/codes/save_feature/salinas_unet3d_patch16_without_downsample_kernal5_fix/save_feature",
            "diffusion_data_sign": "t5_2_full.pkl.npy",
            "patch_size": 13,
            "test_ratio": 0.95,
            "batch_size": 64,
            "num_classes": 16,
            "pca": 30,
            "dim_heads": 64,
            "spectral_size": 30
        },
        "net": {
            "trainer": "cross_trainer",
            "net_type": "just_pixel",
            "mlp_head_dim": 64,
            "depth": 2,
            "dim": 64,
            "heads": 20
        },
        "train": {
            "epochs": 100,
            "lr": 0.001,
            "weight_decay": 0,
            "temp": 20
        },
        "uniq_name": "salinas_cross_param_use.json_10_1"
    },