{
    "epoch_loss": {
        "type": "index_value",
        "index": [
            1,
            2,
            3,
            4,
            5,
            6,
            7,
            8,
            9,
            10,
            11,
            12,
            13,
            14,
            15,
            16,
            17,
            18,
            19,
            20,
            21,
            22,
            23,
            24,
            25,
            26,
            27,
            28,
            29,
            30,
            31,
            32,
            33,
            34,
            35,
            36,
            37,
            38,
            39,
            40,
            41,
            42,
            43,
            44,
            45,
            46,
            47,
            48,
            49,
            50,
            51,
            52,
            53,
            54,
            55,
            56,
            57,
            58,
            59,
            60,
            61,
            62,
            63,
            64,
            65,
            66,
            67,
            68,
            69,
            70,
            71,
            72,
            73,
            74,
            75,
            76,
            77,
            78,
            79,
            80,
            81,
            82,
            83,
            84,
            85,
            86,
            87,
            88,
            89,
            90,
            91,
            92,
            93,
            94,
            95,
            96,
            97,
            98,
            99,
            100
        ],
        "value": [
            1.4000259160995483,
            0.6117433130741119,
            0.34306645890076953,
            0.2149444490671158,
            0.145535476009051,
            0.12270619968573253,
            0.0817572258412838,
            0.06292366310954094,
            0.049802423516909285,
            0.054646192987759905,
            0.059601253271102904,
            0.06149285969634851,
            0.04182063192129135,
            0.03449018336832523,
            0.01641240231692791,
            0.013219308853149415,
            0.012073474812010924,
            0.010405073501169681,
            0.010396699452151855,
            0.008564992155879737,
            0.007406185567378998,
            0.0059949547983706,
            0.005706694722175598,
            0.005377708002924919,
            0.005220830999314785,
            0.004614689666777849,
            0.004237911601861318,
            0.004678425037612518,
            0.0037102754383037486,
            0.003966204402968287,
            0.0035741777159273625,
            0.0033616069704294205,
            0.003135400405153632,
            0.0028685322807480893,
            0.0029213468699405593,
            0.002698639112835129,
            0.002686299771691362,
            0.0024889435619115828,
            0.00242643883296599,
            0.002135449384028713,
            0.0023521016429488856,
            0.0021032425419737896,
            0.0018107050408919653,
            0.0019706363789737226,
            0.0018243473721668124,
            0.0018184504083668192,
            0.0018194510989512007,
            0.0017904163415854177,
            0.0016516467090696096,
            0.006441159911143283,
            0.13431325315808257,
            0.048276724542180696,
            0.020624872700621685,
            0.011022914759814739,
            0.028513693002363047,
            0.020273490560551485,
            0.0253744346400102,
            0.007299241454650958,
            0.005263974672804276,
            0.003702288873804112,
            0.00249417454469949,
            0.0018375935886676112,
            0.0014032949383060136,
            0.0013107411873837312,
            0.0014046238036826253,
            0.0012768667424097658,
            0.0011505776084959507,
            0.0012714156803364555,
            0.0011438905028626322,
            0.0009688207375196119,
            0.0009364698625480135,
            0.0008403543382883072,
            0.0009354735879848401,
            0.0007944982460079094,
            0.0007840257293234269,
            0.000932392831115673,
            0.0007223289479346325,
            0.0007234080054331571,
            0.0006801439662619184,
            0.0007270358017800997,
            0.0007846390770282596,
            0.0007658382858304928,
            0.0007319644229331364,
            0.0006529639630268018,
            0.0005755676674501349,
            0.000571893013936157,
            0.0006057650219493856,
            0.0005368582341664781,
            0.0005144888573947053,
            0.0005573277769144625,
            0.0005522940036219855,
            0.000495725340442732,
            0.0005524925538338721,
            0.0005015916365664452,
            0.0004709720184716086,
            0.000490976608125493,
            0.0005056453247865041,
            0.00042033234785776585,
            0.00043139367286736764,
            0.00041684179256359737
        ]
    },
    "train_oa": {
        "type": "index_value",
        "index": [
            10,
            20,
            30,
            40,
            50,
            60,
            70,
            80,
            90,
            100
        ],
        "value": [
            96.21772085237639,
            98.94863548308224,
            98.84895333747107,
            98.82074140946793,
            97.70166826534259,
            96.85907201564822,
            98.3938008990201,
            98.339257838214,
            98.2865955726081,
            98.267787620606
        ]
    },
    "train_aa": {
        "type": "index_value",
        "index": [
            10,
            20,
            30,
            40,
            50,
            60,
            70,
            80,
            90,
            100
        ],
        "value": [
            98.46754482579412,
            99.55789049393447,
            99.54181845896343,
            99.53494060737806,
            97.6267888884893,
            98.83117225540299,
            99.20661343084987,
            99.20789954038054,
            99.19692169722829,
            99.19654371418622
        ]
    },
    "train_kappa": {
        "type": "index_value",
        "index": [
            10,
            20,
            30,
            40,
            50,
            60,
            70,
            80,
            90,
            100
        ],
        "value": [
            95.79273418081637,
            98.82809054781501,
            98.7170912918189,
            98.68568412864826,
            97.43920554652212,
            96.50547430169406,
            98.20957755859126,
            98.14902393754899,
            98.09061145228608,
            98.06976157913498
        ]
    },
    "param": {
        "data": {
            "data_sign": "Salinas",
            "data_file": "Salinas_60",
            "dump": false,
            "diffusion_sign": false,
            "diffusion_data_sign_path_prefix": "/home/cn/codes/spectral_diff_temp/codes/save_feature/salinas_unet3d_patch16_without_downsample_kernal5_fix/save_feature",
            "diffusion_data_sign": "t5_2_full.pkl.npy",
            "patch_size": 13,
            "test_ratio": 0.95,
            "batch_size": 64,
            "num_classes": 16,
            "pca": 30,
            "dim_heads": 64,
            "spectral_size": 30
        },
        "net": {
            "trainer": "cross_trainer",
            "net_type": "just_pixel",
            "mlp_head_dim": 64,
            "depth": 2,
            "dim": 64,
            "heads": 20
        },
        "train": {
            "epochs": 100,
            "lr": 0.001,
            "weight_decay": 0,
            "temp": 20
        },
        "uniq_name": "salinas_cross_param_use.json_60_1"
    },