{
    "epoch_loss": {
        "type": "index_value",
        "index": [
            1,
            2,
            3,
            4,
            5,
            6,
            7,
            8,
            9,
            10,
            11,
            12,
            13,
            14,
            15,
            16,
            17,
            18,
            19,
            20,
            21,
            22,
            23,
            24,
            25,
            26,
            27,
            28,
            29,
            30,
            31,
            32,
            33,
            34,
            35,
            36,
            37,
            38,
            39,
            40,
            41,
            42,
            43,
            44,
            45,
            46,
            47,
            48,
            49,
            50,
            51,
            52,
            53,
            54,
            55,
            56,
            57,
            58,
            59,
            60,
            61,
            62,
            63,
            64,
            65,
            66,
            67,
            68,
            69,
            70,
            71,
            72,
            73,
            74,
            75,
            76,
            77,
            78,
            79,
            80,
            81,
            82,
            83,
            84,
            85,
            86,
            87,
            88,
            89,
            90,
            91,
            92,
            93,
            94,
            95,
            96,
            97,
            98,
            99,
            100
        ],
        "value": [
            1.5977529764175415,
            0.8057994306087494,
            0.49672124087810515,
            0.33184405267238615,
            0.23944393843412398,
            0.18083041459321975,
            0.1476529471576214,
            0.12349008992314339,
            0.12027945145964622,
            0.10431634858250619,
            0.07949227392673493,
            0.07440037727355957,
            0.04880573153495789,
            0.038779183849692346,
            0.03665581066161394,
            0.04142781086266041,
            0.02860494814813137,
            0.024810668267309665,
            0.019813601300120352,
            0.01763820629566908,
            0.014825844578444958,
            0.014628678187727928,
            0.01288830554112792,
            0.010880518332123756,
            0.010874040331691504,
            0.008990554232150316,
            0.009086683019995689,
            0.008406141307204962,
            0.008189591020345688,
            0.007375744404271245,
            0.007002101931720972,
            0.006522151175886393,
            0.006045629689469934,
            0.006403804011642933,
            0.006124409893527627,
            0.005426603835076094,
            0.005514351557940245,
            0.005156217329204083,
            0.00460874882992357,
            0.004790092911571264,
            0.004656479344703257,
            0.003939004940912127,
            0.0039549492299556736,
            0.0037584382109344004,
            0.0035288507118821145,
            0.0035611825063824654,
            0.003739057923667133,
            0.003710614750161767,
            0.003213984426110983,
            0.00298173304181546,
            0.003053116309456527,
            0.0027734420960769056,
            0.0027584599563851954,
            0.0026947292499244213,
            0.0027008079690858723,
            0.0023645556648261845,
            0.0024751193122938275,
            0.002501315134577453,
            0.002237463241908699,
            0.0022497607744298874,
            0.002175205061212182,
            0.0022261183941736816,
            0.0022327843937091528,
            0.001910199550911784,
            0.002103281090967357,
            0.0018933579209260642,
            0.0019213760620914399,
            0.001773189613595605,
            0.0017117478186264635,
            0.0018101105699315668,
            0.001664788497146219,
            0.001719315943773836,
            0.0015435012406669556,
            0.001491766795516014,
            0.0015852442244067787,
            0.001480714394710958,
            0.0014572181040421127,
            0.0015010396367870272,
            0.001434677466750145,
            0.0013717134366743266,
            0.0014058662811294198,
            0.0013586778077296913,
            0.001181565219303593,
            0.0011568199086468666,
            0.0012270843377336859,
            0.0012379530002363027,
            0.0012268207094166428,
            0.0010618176369462163,
            0.0012044534087181091,
            0.000993804167956114,
            0.0010952208831440657,
            0.001146766042802483,
            0.0010830296378117055,
            0.001080310542602092,
            0.000945915753254667,
            0.0010199052223470062,
            0.0009317986608948558,
            0.000977013201918453,
            0.0009248336602468044,
            0.0009676988760475069
        ]
    },
    "train_oa": {
        "type": "index_value",
        "index": [
            10,
            20,
            30,
            40,
            50,
            60,
            70,
            80,
            90,
            100
        ],
        "value": [
            96.75260333900428,
            97.54528968572977,
            97.60137598384715,
            97.6144627867412,
            97.59202826749424,
            97.68363588775262,
            97.66120136850567,
            97.70046177718783,
            97.71541812335246,
            97.7658957916581
        ]
    },
    "train_aa": {
        "type": "index_value",
        "index": [
            10,
            20,
            30,
            40,
            50,
            60,
            70,
            80,
            90,
            100
        ],
        "value": [
            98.62200435964684,
            99.13750633511572,
            99.10764030955482,
            99.12671819655974,
            99.10535308991126,
            99.14293970357895,
            99.09692750770003,
            99.14481525467143,
            99.1411849819867,
            99.15600972896254
        ]
    },
    "train_kappa": {
        "type": "index_value",
        "index": [
            10,
            20,
            30,
            40,
            50,
            60,
            70,
            80,
            90,
            100
        ],
        "value": [
            96.38528769246344,
            97.267255544843,
            97.32894452843794,
            97.34365268221352,
            97.31861931584936,
            97.42061168465204,
            97.39483885761858,
            97.43927070053783,
            97.45586307504158,
            97.51190959533494
        ]
    },
    "param": {
        "data": {
            "data_sign": "Salinas",
            "data_file": "Salinas_40",
            "dump": false,
            "diffusion_sign": false,
            "diffusion_data_sign_path_prefix": "/home/cn/codes/spectral_diff_temp/codes/save_feature/salinas_unet3d_patch16_without_downsample_kernal5_fix/save_feature",
            "diffusion_data_sign": "t5_2_full.pkl.npy",
            "patch_size": 13,
            "test_ratio": 0.95,
            "batch_size": 64,
            "num_classes": 16,
            "pca": 30,
            "dim_heads": 64,
            "spectral_size": 30
        },
        "net": {
            "trainer": "cross_trainer",
            "net_type": "just_pixel",
            "mlp_head_dim": 64,
            "depth": 2,
            "dim": 64,
            "heads": 20
        },
        "train": {
            "epochs": 100,
            "lr": 0.001,
            "weight_decay": 0,
            "temp": 20
        },
        "uniq_name": "salinas_cross_param_use.json_40_3"
    },