{
    "epoch_loss": {
        "type": "index_value",
        "index": [
            1,
            2,
            3,
            4,
            5,
            6,
            7,
            8,
            9,
            10,
            11,
            12,
            13,
            14,
            15,
            16,
            17,
            18,
            19,
            20,
            21,
            22,
            23,
            24,
            25,
            26,
            27,
            28,
            29,
            30,
            31,
            32,
            33,
            34,
            35,
            36,
            37,
            38,
            39,
            40,
            41,
            42,
            43,
            44,
            45,
            46,
            47,
            48,
            49,
            50,
            51,
            52,
            53,
            54,
            55,
            56,
            57,
            58,
            59,
            60,
            61,
            62,
            63,
            64,
            65,
            66,
            67,
            68,
            69,
            70,
            71,
            72,
            73,
            74,
            75,
            76,
            77,
            78,
            79,
            80,
            81,
            82,
            83,
            84,
            85,
            86,
            87,
            88,
            89,
            90,
            91,
            92,
            93,
            94,
            95,
            96,
            97,
            98,
            99,
            100
        ],
        "value": [
            2.3810712099075317,
            1.4913149356842041,
            1.1870164394378662,
            1.0100584149360656,
            0.8313978791236878,
            0.6985235810279846,
            0.6048484086990357,
            0.5313398480415344,
            0.4454715073108673,
            0.3891978681087494,
            0.35530989766120913,
            0.30341973900794983,
            0.2616562068462372,
            0.2332157611846924,
            0.21902987062931062,
            0.192422017455101,
            0.1632349133491516,
            0.1640283852815628,
            0.13272776305675507,
            0.12053603827953338,
            0.120497065782547,
            0.10127046257257462,
            0.09650730788707733,
            0.07624964714050293,
            0.07386636286973954,
            0.06393771320581436,
            0.05974204242229462,
            0.05744991004467011,
            0.054915857315063474,
            0.047227836400270465,
            0.04961971640586853,
            0.04602895006537437,
            0.04455183520913124,
            0.042453615367412566,
            0.03877827301621437,
            0.04189725890755654,
            0.0379009947180748,
            0.03328526392579079,
            0.030468462407588957,
            0.032260365039110186,
            0.03109954670071602,
            0.027655953913927077,
            0.037035567313432695,
            0.025682513043284415,
            0.029151026904582978,
            0.023540397733449937,
            0.025213005021214485,
            0.019784791767597197,
            0.020474045351147652,
            0.020840846002101898,
            0.017587649822235107,
            0.01868189312517643,
            0.019296273589134216,
            0.01962829940021038,
            0.019338617846369744,
            0.014193418622016906,
            0.01481097973883152,
            0.013920638337731361,
            0.013335295394062996,
            0.015743880718946456,
            0.014073127694427968,
            0.013100218027830124,
            0.012499630823731423,
            0.011960825324058533,
            0.011804875731468201,
            0.012100643664598464,
            0.010932069271802902,
            0.01369384303689003,
            0.011262043938040733,
            0.011153045855462552,
            0.010599843598902226,
            0.01096053309738636,
            0.011585333198308945,
            0.01291833259165287,
            0.008250349760055542,
            0.008775895088911056,
            0.010730009339749814,
            0.011054666712880135,
            0.008922338671982288,
            0.009085988439619542,
            0.00844863597303629,
            0.009825191646814346,
            0.008138337731361389,
            0.008198344707489013,
            0.00861515086144209,
            0.00790138728916645,
            0.007468146272003651,
            0.007412824779748917,
            0.008109312877058983,
            0.0070056581869721414,
            0.006475765258073807,
            0.009078283235430718,
            0.01729350946843624,
            0.007935667410492897,
            0.018207816034555437,
            0.009562614560127258,
            0.012640956044197082,
            0.013070793636143208,
            0.012197158485651016,
            0.011047222465276719
        ]
    },
    "train_oa": {
        "type": "index_value",
        "index": [
            10,
            20,
            30,
            40,
            50,
            60,
            70,
            80,
            90,
            100
        ],
        "value": [
            92.86256925271915,
            92.15846133891678,
            94.91004094943393,
            94.5802219792844,
            94.13181641312606,
            94.43754748096129,
            94.92857010506032,
            94.88965887824492,
            94.87483555374382,
            94.11328725749968
        ]
    },
    "train_aa": {
        "type": "index_value",
        "index": [
            10,
            20,
            30,
            40,
            50,
            60,
            70,
            80,
            90,
            100
        ],
        "value": [
            96.41293542668488,
            97.17308580117006,
            97.84780064124962,
            97.70276952113788,
            97.6009767172796,
            97.56722671121013,
            97.65059994888067,
            97.67923764076929,
            97.72281899190716,
            96.40290386826153
        ]
    },
    "train_kappa": {
        "type": "index_value",
        "index": [
            10,
            20,
            30,
            40,
            50,
            60,
            70,
            80,
            90,
            100
        ],
        "value": [
            92.07011076719903,
            91.32101200010358,
            94.35037085331389,
            93.98689855466867,
            93.49263199639337,
            93.82908361929427,
            94.3659362971804,
            94.32705309110722,
            94.31060679589478,
            93.46668789431381
        ]
    },
    "param": {
        "data": {
            "data_sign": "Salinas",
            "data_file": "Salinas_10",
            "dump": false,
            "diffusion_sign": false,
            "diffusion_data_sign_path_prefix": "/home/cn/codes/spectral_diff_temp/codes/save_feature/salinas_unet3d_patch16_without_downsample_kernal5_fix/save_feature",
            "diffusion_data_sign": "t5_2_full.pkl.npy",
            "patch_size": 13,
            "test_ratio": 0.95,
            "batch_size": 64,
            "num_classes": 16,
            "pca": 30,
            "dim_heads": 64,
            "spectral_size": 30
        },
        "net": {
            "trainer": "cross_trainer",
            "net_type": "just_pixel",
            "mlp_head_dim": 64,
            "depth": 2,
            "dim": 64,
            "heads": 20
        },
        "train": {
            "epochs": 100,
            "lr": 0.001,
            "weight_decay": 0,
            "temp": 20
        },
        "uniq_name": "salinas_cross_param_use.json_10_0"
    },