{
    "epoch_loss": {
        "type": "index_value",
        "index": [
            1,
            2,
            3,
            4,
            5,
            6,
            7,
            8,
            9,
            10,
            11,
            12,
            13,
            14,
            15,
            16,
            17,
            18,
            19,
            20,
            21,
            22,
            23,
            24,
            25,
            26,
            27,
            28,
            29,
            30,
            31,
            32,
            33,
            34,
            35,
            36,
            37,
            38,
            39,
            40,
            41,
            42,
            43,
            44,
            45,
            46,
            47,
            48,
            49,
            50,
            51,
            52,
            53,
            54,
            55,
            56,
            57,
            58,
            59,
            60,
            61,
            62,
            63,
            64,
            65,
            66,
            67,
            68,
            69,
            70,
            71,
            72,
            73,
            74,
            75,
            76,
            77,
            78,
            79,
            80,
            81,
            82,
            83,
            84,
            85,
            86,
            87,
            88,
            89,
            90,
            91,
            92,
            93,
            94,
            95,
            96,
            97,
            98,
            99,
            100
        ],
        "value": [
            1.948090147972107,
            1.1901477575302124,
            0.8847495794296265,
            0.6947781443595886,
            0.5423616886138916,
            0.4331084847450256,
            0.3337248980998993,
            0.27479641437530516,
            0.2201494812965393,
            0.18955539762973786,
            0.14376200139522552,
            0.1360226660966873,
            0.10963742583990096,
            0.09387762695550919,
            0.09010948985815048,
            0.08524686843156815,
            0.06415973603725433,
            0.05219799801707268,
            0.04756049364805222,
            0.043961098045110704,
            0.04053202122449875,
            0.03777700364589691,
            0.03631874807178974,
            0.0368994977325201,
            0.030400669574737547,
            0.026813291758298875,
            0.023579414933919907,
            0.022524627670645715,
            0.022766809165477752,
            0.01901829056441784,
            0.020681770890951155,
            0.01846724674105644,
            0.019832735881209373,
            0.021869430691003798,
            0.0189372431486845,
            0.016343165747821332,
            0.017353821918368338,
            0.015195864997804166,
            0.018012958206236364,
            0.016222846694290638,
            0.025297843106091022,
            0.014964032731950284,
            0.015481177158653736,
            0.012172686494886875,
            0.010976509004831315,
            0.010981629975140095,
            0.009147446230053901,
            0.00928520578891039,
            0.009730696491897107,
            0.008698639366775751,
            0.008059045486152171,
            0.007461868319660425,
            0.0069491536356508735,
            0.007317325472831726,
            0.006993374507874251,
            0.006614377815276384,
            0.007056498993188142,
            0.006717764865607023,
            0.006246009096503258,
            0.006466112937778235,
            0.006062310375273228,
            0.0055842493660748,
            0.0059998385608196255,
            0.005304607283324003,
            0.0050897310487926,
            0.005132953356951475,
            0.005356371682137251,
            0.005854231398552656,
            0.004520382173359394,
            0.004414339922368527,
            0.0044871182180941105,
            0.004698704835027457,
            0.004562733601778746,
            0.005191198084503412,
            0.004552835877984762,
            0.0044149022549390795,
            0.004117409931495786,
            0.004364135907962918,
            0.004002195037901402,
            0.0036982998717576265,
            0.003633575141429901,
            0.003911164216697216,
            0.0033121752552688123,
            0.0034133505541831255,
            0.00321487570181489,
            0.004019366297870875,
            0.0029875670559704305,
            0.003544308617711067,
            0.0030191902071237562,
            0.0034984513651579617,
            0.00308484504930675,
            0.0030824556946754456,
            0.0026009719353169204,
            0.00259286817163229,
            0.0025691680144518613,
            0.002620564540848136,
            0.002567468537017703,
            0.002654680470004678,
            0.002697545639239252,
            0.002482966030947864
        ]
    },
    "train_oa": {
        "type": "index_value",
        "index": [
            10,
            20,
            30,
            40,
            50,
            60,
            70,
            80,
            90,
            100
        ],
        "value": [
            94.61242543069002,
            97.10643200951515,
            96.85926146183725,
            95.11048337638684,
            96.17164414874834,
            96.38164619301604,
            96.43182367261983,
            96.48385957739411,
            96.44297422364289,
            96.46155847534799
        ]
    },
    "train_aa": {
        "type": "index_value",
        "index": [
            10,
            20,
            30,
            40,
            50,
            60,
            70,
            80,
            90,
            100
        ],
        "value": [
            97.72218765464575,
            98.74062897436716,
            98.50653762350396,
            97.46243648924762,
            98.12237449221124,
            98.26220399474883,
            98.30025826204563,
            98.25363451141573,
            98.25551547973672,
            98.25391363046512
        ]
    },
    "train_kappa": {
        "type": "index_value",
        "index": [
            10,
            20,
            30,
            40,
            50,
            60,
            70,
            80,
            90,
            100
        ],
        "value": [
            94.00196883413871,
            96.78147836114071,
            96.5046938226693,
            94.53959990565721,
            95.73663209083007,
            95.97440801313975,
            96.02987088872155,
            96.08816124018678,
            96.04245419014421,
            96.06335528510328
        ]
    },
    "param": {
        "data": {
            "data_sign": "Salinas",
            "data_file": "Salinas_20",
            "dump": false,
            "diffusion_sign": false,
            "diffusion_data_sign_path_prefix": "/home/cn/codes/spectral_diff_temp/codes/save_feature/salinas_unet3d_patch16_without_downsample_kernal5_fix/save_feature",
            "diffusion_data_sign": "t5_2_full.pkl.npy",
            "patch_size": 13,
            "test_ratio": 0.95,
            "batch_size": 64,
            "num_classes": 16,
            "pca": 30,
            "dim_heads": 64,
            "spectral_size": 30
        },
        "net": {
            "trainer": "cross_trainer",
            "net_type": "just_pixel",
            "mlp_head_dim": 64,
            "depth": 2,
            "dim": 64,
            "heads": 20
        },
        "train": {
            "epochs": 100,
            "lr": 0.001,
            "weight_decay": 0,
            "temp": 20
        },
        "uniq_name": "salinas_cross_param_use.json_20_0"
    },