{
    "epoch_loss": {
        "type": "index_value",
        "index": [
            1,
            2,
            3,
            4,
            5,
            6,
            7,
            8,
            9,
            10,
            11,
            12,
            13,
            14,
            15,
            16,
            17,
            18,
            19,
            20,
            21,
            22,
            23,
            24,
            25,
            26,
            27,
            28,
            29,
            30,
            31,
            32,
            33,
            34,
            35,
            36,
            37,
            38,
            39,
            40,
            41,
            42,
            43,
            44,
            45,
            46,
            47,
            48,
            49,
            50,
            51,
            52,
            53,
            54,
            55,
            56,
            57,
            58,
            59,
            60,
            61,
            62,
            63,
            64,
            65,
            66,
            67,
            68,
            69,
            70,
            71,
            72,
            73,
            74,
            75,
            76,
            77,
            78,
            79,
            80,
            81,
            82,
            83,
            84,
            85,
            86,
            87,
            88,
            89,
            90,
            91,
            92,
            93,
            94,
            95,
            96,
            97,
            98,
            99,
            100
        ],
        "value": [
            1.49920396566391,
            0.6596308672428131,
            0.3671092784404755,
            0.2395847326517105,
            0.16621259093284607,
            0.12691465139389038,
            0.10175283432006836,
            0.09319529891014099,
            0.0735794723033905,
            0.06958490580320359,
            0.09599313706159592,
            0.05993092566728592,
            0.03799006626009941,
            0.0359394159913063,
            0.022102144584059714,
            0.019142149984836578,
            0.019040974900126458,
            0.01466935433447361,
            0.01294985480606556,
            0.011777112260460854,
            0.011055912226438522,
            0.026864474043250083,
            0.013124891072511673,
            0.012676315307617187,
            0.0073307580128312115,
            0.006677150838077068,
            0.005722673684358597,
            0.005230232290923596,
            0.005629752296954393,
            0.005122523009777069,
            0.0050273436307907106,
            0.004814235214143992,
            0.0041314768232405185,
            0.003927852567285299,
            0.0036093155294656754,
            0.003473249450325966,
            0.0032248675264418126,
            0.003126326519995928,
            0.00289820346981287,
            0.0031938950903713705,
            0.002856591762974858,
            0.002574068112298846,
            0.002525459052994847,
            0.002495120111852884,
            0.0022935948334634306,
            0.0023017082642763855,
            0.0020024550519883635,
            0.0019855358265340327,
            0.001962126325815916,
            0.002042449535802007,
            0.002027001827955246,
            0.0018887332547456025,
            0.0018247546534985303,
            0.0016704053431749345,
            0.001584038594737649,
            0.00160124939866364,
            0.0014286004565656186,
            0.0015233942028135062,
            0.001503166132606566,
            0.0014131653169170023,
            0.0014328868221491575,
            0.001506148101761937,
            0.0012792372051626444,
            0.0014135343348607421,
            0.011220586658455432,
            0.026122407354414463,
            0.043697991967201234,
            0.04487926043570042,
            0.03482563108205795,
            0.021309654302895067,
            0.017824141439050437,
            0.018609569221735,
            0.0072993459552526474,
            0.008574293572455644,
            0.017668754104524852,
            0.016387763116508722,
            0.003521290961652994,
            0.0067950348416343336,
            0.0021008390048518778,
            0.0035013005416840316,
            0.002523883911781013,
            0.0019631427573040127,
            0.0014803164871409536,
            0.0011632927088066935,
            0.0010373527044430376,
            0.0008695948030799628,
            0.0008244755677878857,
            0.0008675682451575995,
            0.0007494839164428413,
            0.0007373886764980853,
            0.0007381392107345164,
            0.0006459769117645919,
            0.000638276191893965,
            0.0006769678415730596,
            0.000610928621608764,
            0.0005731695191934704,
            0.0005403421400114894,
            0.0005871402961201966,
            0.0005766831384971738,
            0.0005431228084489704
        ]
    },
    "train_oa": {
        "type": "index_value",
        "index": [
            10,
            20,
            30,
            40,
            50,
            60,
            70,
            80,
            90,
            100
        ],
        "value": [
            96.41658384743761,
            97.81544750510979,
            97.89982936113559,
            97.86420146636914,
            97.97108515066849,
            97.95983423653172,
            97.6541844024827,
            96.53659359822986,
            97.47792008100659,
            97.51917343284143
        ]
    },
    "train_aa": {
        "type": "index_value",
        "index": [
            10,
            20,
            30,
            40,
            50,
            60,
            70,
            80,
            90,
            100
        ],
        "value": [
            98.69368702494886,
            99.12934708396514,
            99.12167800448441,
            99.13486238224422,
            99.1884069225418,
            99.1870311521813,
            98.6180398528384,
            98.5010627987842,
            98.71947629875282,
            98.75121370479614
        ]
    },
    "train_kappa": {
        "type": "index_value",
        "index": [
            10,
            20,
            30,
            40,
            50,
            60,
            70,
            80,
            90,
            100
        ],
        "value": [
            96.01398332236589,
            97.5674849827782,
            97.66000989323474,
            97.62092410705088,
            97.73946793047938,
            97.72768188083963,
            97.38597606888952,
            96.14703921873387,
            97.18897783973537,
            97.2363318306586
        ]
    },
    "param": {
        "data": {
            "data_sign": "Salinas",
            "data_file": "Salinas_50",
            "dump": false,
            "diffusion_sign": false,
            "diffusion_data_sign_path_prefix": "/home/cn/codes/spectral_diff_temp/codes/save_feature/salinas_unet3d_patch16_without_downsample_kernal5_fix/save_feature",
            "diffusion_data_sign": "t5_2_full.pkl.npy",
            "patch_size": 13,
            "test_ratio": 0.95,
            "batch_size": 64,
            "num_classes": 16,
            "pca": 30,
            "dim_heads": 64,
            "spectral_size": 30
        },
        "net": {
            "trainer": "cross_trainer",
            "net_type": "just_pixel",
            "mlp_head_dim": 64,
            "depth": 2,
            "dim": 64,
            "heads": 20
        },
        "train": {
            "epochs": 100,
            "lr": 0.001,
            "weight_decay": 0,
            "temp": 20
        },
        "uniq_name": "salinas_cross_param_use.json_50_3"
    },