{
    "epoch_loss": {
        "type": "index_value",
        "index": [
            1,
            2,
            3,
            4,
            5,
            6,
            7,
            8,
            9,
            10,
            11,
            12,
            13,
            14,
            15,
            16,
            17,
            18,
            19,
            20,
            21,
            22,
            23,
            24,
            25,
            26,
            27,
            28,
            29,
            30,
            31,
            32,
            33,
            34,
            35,
            36,
            37,
            38,
            39,
            40,
            41,
            42,
            43,
            44,
            45,
            46,
            47,
            48,
            49,
            50
        ],
        "value": [
            2.562304401397705,
            1.7441103219985963,
            1.3248912572860718,
            1.0844679713249206,
            0.8764923691749573,
            0.7551205158233643,
            0.63215252161026,
            0.5484747290611267,
            0.46997854113578796,
            0.4249921262264252,
            0.37028648257255553,
            0.32870200276374817,
            0.29333366751670836,
            0.2818320691585541,
            0.22709288001060485,
            0.22134834825992583,
            0.19197261333465576,
            0.18642287254333495,
            0.16616777777671815,
            0.15754405558109283,
            0.14846160411834716,
            0.12225078642368317,
            0.12392877638339997,
            0.11310100555419922,
            0.09756638258695602,
            0.09182034730911255,
            0.08304671943187714,
            0.08220606744289398,
            0.07571264654397965,
            0.07083882465958595,
            0.05819061994552612,
            0.054703091830015184,
            0.044389238208532335,
            0.04699933081865311,
            0.04069985672831535,
            0.039346227794885634,
            0.03808935359120369,
            0.03438537120819092,
            0.03172953799366951,
            0.03186892196536064,
            0.03305437378585339,
            0.029920916259288787,
            0.027378616854548454,
            0.028352905437350272,
            0.024902745336294174,
            0.022997839748859404,
            0.023105317354202272,
            0.021877876296639443,
            0.021755407750606536,
            0.022751308232545852
        ]
    },
    "train_oa": {
        "type": "index_value",
        "index": [
            10,
            20,
            30,
            40,
            50
        ],
        "value": [
            92.19181381904427,
            93.1831236450555,
            94.01693564824251,
            94.92486427393504,
            94.93598176731086
        ]
    },
    "train_aa": {
        "type": "index_value",
        "index": [
            10,
            20,
            30,
            40,
            50
        ],
        "value": [
            96.45913893293408,
            97.17532851632727,
            97.38456463025548,
            97.8928120513087,
            97.87206848431966
        ]
    },
    "train_kappa": {
        "type": "index_value",
        "index": [
            10,
            20,
            30,
            40,
            50
        ],
        "value": [
            91.34414658595449,
            92.43645403686892,
            93.36411614319351,
            94.36413372888994,
            94.3787854712526
        ]
    },
    "eval_time": 4.76837158203125e-07,
    "param": {
        "data": {
            "data_sign": "Salinas",
            "data_file": "Salinas_10",
            "dump": false,
            "diffusion_sign": false,
            "diffusion_data_sign_path_prefix": "/home/cn/codes/spectral_diff_temp/codes/save_feature/salinas_unet3d_patch16_without_downsample_kernal5_fix/save_feature",
            "diffusion_data_sign": "t5_2_full.pkl.npy",
            "patch_size": 13,
            "test_ratio": 0.95,
            "batch_size": 64,
            "num_classes": 16,
            "pca": 30,
            "dim_heads": 64,
            "spectral_size": 30
        },
        "net": {
            "trainer": "cross_trainer",
            "net_type": "just_pixel",
            "mlp_head_dim": 64,
            "depth": 2,
            "dim": 64,
            "heads": 20
        },
        "train": {
            "epochs": 50,
            "lr": 0.001,
            "weight_decay": 0,
            "temp": 20
        }
    },
    "eval": {
        "classification": "              precision    recall  f1-score   support\n\n           0     1.0000    1.0000    1.0000      1999\n           1     1.0000    1.0000    1.0000      3716\n           2     0.9995    1.0000    0.9997      1966\n           3     0.9855    0.9834    0.9844      1384\n           4     0.9602    0.9936    0.9766      2668\n           5     1.0000    1.0000    1.0000      3949\n           6     0.9997    1.0000    0.9999      3569\n           7     0.9681    0.8025    0.8775     11261\n           8     0.9966    1.0000    0.9983      6193\n           9     0.9555    0.9853    0.9702      3268\n          10     0.9566    0.9991    0.9773      1058\n          11     0.9989    0.9917    0.9953      1917\n          12     0.9417    0.9989    0.9695       906\n          13     0.9815    0.9528    0.9670      1060\n          14     0.7714    0.9479    0.8506      7258\n\n   micro avg     0.9470    0.9471    0.9471     52172\n   macro avg     0.9677    0.9770    0.9711     52172\nweighted avg     0.9533    0.9471    0.9473     52172\n",
        "oa": 94.87668846930646,
        "confusion": "[[1999    0    0    0    0    0    0    0    0    0    0    0    0    0\n     0    0]\n [   0 3716    0    0    0    0    0    0    0    0    0    0    0    0\n     0    0]\n [   0    0 1966    0    0    0    0    0    0    0    0    0    0    0\n     0    0]\n [   0    0    0 1361   23    0    0    0    0    0    0    0    0    0\n     0    0]\n [   0    0    0   14 2651    0    0    0    0    0    2    1    0    0\n     0    0]\n [   0    0    0    0    0 3949    0    0    0    0    0    0    0    0\n     0    0]\n [   0    0    0    0    0    0 3569    0    0    0    0    0    0    0\n     0    0]\n [   0    0    1    0   14    0    1 9037   18  139    2    0    0   10\n  2039    0]\n [   0    0    0    0    0    0    0    0 6193    0    0    0    0    0\n     0    0]\n [   0    0    0    0    0    0    0    0    2 3220   40    0    0    6\n     0    0]\n [   0    0    0    0    0    0    0    0    0    0 1057    1    0    0\n     0    0]\n [   0    0    0    0    0    0    0    0    0    0    0 1901   16    0\n     0    0]\n [   0    0    0    0    0    0    0    0    1    0    0    0  905    0\n     0    0]\n [   0    0    0    0    0    0    0    0    0    6    4    0   40 1010\n     0    0]\n [   0    0    0    6   73    0    0  298    0    1    0    0    0    0\n  6880    0]\n [   0    0    0    0    0    0    0    0    0    4    0    0    0    3\n     0 1790]]",
        "each_acc": "[100.         100.         100.          98.33815029  99.36281859\n 100.         100.          80.25042181 100.          98.53121175\n  99.90548204  99.16536255  99.88962472  95.28301887  94.79195371\n  99.61046188]",
        "aa": 97.82053163788751,
        "kappa": 94.31314315650813
    }
}