{
    "epoch_loss": {
        "type": "index_value",
        "index": [
            1,
            2,
            3,
            4,
            5,
            6,
            7,
            8,
            9,
            10,
            11,
            12,
            13,
            14,
            15,
            16,
            17,
            18,
            19,
            20,
            21,
            22,
            23,
            24,
            25,
            26,
            27,
            28,
            29,
            30,
            31,
            32,
            33,
            34,
            35,
            36,
            37,
            38,
            39,
            40,
            41,
            42,
            43,
            44,
            45,
            46,
            47,
            48,
            49,
            50
        ],
        "value": [
            2.4178237199783323,
            1.5458432912826539,
            1.1646575848261516,
            0.8964420159657797,
            0.7043025374412537,
            0.5737337668736776,
            0.46882207194964093,
            0.3825542390346527,
            0.3286691168944041,
            0.2723209261894226,
            0.22485703627268475,
            0.2079705059528351,
            0.1755182296037674,
            0.15086712936560312,
            0.14644314746061962,
            0.13757324715455374,
            0.1114640752474467,
            0.0978220522403717,
            0.08801987220843634,
            0.07490833674867949,
            0.07651320646206537,
            0.07048613031705221,
            0.06083928272128105,
            0.05334830234448115,
            0.05024366031090419,
            0.0469752699136734,
            0.039161861936251326,
            0.046379950890938444,
            0.041744429618120193,
            0.03368297095100085,
            0.032346967111031216,
            0.03327133556207021,
            0.027609347303708395,
            0.024229916309316955,
            0.02439110924800237,
            0.02207389536003272,
            0.022631082311272623,
            0.018106427416205405,
            0.01980965957045555,
            0.017368186141053836,
            0.01806346538166205,
            0.016673484941323598,
            0.017693267265955607,
            0.01730902927617232,
            0.014772761364777882,
            0.013767676117519537,
            0.013758960242072741,
            0.012944429057339828,
            0.013538877417643865,
            0.011030148963133495
        ]
    },
    "train_oa": {
        "type": "index_value",
        "index": [
            10,
            20,
            30,
            40,
            50
        ],
        "value": [
            93.59609567815325,
            93.2490860843586,
            95.10475236133534,
            95.60949358867302,
            95.29774165414092
        ]
    },
    "train_aa": {
        "type": "index_value",
        "index": [
            10,
            20,
            30,
            40,
            50
        ],
        "value": [
            96.92742535200951,
            96.74431495739778,
            97.60271113382343,
            97.91298474831133,
            97.7148508053889
        ]
    },
    "train_kappa": {
        "type": "index_value",
        "index": [
            10,
            20,
            30,
            40,
            50
        ],
        "value": [
            92.87261452835538,
            92.4730667446382,
            94.55087242057981,
            95.11722151093821,
            94.76806963629878
        ]
    },
    "eval_time": 7.152557373046875e-07,
    "param": {
        "data": {
            "data_sign": "Salinas",
            "data_file": "Salinas_15",
            "dump": false,
            "diffusion_sign": false,
            "diffusion_data_sign_path_prefix": "/home/cn/codes/spectral_diff_temp/codes/save_feature/salinas_unet3d_patch16_without_downsample_kernal5_fix/save_feature",
            "diffusion_data_sign": "t5_2_full.pkl.npy",
            "patch_size": 13,
            "test_ratio": 0.95,
            "batch_size": 64,
            "num_classes": 16,
            "pca": 30,
            "dim_heads": 64,
            "spectral_size": 30
        },
        "net": {
            "trainer": "cross_trainer",
            "net_type": "just_pixel",
            "mlp_head_dim": 64,
            "depth": 2,
            "dim": 64,
            "heads": 20
        },
        "train": {
            "epochs": 50,
            "lr": 0.001,
            "weight_decay": 0,
            "temp": 20
        }
    },
    "eval": {
        "classification": "              precision    recall  f1-score   support\n\n           0     1.0000    1.0000    1.0000      1994\n           1     1.0000    1.0000    1.0000      3711\n           2     1.0000    1.0000    1.0000      1961\n           3     0.9669    0.9971    0.9818      1379\n           4     0.9920    0.9816    0.9868      2663\n           5     1.0000    0.9997    0.9999      3944\n           6     0.9997    1.0000    0.9999      3564\n           7     0.9148    0.8857    0.9001     11256\n           8     0.9998    1.0000    0.9999      6188\n           9     0.9074    0.9366    0.9217      3263\n          10     0.9991    1.0000    0.9995      1053\n          11     0.9358    0.9995    0.9666      1912\n          12     0.9804    1.0000    0.9901       901\n          13     0.9326    0.9839    0.9576      1055\n          14     0.8635    0.8698    0.8667      7253\n\n   micro avg     0.9514    0.9518    0.9516     52097\n   macro avg     0.9661    0.9769    0.9714     52097\nweighted avg     0.9514    0.9518    0.9515     52097\n",
        "oa": 95.30145298669487,
        "confusion": "[[1994    0    0    0    0    0    0    0    0    0    0    0    0    0\n     0    0]\n [   0 3711    0    0    0    0    0    0    0    0    0    0    0    0\n     0    0]\n [   0    0 1961    0    0    0    0    0    0    0    0    0    0    0\n     0    0]\n [   0    0    0 1375    4    0    0    0    0    0    0    0    0    0\n     0    0]\n [   0    0    0   47 2614    0    1    0    0    0    0    0    1    0\n     0    0]\n [   0    0    0    0    1 3943    0    0    0    0    0    0    0    0\n     0    0]\n [   0    0    0    0    0    0 3564    0    0    0    0    0    0    0\n     0    0]\n [   0    0    0    0    0    0    0 9970    0  299    0    0    0    0\n   987    0]\n [   0    0    0    0    0    0    0    0 6188    0    0    0    0    0\n     0    0]\n [   0    0    0    0    0    0    0    0    1 3056    1  131    0   74\n     0    0]\n [   0    0    0    0    0    0    0    0    0    0 1053    0    0    0\n     0    0]\n [   0    0    0    0    0    0    0    0    0    0    0 1911    1    0\n     0    0]\n [   0    0    0    0    0    0    0    0    0    0    0    0  901    0\n     0    0]\n [   0    0    0    0    0    0    0    0    0    0    0    0   16 1038\n     1    0]\n [   0    0    0    0   16    0    0  928    0    0    0    0    0    0\n  6309    0]\n [   0    0    0    0    0    0    0    0    0   13    0    0    0    1\n     9 1769]]",
        "each_acc": "[100.         100.         100.          99.70993474  98.15996996\n  99.97464503 100.          88.57498223 100.          93.65614465\n 100.          99.94769874 100.          98.38862559  86.98469599\n  98.71651786]",
        "aa": 97.75707592440567,
        "kappa": 94.77227653271318
    }
}