{
    "epoch_loss": {
        "type": "index_value",
        "index": [
            1,
            2,
            3,
            4,
            5,
            6,
            7,
            8,
            9,
            10,
            11,
            12,
            13,
            14,
            15,
            16,
            17,
            18,
            19,
            20,
            21,
            22,
            23,
            24,
            25,
            26,
            27,
            28,
            29,
            30,
            31,
            32,
            33,
            34,
            35,
            36,
            37,
            38,
            39,
            40,
            41,
            42,
            43,
            44,
            45,
            46,
            47,
            48,
            49,
            50,
            51,
            52,
            53,
            54,
            55,
            56,
            57,
            58,
            59,
            60,
            61,
            62,
            63,
            64,
            65,
            66,
            67,
            68,
            69,
            70,
            71,
            72,
            73,
            74,
            75,
            76,
            77,
            78,
            79,
            80,
            81,
            82,
            83,
            84,
            85,
            86,
            87,
            88,
            89,
            90,
            91,
            92,
            93,
            94,
            95,
            96,
            97,
            98,
            99,
            100
        ],
        "value": [
            2.835102844238281,
            2.142363452911377,
            1.8693566083908082,
            1.649235153198242,
            1.4108026266098022,
            1.2537060499191284,
            1.1540608882904053,
            1.0387100458145142,
            0.9304689764976501,
            0.877255916595459,
            0.7672760844230652,
            0.7381061792373658,
            0.6629602432250976,
            0.6215019345283508,
            0.5594000339508056,
            0.5458724737167359,
            0.4473209023475647,
            0.43832433223724365,
            0.41360175609588623,
            0.3759108424186707,
            0.3451978266239166,
            0.29983614683151244,
            0.30228313207626345,
            0.2682187855243683,
            0.248069167137146,
            0.24789364337921144,
            0.22576740086078645,
            0.22381452322006226,
            0.196273335814476,
            0.17435689866542817,
            0.2005154550075531,
            0.174812650680542,
            0.16300195455551147,
            0.16311196982860565,
            0.16598695516586304,
            0.1460704579949379,
            0.12585398852825164,
            0.1066296711564064,
            0.10714349746704102,
            0.10572430193424225,
            0.10204678177833557,
            0.08202371150255203,
            0.0900574967265129,
            0.07787541002035141,
            0.08565030097961426,
            0.08146479129791259,
            0.06218385994434357,
            0.06312625855207443,
            0.06432760059833527,
            0.06755856871604919,
            0.05435502827167511,
            0.05305384397506714,
            0.056804458051919936,
            0.0484100840985775,
            0.04868001490831375,
            0.054157334566116336,
            0.041789446771144864,
            0.06397891640663148,
            0.05515073239803314,
            0.047204381227493285,
            0.06754665076732635,
            0.04932188540697098,
            0.04265609681606293,
            0.0411359503865242,
            0.03278559446334839,
            0.03724505603313446,
            0.03967822045087814,
            0.0326387919485569,
            0.033707326650619505,
            0.04521840661764145,
            0.03284722119569779,
            0.026288721710443497,
            0.03392741233110428,
            0.030255068838596345,
            0.02902551293373108,
            0.03327309191226959,
            0.02651759684085846,
            0.02349483221769333,
            0.025564030557870866,
            0.02655297815799713,
            0.025253819674253462,
            0.024292703345417978,
            0.02292470633983612,
            0.021060802415013312,
            0.022841905057430268,
            0.019031982868909836,
            0.019329638779163362,
            0.019800912588834763,
            0.022958607971668245,
            0.020844294130802153,
            0.02470007762312889,
            0.01873062551021576,
            0.01568698659539223,
            0.01643795482814312,
            0.018625083938241006,
            0.01574751138687134,
            0.017878274247050286,
            0.016003412008285523,
            0.016387234255671502,
            0.017301497608423234
        ]
    },
    "train_oa": {
        "type": "index_value",
        "index": [
            10,
            20,
            30,
            40,
            50,
            60,
            70,
            80,
            90,
            100
        ],
        "value": [
            90.7139817572943,
            91.27828451960258,
            88.8231049603138,
            89.42071083646321,
            91.219078983885,
            92.50124886676905,
            92.19597032322523,
            90.22923643360654,
            92.606708727266,
            92.41429073618383
        ]
    },
    "train_aa": {
        "type": "index_value",
        "index": [
            10,
            20,
            30,
            40,
            50,
            60,
            70,
            80,
            90,
            100
        ],
        "value": [
            91.67285664599181,
            95.11273231345999,
            94.15554964518213,
            95.24848890900134,
            95.56520854519192,
            95.95170402907968,
            95.6773568451527,
            95.31314451937065,
            96.08353269342481,
            95.79658421833805
        ]
    },
    "train_kappa": {
        "type": "index_value",
        "index": [
            10,
            20,
            30,
            40,
            50,
            60,
            70,
            80,
            90,
            100
        ],
        "value": [
            89.69875727599216,
            90.28009888723743,
            87.64973139513098,
            88.304671380795,
            90.27547998850456,
            91.67854246393603,
            91.34188346513449,
            89.19301178965513,
            91.7887080856466,
            91.57550598699802
        ]
    },
    "eval_time": 7.152557373046875e-07,
    "param": {
        "data": {
            "data_sign": "Salinas",
            "data_file": "Salinas_5",
            "dump": false,
            "diffusion_sign": false,
            "diffusion_data_sign_path_prefix": "/home/cn/codes/spectral_diff_temp/codes/save_feature/salinas_unet3d_patch16_without_downsample_kernal5_fix/save_feature",
            "diffusion_data_sign": "t5_2_full.pkl.npy",
            "patch_size": 13,
            "test_ratio": 0.95,
            "batch_size": 64,
            "num_classes": 16,
            "pca": 30,
            "dim_heads": 64,
            "spectral_size": 30
        },
        "net": {
            "trainer": "cross_trainer",
            "net_type": "just_pixel",
            "mlp_head_dim": 64,
            "depth": 2,
            "dim": 64,
            "heads": 20
        },
        "train": {
            "epochs": 100,
            "lr": 0.001,
            "weight_decay": 0,
            "temp": 20
        }
    },