{
    "epoch_loss": {
        "type": "index_value",
        "index": [
            1,
            2,
            3,
            4,
            5,
            6,
            7,
            8,
            9,
            10,
            11,
            12,
            13,
            14,
            15,
            16,
            17,
            18,
            19,
            20,
            21,
            22,
            23,
            24,
            25,
            26,
            27,
            28,
            29,
            30,
            31,
            32,
            33,
            34,
            35,
            36,
            37,
            38,
            39,
            40,
            41,
            42,
            43,
            44,
            45,
            46,
            47,
            48,
            49,
            50
        ],
        "value": [
            2.181607460975647,
            1.3840751647949219,
            1.0226851105690002,
            0.765614676475525,
            0.6138858079910279,
            0.4702036499977112,
            0.3840262472629547,
            0.29994709193706515,
            0.2588784843683243,
            0.20519153475761415,
            0.20262351930141448,
            0.1590628057718277,
            0.13580160588026047,
            0.1174759179353714,
            0.11220103353261948,
            0.09102679789066315,
            0.08536214977502823,
            0.07194684445858002,
            0.06077669113874436,
            0.056851182132959366,
            0.05377723276615143,
            0.04249734580516815,
            0.046116435527801515,
            0.03677160628139973,
            0.05814434215426445,
            0.04663441032171249,
            0.039920376241207124,
            0.02926236093044281,
            0.04109824262559414,
            0.028301124274730683,
            0.024053044617176056,
            0.02183745354413986,
            0.018686335906386374,
            0.019501861557364462,
            0.01626207083463669,
            0.016279101185500622,
            0.014778070896863938,
            0.014293412305414676,
            0.014592475071549416,
            0.012963766045868397,
            0.012422342412173748,
            0.012517245300114156,
            0.011771391890943051,
            0.010416154190897942,
            0.010377082228660583,
            0.009574447013437747,
            0.00963834635913372,
            0.009216888435184955,
            0.008866224624216556,
            0.008378999587148429
        ]
    },
    "train_oa": {
        "type": "index_value",
        "index": [
            10,
            20,
            30,
            40,
            50
        ],
        "value": [
            93.47506922633761,
            95.30375959411994,
            93.50294560389526,
            95.83526919288595,
            95.69774573026817
        ]
    },
    "train_aa": {
        "type": "index_value",
        "index": [
            10,
            20,
            30,
            40,
            50
        ],
        "value": [
            97.11093689661934,
            97.74949134176407,
            97.48057710588273,
            98.05675084683352,
            98.01397859343349
        ]
    },
    "train_kappa": {
        "type": "index_value",
        "index": [
            10,
            20,
            30,
            40,
            50
        ],
        "value": [
            92.73862385919995,
            94.77018734429367,
            92.79694480428037,
            95.37045961513721,
            95.21756162868837
        ]
    },
    "eval_time": 4.76837158203125e-07,
    "param": {
        "data": {
            "data_sign": "Salinas",
            "data_file": "Salinas_20",
            "dump": false,
            "diffusion_sign": false,
            "diffusion_data_sign_path_prefix": "/home/cn/codes/spectral_diff_temp/codes/save_feature/salinas_unet3d_patch16_without_downsample_kernal5_fix/save_feature",
            "diffusion_data_sign": "t5_2_full.pkl.npy",
            "patch_size": 13,
            "test_ratio": 0.95,
            "batch_size": 64,
            "num_classes": 16,
            "pca": 30,
            "dim_heads": 64,
            "spectral_size": 30
        },
        "net": {
            "trainer": "cross_trainer",
            "net_type": "just_pixel",
            "mlp_head_dim": 64,
            "depth": 2,
            "dim": 64,
            "heads": 20
        },
        "train": {
            "epochs": 50,
            "lr": 0.001,
            "weight_decay": 0,
            "temp": 20
        }
    },
    "eval": {
        "classification": "              precision    recall  f1-score   support\n\n           0     1.0000    0.9884    0.9942      1989\n           1     0.9938    1.0000    0.9969      3706\n           2     1.0000    1.0000    1.0000      1956\n           3     0.9857    1.0000    0.9928      1374\n           4     0.9610    0.9921    0.9763      2658\n           5     1.0000    1.0000    1.0000      3939\n           6     0.9994    1.0000    0.9997      3559\n           7     0.9558    0.8717    0.9118     11251\n           8     0.9977    1.0000    0.9989      6183\n           9     0.9878    0.9180    0.9516      3258\n          10     0.9831    0.9971    0.9901      1048\n          11     0.9427    1.0000    0.9705      1907\n          12     1.0000    0.9978    0.9989       896\n          13     0.8065    1.0000    0.8929      1050\n          14     0.8412    0.9251    0.8811      7248\n\n   micro avg     0.9556    0.9557    0.9557     52022\n   macro avg     0.9636    0.9793    0.9704     52022\nweighted avg     0.9581    0.9557    0.9559     52022\n",
        "oa": 95.70517943095021,
        "confusion": "[[1966   23    0    0    0    0    0    0    0    0    0    0    0    0\n     0    0]\n [   0 3706    0    0    0    0    0    0    0    0    0    0    0    0\n     0    0]\n [   0    0 1956    0    0    0    0    0    0    0    0    0    0    0\n     0    0]\n [   0    0    0 1374    0    0    0    0    0    0    0    0    0    0\n     0    0]\n [   0    0    0   18 2637    0    2    0    0    0    0    0    0    0\n     0    1]\n [   0    0    0    0    0 3939    0    0    0    0    0    0    0    0\n     0    0]\n [   0    0    0    0    0    0 3559    0    0    0    0    0    0    0\n     0    0]\n [   0    0    0    2   17    0    0 9807    0   37    2    2    0  116\n  1266    2]\n [   0    0    0    0    0    0    0    0 6183    0    0    0    0    0\n     0    0]\n [   0    0    0    0    0    0    0    0   14 2991   16  111    0  126\n     0    0]\n [   0    0    0    0    0    0    0    0    0    0 1045    3    0    0\n     0    0]\n [   0    0    0    0    0    0    0    0    0    0    0 1907    0    0\n     0    0]\n [   0    0    0    0    0    0    0    0    0    0    0    0  894    2\n     0    0]\n [   0    0    0    0    0    0    0    0    0    0    0    0    0 1050\n     0    0]\n [   0    0    0    0   90    0    0  453    0    0    0    0    0    0\n  6705    0]\n [   0    0    0    0    0    0    0    0    0    0    0    0    0    8\n     0 1779]]",
        "each_acc": "[ 98.84364002 100.         100.         100.          99.20993228\n 100.         100.          87.16558528 100.          91.80478821\n  99.71374046 100.          99.77678571 100.          92.50827815\n  99.55232233]",
        "aa": 98.03594202755481,
        "kappa": 95.22591031419475
    }
}