{
    "epoch_loss": {
        "type": "index_value",
        "index": [
            1,
            2,
            3,
            4,
            5,
            6,
            7,
            8,
            9,
            10,
            11,
            12,
            13,
            14,
            15,
            16,
            17,
            18,
            19,
            20,
            21,
            22,
            23,
            24,
            25,
            26,
            27,
            28,
            29,
            30,
            31,
            32,
            33,
            34,
            35,
            36,
            37,
            38,
            39,
            40,
            41,
            42,
            43,
            44,
            45,
            46,
            47,
            48,
            49,
            50
        ],
        "value": [
            2.0874979877471924,
            1.1591925454139709,
            0.8159986162185668,
            0.5957415056228638,
            0.4482001876831055,
            0.34481519341468814,
            0.2835347735881805,
            0.22503859400749207,
            0.17253221392631532,
            0.1681895887851715,
            0.1345387268066406,
            0.13780831396579743,
            0.10621428608894348,
            0.09963641881942749,
            0.07450362429022789,
            0.0654583728313446,
            0.05788687825202942,
            0.04817338794469833,
            0.0496381801366806,
            0.03783401966094971,
            0.037081748247146606,
            0.05373010694980621,
            0.05749952375888825,
            0.03345731228590012,
            0.03496707066893578,
            0.03806789986789227,
            0.02324651539325714,
            0.021037741899490356,
            0.01914633862674236,
            0.01699866443872452,
            0.015044335424900055,
            0.015005991905927657,
            0.016616817712783814,
            0.018663897961378097,
            0.013865323662757873,
            0.014130865335464477,
            0.012473555654287339,
            0.010662246532738208,
            0.01225572444498539,
            0.016779522374272347,
            0.02553867407143116,
            0.04798829212784767,
            0.034490664601325986,
            0.019208576530218124,
            0.017343821972608565,
            0.011268825456500053,
            0.009549476802349091,
            0.008392631635069847,
            0.006772992387413979,
            0.006288152262568474
        ]
    },
    "train_oa": {
        "type": "index_value",
        "index": [
            10,
            20,
            30,
            40,
            50
        ],
        "value": [
            92.57198161142027,
            94.60626477321372,
            95.28187757077184,
            95.58897429693461,
            95.25395968657521
        ]
    },
    "train_aa": {
        "type": "index_value",
        "index": [
            10,
            20,
            30,
            40,
            50
        ],
        "value": [
            96.79308900488279,
            97.71377061298746,
            97.83121101069115,
            98.06771407389692,
            97.65617197331402
        ]
    },
    "train_kappa": {
        "type": "index_value",
        "index": [
            10,
            20,
            30,
            40,
            50
        ],
        "value": [
            91.71152007302172,
            93.99845641101847,
            94.75192082439368,
            95.09041954947678,
            94.71811053067076
        ]
    },
    "eval_time": 2.384185791015625e-07,
    "param": {
        "data": {
            "data_sign": "Salinas",
            "data_file": "Salinas_25",
            "dump": false,
            "diffusion_sign": false,
            "diffusion_data_sign_path_prefix": "/home/cn/codes/spectral_diff_temp/codes/save_feature/salinas_unet3d_patch16_without_downsample_kernal5_fix/save_feature",
            "diffusion_data_sign": "t5_2_full.pkl.npy",
            "patch_size": 13,
            "test_ratio": 0.95,
            "batch_size": 64,
            "num_classes": 16,
            "pca": 30,
            "dim_heads": 64,
            "spectral_size": 30
        },
        "net": {
            "trainer": "cross_trainer",
            "net_type": "just_pixel",
            "mlp_head_dim": 64,
            "depth": 2,
            "dim": 64,
            "heads": 20
        },
        "train": {
            "epochs": 50,
            "lr": 0.001,
            "weight_decay": 0,
            "temp": 20
        }
    },
    "eval": {
        "classification": "              precision    recall  f1-score   support\n\n           0     1.0000    1.0000    1.0000      1984\n           1     1.0000    1.0000    1.0000      3701\n           2     1.0000    1.0000    1.0000      1951\n           3     0.9567    1.0000    0.9779      1369\n           4     0.9855    0.9755    0.9805      2653\n           5     0.9992    1.0000    0.9996      3934\n           6     1.0000    1.0000    1.0000      3554\n           7     0.9215    0.8669    0.8934     11246\n           8     0.9997    1.0000    0.9998      6178\n           9     0.9948    0.9966    0.9957      3253\n          10     0.9990    0.9952    0.9971      1043\n          11     0.9974    1.0000    0.9987      1902\n          12     0.9262    1.0000    0.9617       891\n          13     0.9709    0.9244    0.9471      1045\n          14     0.8120    0.8815    0.8454      7243\n\n   micro avg     0.9512    0.9516    0.9514     51947\n   macro avg     0.9709    0.9760    0.9731     51947\nweighted avg     0.9525    0.9516    0.9516     51947\n",
        "oa": 95.28001637849206,
        "confusion": "[[1984    0    0    0    0    0    0    0    0    0    0    0    0    0\n     0    0]\n [   0 3701    0    0    0    0    0    0    0    0    0    0    0    0\n     0    0]\n [   0    0 1951    0    0    0    0    0    0    0    0    0    0    0\n     0    0]\n [   0    0    0 1369    0    0    0    0    0    0    0    0    0    0\n     0    0]\n [   0    0    0   62 2588    3    0    0    0    0    0    0    0    0\n     0    0]\n [   0    0    0    0    0 3934    0    0    0    0    0    0    0    0\n     0    0]\n [   0    0    0    0    0    0 3554    0    0    0    0    0    0    0\n     0    0]\n [   0    0    0    0   10    0    0 9749    0    0    1    0    0    8\n  1478    0]\n [   0    0    0    0    0    0    0    0 6178    0    0    0    0    0\n     0    0]\n [   0    0    0    0    0    0    0    0    2 3242    0    0    0    9\n     0    0]\n [   0    0    0    0    0    0    0    0    0    0 1038    5    0    0\n     0    0]\n [   0    0    0    0    0    0    0    0    0    0    0 1902    0    0\n     0    0]\n [   0    0    0    0    0    0    0    0    0    0    0    0  891    0\n     0    0]\n [   0    0    0    0    0    0    0    0    0    8    0    0   71  966\n     0    0]\n [   0    0    0    0   28    0    0  830    0    0    0    0    0    0\n  6385    0]\n [   0    0    0    0    0    0    0    0    0    9    0    0    0   12\n     0 1761]]",
        "each_acc": "[100.         100.         100.         100.          97.54994346\n 100.         100.          86.68860039 100.          99.6618506\n  99.52061361 100.         100.          92.44019139  88.1540798\n  98.82154882]",
        "aa": 97.6773017547375,
        "kappa": 94.74697091716824
    }
}