{
    "epoch_loss": {
        "type": "index_value",
        "index": [
            1,
            2,
            3,
            4,
            5,
            6,
            7,
            8,
            9,
            10,
            11,
            12,
            13,
            14,
            15,
            16,
            17,
            18,
            19,
            20,
            21,
            22,
            23,
            24,
            25,
            26,
            27,
            28,
            29,
            30,
            31,
            32,
            33,
            34,
            35,
            36,
            37,
            38,
            39,
            40,
            41,
            42,
            43,
            44,
            45,
            46,
            47,
            48,
            49,
            50,
            51,
            52,
            53,
            54,
            55,
            56,
            57,
            58,
            59,
            60,
            61,
            62,
            63,
            64,
            65,
            66,
            67,
            68,
            69,
            70,
            71,
            72,
            73,
            74,
            75,
            76,
            77,
            78,
            79,
            80,
            81,
            82,
            83,
            84,
            85,
            86,
            87,
            88,
            89,
            90,
            91,
            92,
            93,
            94,
            95,
            96,
            97,
            98,
            99,
            100
        ],
        "value": [
            2.743961811065674,
            2.038667893409729,
            1.6328805446624757,
            1.4109252452850343,
            1.2050690650939941,
            1.039971947669983,
            0.8806218147277832,
            0.7418764472007752,
            0.6129915952682495,
            0.5248420119285584,
            0.4524115025997162,
            0.3759633183479309,
            0.3229011297225952,
            0.2711608946323395,
            0.2321552038192749,
            0.1921991527080536,
            0.17670857906341553,
            0.15363086462020875,
            0.12690604627132415,
            0.11125289648771286,
            0.10010565519332885,
            0.09435898214578628,
            0.08371112644672393,
            0.08452030122280121,
            0.07188441306352615,
            0.06511166244745255,
            0.06279178261756897,
            0.05378138870000839,
            0.053412826359272005,
            0.04745731428265572,
            0.04565833956003189,
            0.03972218558192253,
            0.0422847181558609,
            0.0397914208471775,
            0.032740970700979234,
            0.03602567091584206,
            0.030944204330444335,
            0.036779400706291196,
            0.027464287355542183,
            0.027293225377798082,
            0.030772282928228378,
            0.02839875817298889,
            0.02406142242252827,
            0.024718650802969932,
            0.025243067741394044,
            0.021172093600034712,
            0.02275182344019413,
            0.022191064804792403,
            0.019894851371645927,
            0.017958030104637146,
            0.01918019913136959,
            0.018986139819025992,
            0.015644220262765886,
            0.016545549035072327,
            0.015248801931738854,
            0.016112259961664675,
            0.01432474348694086,
            0.016267845034599306,
            0.01546877808868885,
            0.013985585421323776,
            0.012081626243889332,
            0.01329159326851368,
            0.013054769299924374,
            0.013203566893935204,
            0.012262631952762604,
            0.013323586247861386,
            0.012229902669787407,
            0.0107740992680192,
            0.011180001497268676,
            0.010806213319301605,
            0.010433556325733662,
            0.010824422910809517,
            0.011336578987538815,
            0.009750613197684287,
            0.00967593416571617,
            0.0093657236546278,
            0.009336789697408676,
            0.008475479483604432,
            0.008452163450419903,
            0.009094635397195816,
            0.009099353477358818,
            0.00881304256618023,
            0.009544477611780167,
            0.007945373468101025,
            0.008576140366494655,
            0.00862044282257557,
            0.008967755734920502,
            0.008045117370784283,
            0.0067328143864870075,
            0.0077597894705832005,
            0.0071621228009462355,
            0.007279682718217373,
            0.00758973341435194,
            0.008699359372258186,
            0.006913449801504612,
            0.006562713440507651,
            0.005992250982671976,
            0.006927039287984371,
            0.005718878749758005,
            0.006248163804411888
        ]
    },
    "train_oa": {
        "type": "index_value",
        "index": [
            10,
            20,
            30,
            40,
            50,
            60,
            70,
            80,
            90,
            100
        ],
        "value": [
            84.7953216374269,
            87.34265041133908,
            87.85806323718901,
            87.86797502230151,
            87.83823966696403,
            87.55079789870156,
            87.85806323718901,
            87.94726930320151,
            87.93735751808902,
            88.49241748438894
        ]
    },
    "train_aa": {
        "type": "index_value",
        "index": [
            10,
            20,
            30,
            40,
            50,
            60,
            70,
            80,
            90,
            100
        ],
        "value": [
            92.72936643395863,
            94.27774644179976,
            94.16848611893558,
            94.33162142636967,
            94.28558132877612,
            94.17189176639108,
            94.3346109496887,
            94.30450370787472,
            94.36617101805183,
            94.58829668537624
        ]
    },
    "train_kappa": {
        "type": "index_value",
        "index": [
            10,
            20,
            30,
            40,
            50,
            60,
            70,
            80,
            90,
            100
        ],
        "value": [
            82.85713317295173,
            85.73809188817185,
            86.29668151180594,
            86.3083198304365,
            86.270370860382,
            85.95497630864926,
            86.29520846349615,
            86.39157699697161,
            86.38567367630996,
            86.99663657186217
        ]
    },
    "eval_time": 4.76837158203125e-07,
    "param": {
        "data": {
            "data_sign": "Indian",
            "data_file": "Indian_10",
            "diffusion_sign": false,
            "diffusion_data_sign_path_prefix": "/home/cn/codes/spectral_diff_temp/codes/save_feature/indian_unet3d_patch16_without_downsample_kernal5_fix/save_feature",
            "diffusion_data_sign": "t5_2_full.pkl.npy",
            "patch_size": 13,
            "test_ratio": 0.95,
            "batch_size": 64,
            "num_classes": 16,
            "pca": 200,
            "dim_heads": 64,
            "spectral_size": 200
        },
        "net": {
            "trainer": "cross_trainer",
            "net_type": "just_pixel",
            "mlp_head_dim": 64,
            "depth": 3,
            "dim": 64,
            "heads": 20,
            "kernal": 5,
            "padding": 2
        },
        "train": {
            "epochs": 100,
            "lr": 0.001,
            "weight_decay": 0,
            "temp": 20
        },
        "uniq_name": "Indian_test"
    },