{
    "epoch_loss": {
        "type": "index_value",
        "index": [
            1,
            2,
            3,
            4,
            5,
            6,
            7,
            8,
            9,
            10,
            11,
            12,
            13,
            14,
            15,
            16,
            17,
            18,
            19,
            20,
            21,
            22,
            23,
            24,
            25,
            26,
            27,
            28,
            29,
            30,
            31,
            32,
            33,
            34,
            35,
            36,
            37,
            38,
            39,
            40,
            41,
            42,
            43,
            44,
            45,
            46,
            47,
            48,
            49,
            50,
            51,
            52,
            53,
            54,
            55,
            56,
            57,
            58,
            59,
            60,
            61,
            62,
            63,
            64,
            65,
            66,
            67,
            68,
            69,
            70,
            71,
            72,
            73,
            74,
            75,
            76,
            77,
            78,
            79,
            80,
            81,
            82,
            83,
            84,
            85,
            86,
            87,
            88,
            89,
            90,
            91,
            92,
            93,
            94,
            95,
            96,
            97,
            98,
            99,
            100
        ],
        "value": [
            2.706360387802124,
            1.9664170026779175,
            1.58616464138031,
            1.3499261617660523,
            1.157482671737671,
            0.9954921483993531,
            0.8331000208854675,
            0.7262044906616211,
            0.5867397308349609,
            0.49733232855796816,
            0.42381198406219484,
            0.3441427171230316,
            0.3162510931491852,
            0.24062536358833314,
            0.22017015814781188,
            0.17891805768013,
            0.15990257859230042,
            0.1505846709012985,
            0.11519989967346192,
            0.11034762561321258,
            0.0962238922715187,
            0.08978903293609619,
            0.07930674403905869,
            0.07442419975996017,
            0.05900654643774032,
            0.06705147176980972,
            0.06155000925064087,
            0.05352536886930466,
            0.048631973564624786,
            0.04280298203229904,
            0.04294524416327476,
            0.044106556475162505,
            0.039874355494976046,
            0.039769357442855834,
            0.03858248442411423,
            0.03732532262802124,
            0.03254525363445282,
            0.028836268186569213,
            0.03207696303725242,
            0.03023313656449318,
            0.02890377789735794,
            0.026163264736533166,
            0.02559175118803978,
            0.02305309772491455,
            0.023692471161484718,
            0.025603460520505904,
            0.025341346859931946,
            0.02287910208106041,
            0.02198690064251423,
            0.02047886177897453,
            0.019852647185325624,
            0.02196902297437191,
            0.01929667890071869,
            0.019825008511543275,
            0.017570943757891654,
            0.01762426309287548,
            0.017329994961619376,
            0.018128103762865066,
            0.01399321760982275,
            0.01625405214726925,
            0.013304017670452594,
            0.013770673051476478,
            0.012934684753417969,
            0.013582840003073216,
            0.014590324833989143,
            0.013211171515285969,
            0.012670241855084896,
            0.012252715975046157,
            0.012042916007339954,
            0.012329763919115066,
            0.011336056143045425,
            0.010669194161891937,
            0.01001010425388813,
            0.01047521736472845,
            0.01141651850193739,
            0.010440962575376033,
            0.009003847278654576,
            0.009277761541306972,
            0.008917172998189926,
            0.009958809614181519,
            0.008995402045547963,
            0.008780618011951447,
            0.011319050565361977,
            0.009008734673261642,
            0.00852255690842867,
            0.008553446084260941,
            0.008469243347644807,
            0.008368364721536636,
            0.007742233946919442,
            0.007895565219223499,
            0.008299578353762627,
            0.0072465486824512485,
            0.007546159066259861,
            0.007448048889636993,
            0.007664551865309477,
            0.007816329970955849,
            0.006279263831675053,
            0.006683817133307457,
            0.006774059496819973,
            0.006767274998128414
        ]
    },
    "train_oa": {
        "type": "index_value",
        "index": [
            10,
            20,
            30,
            40,
            50,
            60,
            70,
            80,
            90,
            100
        ],
        "value": [
            85.33055803350183,
            86.31182475963921,
            86.05411834671425,
            86.4208543958767,
            86.09376548716425,
            86.62900188323917,
            86.33164832986421,
            86.4505897512142,
            86.49023689166418,
            86.34156011497672
        ]
    },
    "train_aa": {
        "type": "index_value",
        "index": [
            10,
            20,
            30,
            40,
            50,
            60,
            70,
            80,
            90,
            100
        ],
        "value": [
            93.13317633295497,
            94.09394943802778,
            93.87782904654081,
            94.01765049783648,
            93.83734986820089,
            94.15323917535976,
            93.93916359041233,
            94.02178661354856,
            94.05726902536719,
            94.03042915253734
        ]
    },
    "train_kappa": {
        "type": "index_value",
        "index": [
            10,
            20,
            30,
            40,
            50,
            60,
            70,
            80,
            90,
            100
        ],
        "value": [
            83.51879252162556,
            84.60280633451735,
            84.31395747994507,
            84.71965369708923,
            84.35370950117786,
            84.94126422311135,
            84.61370064696254,
            84.74516879736068,
            84.7897632956855,
            84.6266850443495
        ]
    },
    "eval_time": 4.76837158203125e-07,
    "param": {
        "data": {
            "data_sign": "Indian",
            "data_file": "Indian_10",
            "diffusion_sign": false,
            "diffusion_data_sign_path_prefix": "/home/cn/codes/spectral_diff_temp/codes/save_feature/indian_unet3d_patch16_without_downsample_kernal5_fix/save_feature",
            "diffusion_data_sign": "t5_2_full.pkl.npy",
            "patch_size": 13,
            "test_ratio": 0.95,
            "batch_size": 64,
            "num_classes": 16,
            "pca": 200,
            "dim_heads": 64,
            "spectral_size": 200
        },
        "net": {
            "trainer": "cross_trainer",
            "net_type": "just_pixel",
            "mlp_head_dim": 64,
            "depth": 3,
            "dim": 64,
            "heads": 20,
            "kernal": 5,
            "padding": 2
        },
        "train": {
            "epochs": 100,
            "lr": 0.001,
            "weight_decay": 0,
            "temp": 20
        },
        "uniq_name": "Indian_test"
    },