{
    "epoch_loss": {
        "type": "index_value",
        "index": [
            1,
            2,
            3,
            4,
            5,
            6,
            7,
            8,
            9,
            10,
            11,
            12,
            13,
            14,
            15,
            16,
            17,
            18,
            19,
            20,
            21,
            22,
            23,
            24,
            25,
            26,
            27,
            28,
            29,
            30,
            31,
            32,
            33,
            34,
            35,
            36,
            37,
            38,
            39,
            40,
            41,
            42,
            43,
            44,
            45,
            46,
            47,
            48,
            49,
            50,
            51,
            52,
            53,
            54,
            55,
            56,
            57,
            58,
            59,
            60,
            61,
            62,
            63,
            64,
            65,
            66,
            67,
            68,
            69,
            70,
            71,
            72,
            73,
            74,
            75,
            76,
            77,
            78,
            79,
            80,
            81,
            82,
            83,
            84,
            85,
            86,
            87,
            88,
            89,
            90,
            91,
            92,
            93,
            94,
            95,
            96,
            97,
            98,
            99,
            100
        ],
        "value": [
            2.6961583614349367,
            2.0443539142608644,
            1.6634388446807862,
            1.4192598342895508,
            1.2193804740905763,
            1.0664454340934753,
            0.8787418484687806,
            0.7685828089714051,
            0.6503853678703309,
            0.5585668623447418,
            0.45212134122848513,
            0.3664462029933929,
            0.32210883498191833,
            0.2959683001041412,
            0.23797255754470825,
            0.20857606530189515,
            0.17790308892726897,
            0.15130943655967713,
            0.14860434532165528,
            0.1160774677991867,
            0.10955643951892853,
            0.09558099061250687,
            0.08803921788930893,
            0.07982887774705887,
            0.0716252639889717,
            0.0712254598736763,
            0.0646919384598732,
            0.056829361617565154,
            0.05435002148151398,
            0.04824793338775635,
            0.04436859786510468,
            0.045156586170196536,
            0.047863651812076566,
            0.04068357795476914,
            0.034242826700210574,
            0.034889917075634005,
            0.03367962911725044,
            0.030674532800912858,
            0.029243773221969603,
            0.027878494933247566,
            0.029043566808104514,
            0.028405260294675827,
            0.02568623572587967,
            0.024932360649108885,
            0.023168843239545822,
            0.025189726054668425,
            0.02132082059979439,
            0.021663348749279977,
            0.02102794386446476,
            0.020319719240069388,
            0.019305960088968278,
            0.01763552986085415,
            0.017010388523340227,
            0.015792305022478102,
            0.016868502646684647,
            0.018433620408177375,
            0.01744081638753414,
            0.013962256535887719,
            0.015966713428497314,
            0.013214556500315666,
            0.013893014565110207,
            0.013740070909261704,
            0.01605479009449482,
            0.012588785588741302,
            0.012878600135445594,
            0.012339703738689423,
            0.012813849560916423,
            0.01255122646689415,
            0.011157969199120998,
            0.012024856731295585,
            0.012027718126773834,
            0.011164063587784767,
            0.011783582903444768,
            0.009563588351011277,
            0.009139363653957844,
            0.010834269039332867,
            0.010613171756267548,
            0.009890400804579258,
            0.008835763856768607,
            0.010221718996763229,
            0.00886799544095993,
            0.008288264647126198,
            0.00890148188918829,
            0.009772654436528683,
            0.009250657819211482,
            0.006911167502403259,
            0.008190866559743881,
            0.007312718313187361,
            0.007939419522881509,
            0.008027172461152077,
            0.007644233293831348,
            0.007586250826716423,
            0.006921435706317425,
            0.006824676878750324,
            0.006961625814437866,
            0.007446834817528725,
            0.007088024914264679,
            0.006717169005423784,
            0.006411337479948998,
            0.006428614817559719
        ]
    },
    "train_oa": {
        "type": "index_value",
        "index": [
            10,
            20,
            30,
            40,
            50,
            60,
            70,
            80,
            90,
            100
        ],
        "value": [
            85.48914659530182,
            86.72811973436416,
            86.4109426107642,
            86.68847259391417,
            86.87679651105164,
            86.86688472593914,
            87.29309148577659,
            86.85697294082664,
            87.1939736346516,
            87.0849439984141
        ]
    },
    "train_aa": {
        "type": "index_value",
        "index": [
            10,
            20,
            30,
            40,
            50,
            60,
            70,
            80,
            90,
            100
        ],
        "value": [
            93.25439461244555,
            94.15279860750964,
            93.85447352551108,
            93.94809008247974,
            94.06286366940483,
            93.98550232662933,
            94.24012294942554,
            94.0498860623521,
            94.15085928974409,
            94.02753677083733
        ]
    },
    "train_kappa": {
        "type": "index_value",
        "index": [
            10,
            20,
            30,
            40,
            50,
            60,
            70,
            80,
            90,
            100
        ],
        "value": [
            83.65482009031786,
            85.03929552220121,
            84.67783689814623,
            84.98299073148866,
            85.19559592054418,
            85.1794840735268,
            85.65250103886575,
            85.1700338421735,
            85.5418928504755,
            85.41989655420583
        ]
    },
    "eval_time": 4.76837158203125e-07,
    "param": {
        "data": {
            "data_sign": "Indian",
            "data_file": "Indian_10",
            "diffusion_sign": false,
            "diffusion_data_sign_path_prefix": "/home/cn/codes/spectral_diff_temp/codes/save_feature/indian_unet3d_patch16_without_downsample_kernal5_fix/save_feature",
            "diffusion_data_sign": "t5_2_full.pkl.npy",
            "patch_size": 13,
            "test_ratio": 0.95,
            "batch_size": 64,
            "num_classes": 16,
            "pca": 200,
            "dim_heads": 64,
            "spectral_size": 200
        },
        "net": {
            "trainer": "cross_trainer",
            "net_type": "just_pixel",
            "mlp_head_dim": 64,
            "depth": 3,
            "dim": 64,
            "heads": 20,
            "kernal": 5,
            "padding": 2
        },
        "train": {
            "epochs": 100,
            "lr": 0.001,
            "weight_decay": 0,
            "temp": 20
        },
        "uniq_name": "Indian_test"
    },