{
    "epoch_loss": {
        "type": "index_value",
        "index": [
            1,
            2,
            3,
            4,
            5,
            6,
            7,
            8,
            9,
            10,
            11,
            12,
            13,
            14,
            15,
            16,
            17,
            18,
            19,
            20,
            21,
            22,
            23,
            24,
            25,
            26,
            27,
            28,
            29,
            30,
            31,
            32,
            33,
            34,
            35,
            36,
            37,
            38,
            39,
            40,
            41,
            42,
            43,
            44,
            45,
            46,
            47,
            48,
            49,
            50,
            51,
            52,
            53,
            54,
            55,
            56,
            57,
            58,
            59,
            60,
            61,
            62,
            63,
            64,
            65,
            66,
            67,
            68,
            69,
            70,
            71,
            72,
            73,
            74,
            75,
            76,
            77,
            78,
            79,
            80,
            81,
            82,
            83,
            84,
            85,
            86,
            87,
            88,
            89,
            90,
            91,
            92,
            93,
            94,
            95,
            96,
            97,
            98,
            99,
            100
        ],
        "value": [
            2.666709470748901,
            1.9877187728881835,
            1.5710599660873412,
            1.2968364477157592,
            1.1307801961898805,
            0.9821392893791199,
            0.849486517906189,
            0.7231186628341675,
            0.5976840019226074,
            0.524075710773468,
            0.4530765414237976,
            0.3659542858600616,
            0.31672837734222414,
            0.2764176309108734,
            0.23182789385318756,
            0.20726962089538575,
            0.1807733029127121,
            0.16191819310188293,
            0.13071250021457673,
            0.11490064710378647,
            0.10590743571519852,
            0.09666719436645507,
            0.08656644672155381,
            0.07753785699605942,
            0.08297117650508881,
            0.06513476371765137,
            0.05674150437116623,
            0.05504583194851875,
            0.05240760445594787,
            0.05145760327577591,
            0.04547670856118202,
            0.041287682950496674,
            0.04527492374181748,
            0.03732779249548912,
            0.03801857307553291,
            0.03724723532795906,
            0.031989901512861255,
            0.032726649194955826,
            0.032782069966197015,
            0.030983975529670714,
            0.02754303887486458,
            0.027616096287965776,
            0.0279508575797081,
            0.02559744641184807,
            0.023692962527275086,
            0.021905815228819847,
            0.022940529510378838,
            0.020362743362784385,
            0.022021789103746414,
            0.02118777148425579,
            0.019009076431393622,
            0.017276550084352492,
            0.016299422085285186,
            0.01852460838854313,
            0.016260366514325143,
            0.016334967873990535,
            0.014927717298269272,
            0.014569825306534768,
            0.013947997987270356,
            0.014883909188210965,
            0.016690966114401816,
            0.01372782327234745,
            0.014121359214186668,
            0.012997206300497055,
            0.013398228026926518,
            0.014142092689871788,
            0.011390307545661926,
            0.013332569971680641,
            0.0113523930311203,
            0.011112384125590324,
            0.010303842462599277,
            0.011435806937515735,
            0.010906732082366944,
            0.011544745415449142,
            0.011285869404673576,
            0.009864817559719085,
            0.011684597469866276,
            0.010351538471877576,
            0.009891520999372006,
            0.00840043742209673,
            0.008704058267176152,
            0.009140610694885254,
            0.009281910210847854,
            0.008263909444212913,
            0.00896529909223318,
            0.008297671563923359,
            0.008923042379319669,
            0.008807010017335415,
            0.00810618679970503,
            0.007286530174314976,
            0.008354146219789981,
            0.00687830513343215,
            0.006626164354383945,
            0.0070044780150055885,
            0.006952113751322031,
            0.007066578976809979,
            0.005425004567950964,
            0.006212360970675945,
            0.007109137810766697,
            0.006855884566903114
        ]
    },
    "train_oa": {
        "type": "index_value",
        "index": [
            10,
            20,
            30,
            40,
            50,
            60,
            70,
            80,
            90,
            100
        ],
        "value": [
            84.28982059668947,
            87.30300327088909,
            87.38229755178908,
            86.94617900683913,
            87.30300327088909,
            87.39220933690157,
            87.49132718802657,
            87.43185647735157,
            87.54088611358905,
            87.64000396471404
        ]
    },
    "train_aa": {
        "type": "index_value",
        "index": [
            10,
            20,
            30,
            40,
            50,
            60,
            70,
            80,
            90,
            100
        ],
        "value": [
            91.93564094904117,
            93.94843528193783,
            93.6400188650323,
            93.62584691323737,
            93.67264403404148,
            93.67251605946242,
            93.94384468622097,
            93.64258734092911,
            93.93300423913344,
            93.73216927476236
        ]
    },
    "train_kappa": {
        "type": "index_value",
        "index": [
            10,
            20,
            30,
            40,
            50,
            60,
            70,
            80,
            90,
            100
        ],
        "value": [
            82.32252334954575,
            85.64662843434911,
            85.7285506426554,
            85.2458275881501,
            85.64602202001312,
            85.73947454599137,
            85.8522634957446,
            85.78753430020471,
            85.90826262661258,
            86.01499120269393
        ]
    },
    "eval_time": 4.76837158203125e-07,
    "param": {
        "data": {
            "data_sign": "Indian",
            "data_file": "Indian_10",
            "diffusion_sign": false,
            "diffusion_data_sign_path_prefix": "/home/cn/codes/spectral_diff_temp/codes/save_feature/indian_unet3d_patch16_without_downsample_kernal5_fix/save_feature",
            "diffusion_data_sign": "t5_2_full.pkl.npy",
            "patch_size": 13,
            "test_ratio": 0.95,
            "batch_size": 64,
            "num_classes": 16,
            "pca": 200,
            "dim_heads": 64,
            "spectral_size": 200
        },
        "net": {
            "trainer": "cross_trainer",
            "net_type": "just_pixel",
            "mlp_head_dim": 64,
            "depth": 3,
            "dim": 64,
            "heads": 20,
            "kernal": 5,
            "padding": 2
        },
        "train": {
            "epochs": 100,
            "lr": 0.001,
            "weight_decay": 0,
            "temp": 20
        },
        "uniq_name": "Indian_test"
    },