{
    "epoch_loss": {
        "type": "index_value",
        "index": [
            1,
            2,
            3,
            4,
            5,
            6,
            7,
            8,
            9,
            10,
            11,
            12,
            13,
            14,
            15,
            16,
            17,
            18,
            19,
            20,
            21,
            22,
            23,
            24,
            25,
            26,
            27,
            28,
            29,
            30,
            31,
            32,
            33,
            34,
            35,
            36,
            37,
            38,
            39,
            40,
            41,
            42,
            43,
            44,
            45,
            46,
            47,
            48,
            49,
            50,
            51,
            52,
            53,
            54,
            55,
            56,
            57,
            58,
            59,
            60,
            61,
            62,
            63,
            64,
            65,
            66,
            67,
            68,
            69,
            70,
            71,
            72,
            73,
            74,
            75,
            76,
            77,
            78,
            79,
            80,
            81,
            82,
            83,
            84,
            85,
            86,
            87,
            88,
            89,
            90,
            91,
            92,
            93,
            94,
            95,
            96,
            97,
            98,
            99,
            100
        ],
        "value": [
            2.676718330383301,
            1.951495361328125,
            1.6045608997344971,
            1.3636795997619628,
            1.1794584751129151,
            1.0300953149795533,
            0.9113287806510926,
            0.7536580324172973,
            0.6369606971740722,
            0.554141354560852,
            0.4629779577255249,
            0.39168035984039307,
            0.3187922775745392,
            0.28692551255226134,
            0.23747098445892334,
            0.21078863441944123,
            0.16954353153705598,
            0.1617736130952835,
            0.13242132365703582,
            0.12253937423229218,
            0.10356402099132538,
            0.09058893024921418,
            0.08177962899208069,
            0.07761231064796448,
            0.07514247596263886,
            0.06727277338504792,
            0.05975169837474823,
            0.05925188809633255,
            0.05777805522084236,
            0.05058427155017853,
            0.05017623975872994,
            0.04561350643634796,
            0.04350133240222931,
            0.03760871887207031,
            0.03558441326022148,
            0.03326605781912804,
            0.0333127848803997,
            0.03008655458688736,
            0.029954680055379868,
            0.03165911659598351,
            0.02810128852725029,
            0.023877039179205896,
            0.02734069861471653,
            0.022491438686847685,
            0.02147095687687397,
            0.021687828376889227,
            0.022167927771806716,
            0.019487450271844863,
            0.02038416787981987,
            0.022005387023091315,
            0.021277305856347083,
            0.017994285002350806,
            0.01797398291528225,
            0.01692093126475811,
            0.016429930925369263,
            0.01615748405456543,
            0.01455400586128235,
            0.016067521646618843,
            0.014461487531661987,
            0.013970305398106574,
            0.014644430950284004,
            0.0150497917085886,
            0.014672187343239784,
            0.01423252820968628,
            0.013305027596652507,
            0.012162430211901665,
            0.013863128796219825,
            0.01139557920396328,
            0.013153666630387306,
            0.012684626877307892,
            0.011824454739689827,
            0.011185132525861263,
            0.009927615337073804,
            0.00939520075917244,
            0.00903882198035717,
            0.009877786599099636,
            0.00937344115227461,
            0.009327299892902374,
            0.008620044216513634,
            0.009926996566355229,
            0.008863624185323715,
            0.008699537441134452,
            0.008610268495976925,
            0.007688630558550358,
            0.007923036068677902,
            0.008741035871207715,
            0.007047204207628966,
            0.00833529382944107,
            0.00739874541759491,
            0.007260524481534958,
            0.008428337797522546,
            0.007449403777718544,
            0.007855731062591076,
            0.0069016900844872,
            0.0067355470731854435,
            0.006828389316797257,
            0.006133078224956989,
            0.006536421179771423,
            0.006434130389243365,
            0.006468348018825054
        ]
    },
    "train_oa": {
        "type": "index_value",
        "index": [
            10,
            20,
            30,
            40,
            50,
            60,
            70,
            80,
            90,
            100
        ],
        "value": [
            85.49905838041431,
            87.1047675686391,
            86.37129547031421,
            86.51006046188918,
            86.80741401526416,
            86.79750223015165,
            87.1939736346516,
            86.61909009812668,
            86.63891366835166,
            86.98582614728913
        ]
    },
    "train_aa": {
        "type": "index_value",
        "index": [
            10,
            20,
            30,
            40,
            50,
            60,
            70,
            80,
            90,
            100
        ],
        "value": [
            92.77614384987452,
            94.43158894148863,
            93.8556110218229,
            93.80250639108067,
            93.93923629700602,
            93.98160191809188,
            94.03384592916049,
            93.94782210122099,
            93.89529774729859,
            93.98427906290311
        ]
    },
    "train_kappa": {
        "type": "index_value",
        "index": [
            10,
            20,
            30,
            40,
            50,
            60,
            70,
            80,
            90,
            100
        ],
        "value": [
            83.61507734091221,
            85.47985786846661,
            84.63845909837855,
            84.7950675401162,
            85.12005487972328,
            85.1093499020352,
            85.53618750462155,
            84.9116747810018,
            84.93283926682115,
            85.31220706146414
        ]
    },
    "eval_time": 4.76837158203125e-07,
    "param": {
        "data": {
            "data_sign": "Indian",
            "data_file": "Indian_10",
            "diffusion_sign": false,
            "diffusion_data_sign_path_prefix": "/home/cn/codes/spectral_diff_temp/codes/save_feature/indian_unet3d_patch16_without_downsample_kernal5_fix/save_feature",
            "diffusion_data_sign": "t5_2_full.pkl.npy",
            "patch_size": 13,
            "test_ratio": 0.95,
            "batch_size": 64,
            "num_classes": 16,
            "pca": 200,
            "dim_heads": 64,
            "spectral_size": 200
        },
        "net": {
            "trainer": "cross_trainer",
            "net_type": "just_pixel",
            "mlp_head_dim": 64,
            "depth": 3,
            "dim": 64,
            "heads": 20,
            "kernal": 5,
            "padding": 2
        },
        "train": {
            "epochs": 100,
            "lr": 0.001,
            "weight_decay": 0,
            "temp": 20
        },
        "uniq_name": "Indian_test"
    },