{
    "epoch_loss": {
        "type": "index_value",
        "index": [
            1,
            2,
            3,
            4,
            5,
            6,
            7,
            8,
            9,
            10,
            11,
            12,
            13,
            14,
            15,
            16,
            17,
            18,
            19,
            20,
            21,
            22,
            23,
            24,
            25,
            26,
            27,
            28,
            29,
            30,
            31,
            32,
            33,
            34,
            35,
            36,
            37,
            38,
            39,
            40,
            41,
            42,
            43,
            44,
            45,
            46,
            47,
            48,
            49,
            50,
            51,
            52,
            53,
            54,
            55,
            56,
            57,
            58,
            59,
            60,
            61,
            62,
            63,
            64,
            65,
            66,
            67,
            68,
            69,
            70,
            71,
            72,
            73,
            74,
            75,
            76,
            77,
            78,
            79,
            80,
            81,
            82,
            83,
            84,
            85,
            86,
            87,
            88,
            89,
            90,
            91,
            92,
            93,
            94,
            95,
            96,
            97,
            98,
            99,
            100
        ],
        "value": [
            2.522764794031779,
            1.7182920217514037,
            1.3816968361536661,
            1.1188657800356547,
            0.903882110118866,
            0.7327184915542603,
            0.6060766657193501,
            0.48179183999697367,
            0.38040212988853456,
            0.31280377904574075,
            0.2511331558227539,
            0.21665923496087391,
            0.16841942767302195,
            0.13772213359673818,
            0.12037286013364792,
            0.09709881295760472,
            0.08118785470724106,
            0.07480013171831766,
            0.06832479387521743,
            0.06610104590654373,
            0.05684662535786629,
            0.04915393690268199,
            0.05329257423679034,
            0.04161509449283282,
            0.03902313138047854,
            0.04341387748718262,
            0.03428665349880854,
            0.030546442543466886,
            0.03030129075050354,
            0.029172321657339732,
            0.02616805297633012,
            0.02594571883479754,
            0.027813033014535905,
            0.022803007438778878,
            0.023551184311509134,
            0.01994416005909443,
            0.019164779658118882,
            0.01810075727601846,
            0.019009204208850862,
            0.017418350093066692,
            0.01719950797657172,
            0.015935002515713375,
            0.0159853421151638,
            0.014243235749502977,
            0.015734350060423216,
            0.012835662811994553,
            0.013835593561331431,
            0.013529702338079612,
            0.012220061322053274,
            0.011991492969294389,
            0.011335769295692444,
            0.010701475478708745,
            0.011826158128678798,
            0.011663774214684963,
            0.010583413640658061,
            0.009735617289940516,
            0.009560370693604152,
            0.010981724659601847,
            0.01050276675571998,
            0.009550021650890509,
            0.008823875710368157,
            0.008412958433230719,
            0.008247978053987026,
            0.008350860886275768,
            0.008255278070767721,
            0.00853238720446825,
            0.007024787614742915,
            0.007556788685421149,
            0.006896668610473474,
            0.006394444902737936,
            0.0061532609475155675,
            0.006569513833771149,
            0.0061715049979587395,
            0.006237369651595752,
            0.0057444449824591475,
            0.006450447160750628,
            0.005955580746134123,
            0.0058119263810416065,
            0.006295016842583815,
            0.005187798632929722,
            0.005597594908128182,
            0.005661046722282966,
            0.005434567946940661,
            0.004945417897154887,
            0.005208759848028421,
            0.004672927719851335,
            0.00497206011787057,
            0.0046009210248788195,
            0.004477335543682178,
            0.005071509256958961,
            0.0044390565405289335,
            0.004336005852868159,
            0.003756801706428329,
            0.004253155458718539,
            0.00397289680937926,
            0.004757058868805567,
            0.0037951213618119557,
            0.004171710337201754,
            0.003956091962754727,
            0.003453821362927556
        ]
    },
    "train_oa": {
        "type": "index_value",
        "index": [
            10,
            20,
            30,
            40,
            50,
            60,
            70,
            80,
            90,
            100
        ],
        "value": [
            88.38045758817064,
            89.21970226795884,
            89.77919872115096,
            90.0389649315616,
            90.08891997202517,
            90.38865021480667,
            90.16884803676692,
            90.09891098011789,
            90.4086322309921,
            90.12888400439604
        ]
    },
    "train_aa": {
        "type": "index_value",
        "index": [
            10,
            20,
            30,
            40,
            50,
            60,
            70,
            80,
            90,
            100
        ],
        "value": [
            94.56262983149077,
            95.24566796794205,
            95.40509959310042,
            95.49864410259556,
            95.45269009915373,
            95.56872831097643,
            95.47414834329287,
            95.439983539318,
            95.59655323858034,
            95.46774662557044
        ]
    },
    "train_kappa": {
        "type": "index_value",
        "index": [
            10,
            20,
            30,
            40,
            50,
            60,
            70,
            80,
            90,
            100
        ],
        "value": [
            86.86215826080554,
            87.82298315580346,
            88.44187397199214,
            88.73129344763538,
            88.78535462639722,
            89.11863165046262,
            88.8755377325613,
            88.79772369332184,
            89.14437991434619,
            88.83029741665644
        ]
    },
    "eval_time": 4.76837158203125e-07,
    "param": {
        "data": {
            "data_sign": "Indian",
            "data_file": "Indian_15",
            "diffusion_sign": false,
            "diffusion_data_sign_path_prefix": "/home/cn/codes/spectral_diff_temp/codes/save_feature/indian_unet3d_patch16_without_downsample_kernal5_fix/save_feature",
            "diffusion_data_sign": "t5_2_full.pkl.npy",
            "patch_size": 13,
            "test_ratio": 0.95,
            "batch_size": 64,
            "num_classes": 16,
            "pca": 200,
            "dim_heads": 64,
            "spectral_size": 200
        },
        "net": {
            "trainer": "cross_trainer",
            "net_type": "just_pixel",
            "mlp_head_dim": 64,
            "depth": 3,
            "dim": 64,
            "heads": 20,
            "kernal": 5,
            "padding": 2
        },
        "train": {
            "epochs": 100,
            "lr": 0.001,
            "weight_decay": 0,
            "temp": 20
        },
        "uniq_name": "Indian_test"
    },