{
    "epoch_loss": {
        "type": "index_value",
        "index": [
            1,
            2,
            3,
            4,
            5,
            6,
            7,
            8,
            9,
            10,
            11,
            12,
            13,
            14,
            15,
            16,
            17,
            18,
            19,
            20,
            21,
            22,
            23,
            24,
            25,
            26,
            27,
            28,
            29,
            30,
            31,
            32,
            33,
            34,
            35,
            36,
            37,
            38,
            39,
            40,
            41,
            42,
            43,
            44,
            45,
            46,
            47,
            48,
            49,
            50,
            51,
            52,
            53,
            54,
            55,
            56,
            57,
            58,
            59,
            60,
            61,
            62,
            63,
            64,
            65,
            66,
            67,
            68,
            69,
            70,
            71,
            72,
            73,
            74,
            75,
            76,
            77,
            78,
            79,
            80,
            81,
            82,
            83,
            84,
            85,
            86,
            87,
            88,
            89,
            90,
            91,
            92,
            93,
            94,
            95,
            96,
            97,
            98,
            99,
            100
        ],
        "value": [
            2.597493886947632,
            1.7271492878595989,
            1.3297486066818238,
            1.036932901541392,
            0.8263561248779296,
            0.6437591751416524,
            0.5065471569697062,
            0.3981048425038656,
            0.3377609491348267,
            0.26675742367903393,
            0.20649420718352,
            0.18362907469272613,
            0.13569682041803996,
            0.12542667438586552,
            0.1073747123281161,
            0.09604728370904922,
            0.08750341087579727,
            0.07098494619131088,
            0.06295870443185171,
            0.05589886133869489,
            0.055283462752898534,
            0.05018379564086596,
            0.0425830361743768,
            0.04409100910027822,
            0.03858815158406893,
            0.033689967294534044,
            0.03387196585536003,
            0.030799962083498635,
            0.02995788703362147,
            0.02790231170753638,
            0.027458949014544487,
            0.02956680953502655,
            0.02390010803937912,
            0.02191832959651947,
            0.021534062052766482,
            0.02066010646522045,
            0.019831020136674246,
            0.01910355736811956,
            0.017639880751570067,
            0.01815998094777266,
            0.017461968337496123,
            0.018028408909837406,
            0.014975850780804953,
            0.013963084481656552,
            0.013209998855988185,
            0.013385664733747641,
            0.012493661108116309,
            0.011274036516745885,
            0.012093156079451243,
            0.0117698535323143,
            0.011301665442685287,
            0.012050965676705043,
            0.011345306846002738,
            0.009890345670282841,
            0.010497838320831458,
            0.010186634461085002,
            0.00898368488997221,
            0.009986306292315323,
            0.009039647753039996,
            0.008650961207846801,
            0.009002085837225119,
            0.008314564389487107,
            0.009140511167546113,
            0.008500399005909761,
            0.007995483962198098,
            0.008099520206451416,
            0.007602970488369465,
            0.007346854886660973,
            0.007408232800662518,
            0.007193573409070572,
            0.007196666020900011,
            0.006060770743836959,
            0.006424410734325647,
            0.006457171496003866,
            0.006220011692494154,
            0.00636424645781517,
            0.006254787774135669,
            0.0064937732182443145,
            0.005447774349401395,
            0.004964348829040925,
            0.005144375438491503,
            0.005154135978470246,
            0.005165092026193936,
            0.005302410231282314,
            0.004802665114402771,
            0.005503833356002966,
            0.0047624653515716394,
            0.004872724444915851,
            0.004547268400589625,
            0.004555672438194354,
            0.004747987693796555,
            0.004126495743791262,
            0.00430225683376193,
            0.00470294551923871,
            0.0042179514653980735,
            0.004040417540818453,
            0.003586784517392516,
            0.004075843871881564,
            0.003845185941706101,
            0.0038192936219274996
        ]
    },
    "train_oa": {
        "type": "index_value",
        "index": [
            10,
            20,
            30,
            40,
            50,
            60,
            70,
            80,
            90,
            100
        ],
        "value": [
            89.40953142172046,
            90.78829053851534,
            90.98811070036966,
            90.97811969227695,
            90.95813767609152,
            90.89819162753521,
            91.20791287840943,
            91.17793985413128,
            91.14796682985313,
            91.1979218703167
        ]
    },
    "train_aa": {
        "type": "index_value",
        "index": [
            10,
            20,
            30,
            40,
            50,
            60,
            70,
            80,
            90,
            100
        ],
        "value": [
            95.0143152855883,
            95.7539990791671,
            95.90689739350461,
            95.84979296366971,
            95.9609617281822,
            95.88957270816823,
            95.95316471514806,
            96.0569138571764,
            95.91947957670742,
            96.0459928656118
        ]
    },
    "train_kappa": {
        "type": "index_value",
        "index": [
            10,
            20,
            30,
            40,
            50,
            60,
            70,
            80,
            90,
            100
        ],
        "value": [
            88.02363845695828,
            89.57216157172057,
            89.79701120753381,
            89.78245053706667,
            89.76523753833384,
            89.6961756910381,
            90.04160010101401,
            90.01017695306423,
            89.97529493044611,
            90.03390702799096
        ]
    },
    "eval_time": 7.152557373046875e-07,
    "param": {
        "data": {
            "data_sign": "Indian",
            "data_file": "Indian_15",
            "diffusion_sign": false,
            "diffusion_data_sign_path_prefix": "/home/cn/codes/spectral_diff_temp/codes/save_feature/indian_unet3d_patch16_without_downsample_kernal5_fix/save_feature",
            "diffusion_data_sign": "t5_2_full.pkl.npy",
            "patch_size": 13,
            "test_ratio": 0.95,
            "batch_size": 64,
            "num_classes": 16,
            "pca": 200,
            "dim_heads": 64,
            "spectral_size": 200
        },
        "net": {
            "trainer": "cross_trainer",
            "net_type": "just_pixel",
            "mlp_head_dim": 64,
            "depth": 3,
            "dim": 64,
            "heads": 20,
            "kernal": 5,
            "padding": 2
        },
        "train": {
            "epochs": 100,
            "lr": 0.001,
            "weight_decay": 0,
            "temp": 20
        },
        "uniq_name": "Indian_test"
    },