{
    "epoch_loss": {
        "type": "index_value",
        "index": [
            1,
            2,
            3,
            4,
            5,
            6,
            7,
            8,
            9,
            10,
            11,
            12,
            13,
            14,
            15,
            16,
            17,
            18,
            19,
            20,
            21,
            22,
            23,
            24,
            25,
            26,
            27,
            28,
            29,
            30,
            31,
            32,
            33,
            34,
            35,
            36,
            37,
            38,
            39,
            40,
            41,
            42,
            43,
            44,
            45,
            46,
            47,
            48,
            49,
            50,
            51,
            52,
            53,
            54,
            55,
            56,
            57,
            58,
            59,
            60,
            61,
            62,
            63,
            64,
            65,
            66,
            67,
            68,
            69,
            70,
            71,
            72,
            73,
            74,
            75,
            76,
            77,
            78,
            79,
            80,
            81,
            82,
            83,
            84,
            85,
            86,
            87,
            88,
            89,
            90,
            91,
            92,
            93,
            94,
            95,
            96,
            97,
            98,
            99,
            100
        ],
        "value": [
            2.5780391852060953,
            1.707790700594584,
            1.3321712811787922,
            1.0697181661923727,
            0.8762476007143657,
            0.6704110503196716,
            0.5251884380976359,
            0.4238221327463786,
            0.31941965222358704,
            0.2612396796544393,
            0.20471322536468506,
            0.16926254332065582,
            0.14921307265758516,
            0.12119957109292348,
            0.10959993004798889,
            0.08927396337191264,
            0.08335140297810237,
            0.0758373315135638,
            0.06520911455154418,
            0.059049542993307114,
            0.05263285636901856,
            0.04682915533582369,
            0.040829269836346306,
            0.037885347257057826,
            0.03822003429134687,
            0.032464602341254555,
            0.03269337440530459,
            0.02881829043229421,
            0.028537377218405404,
            0.026241021354993184,
            0.02623649686574936,
            0.02230384312570095,
            0.023628916343053183,
            0.021892776464422545,
            0.02059191515048345,
            0.020277165994048118,
            0.018242319549123445,
            0.0176327146589756,
            0.017951969305674234,
            0.015804980012277762,
            0.016850299139817556,
            0.014849139129122097,
            0.015132283419370651,
            0.014897241940100987,
            0.01297941959152619,
            0.013284507704277833,
            0.012336138946314653,
            0.012931520553926627,
            0.013261395196119944,
            0.010241199595232805,
            0.010593793851633867,
            0.010084733180701733,
            0.011470863657693068,
            0.010389478442569574,
            0.009532308888932068,
            0.010920704466601212,
            0.008680310534934203,
            0.008790701006849607,
            0.008891392002503077,
            0.00885812910273671,
            0.008201672757665316,
            0.008252433314919472,
            0.008569705672562123,
            0.007516836809615294,
            0.007395122324426969,
            0.007340726877252261,
            0.007271235187848409,
            0.006257196484754483,
            0.007811864061901967,
            0.006573723504940668,
            0.006796680639187495,
            0.006316008015225331,
            0.006431779265403748,
            0.006238361820578575,
            0.006303527175138394,
            0.005445914063602686,
            0.006673281174153089,
            0.005942374716202418,
            0.005408855775992076,
            0.005258125656594833,
            0.005639198422431946,
            0.004888698241362969,
            0.0055416190686325235,
            0.004577294364571572,
            0.0045119876352449255,
            0.00514859181518356,
            0.0045053456909954544,
            0.004718042196085056,
            0.0042120359527568025,
            0.004454671125859022,
            0.005269985056171814,
            0.004264660086482764,
            0.004017810088892778,
            0.0039794885863860445,
            0.0045788412603239214,
            0.004409258005519708,
            0.003737821476534009,
            0.003536651035149892,
            0.0035533836111426354,
            0.0037137718095133702
        ]
    },
    "train_oa": {
        "type": "index_value",
        "index": [
            10,
            20,
            30,
            40,
            50,
            60,
            70,
            80,
            90,
            100
        ],
        "value": [
            89.87910880207814,
            89.99900089919073,
            89.83914476970727,
            89.90908182635627,
            89.83914476970727,
            89.99900089919073,
            90.06893795583974,
            90.11889299630333,
            90.21880307723049,
            90.36866819862124
        ]
    },
    "train_aa": {
        "type": "index_value",
        "index": [
            10,
            20,
            30,
            40,
            50,
            60,
            70,
            80,
            90,
            100
        ],
        "value": [
            95.48885486733336,
            95.63678241290356,
            95.4614610294886,
            95.51742057732041,
            95.53754568649614,
            95.64382408038279,
            95.56089528417851,
            95.63853755518241,
            95.67172397670525,
            95.7754749739455
        ]
    },
    "train_kappa": {
        "type": "index_value",
        "index": [
            10,
            20,
            30,
            40,
            50,
            60,
            70,
            80,
            90,
            100
        ],
        "value": [
            88.56529772902036,
            88.697526404152,
            88.51632105325064,
            88.59598372375169,
            88.51926039658451,
            88.69856176553054,
            88.77197413556203,
            88.82803013087496,
            88.93974015145794,
            89.10788715017381
        ]
    },
    "eval_time": 7.152557373046875e-07,
    "param": {
        "data": {
            "data_sign": "Indian",
            "data_file": "Indian_15",
            "diffusion_sign": false,
            "diffusion_data_sign_path_prefix": "/home/cn/codes/spectral_diff_temp/codes/save_feature/indian_unet3d_patch16_without_downsample_kernal5_fix/save_feature",
            "diffusion_data_sign": "t5_2_full.pkl.npy",
            "patch_size": 13,
            "test_ratio": 0.95,
            "batch_size": 64,
            "num_classes": 16,
            "pca": 200,
            "dim_heads": 64,
            "spectral_size": 200
        },
        "net": {
            "trainer": "cross_trainer",
            "net_type": "just_pixel",
            "mlp_head_dim": 64,
            "depth": 3,
            "dim": 64,
            "heads": 20,
            "kernal": 5,
            "padding": 2
        },
        "train": {
            "epochs": 100,
            "lr": 0.001,
            "weight_decay": 0,
            "temp": 20
        },
        "uniq_name": "Indian_test"
    },