{
    "epoch_loss": {
        "type": "index_value",
        "index": [
            1,
            2,
            3,
            4,
            5,
            6,
            7,
            8,
            9,
            10,
            11,
            12,
            13,
            14,
            15,
            16,
            17,
            18,
            19,
            20,
            21,
            22,
            23,
            24,
            25,
            26,
            27,
            28,
            29,
            30,
            31,
            32,
            33,
            34,
            35,
            36,
            37,
            38,
            39,
            40,
            41,
            42,
            43,
            44,
            45,
            46,
            47,
            48,
            49,
            50,
            51,
            52,
            53,
            54,
            55,
            56,
            57,
            58,
            59,
            60,
            61,
            62,
            63,
            64,
            65,
            66,
            67,
            68,
            69,
            70,
            71,
            72,
            73,
            74,
            75,
            76,
            77,
            78,
            79,
            80,
            81,
            82,
            83,
            84,
            85,
            86,
            87,
            88,
            89,
            90,
            91,
            92,
            93,
            94,
            95,
            96,
            97,
            98,
            99,
            100
        ],
        "value": [
            2.5440343221028647,
            1.7258410851160686,
            1.346602193514506,
            1.081377140680949,
            0.8739402135213216,
            0.6999877254168193,
            0.5672745744387309,
            0.4570084790388743,
            0.3707175890604655,
            0.2858609120051066,
            0.23380241096019744,
            0.19235439002513885,
            0.16840108931064607,
            0.13681053121884665,
            0.11388626943031947,
            0.09315859675407409,
            0.08412540008624395,
            0.07346941232681274,
            0.06411333382129669,
            0.056043852617343265,
            0.05235672121246656,
            0.04851156994700432,
            0.04349341293176015,
            0.03999259099364281,
            0.03898058657844861,
            0.03416399185856183,
            0.0300698051850001,
            0.03076771448055903,
            0.027368747567137083,
            0.026238099858164787,
            0.0255387702335914,
            0.024197913706302643,
            0.024789724747339884,
            0.020231117432316145,
            0.019492957616845767,
            0.019386464481552443,
            0.01841507342954477,
            0.016848534469803174,
            0.017327097430825233,
            0.01748694268365701,
            0.01816985048353672,
            0.014997937902808189,
            0.015500132739543915,
            0.014065267766515415,
            0.014478756176928679,
            0.013980163012941678,
            0.013411726430058479,
            0.013191131937007109,
            0.012191686282555262,
            0.010985173595448336,
            0.011440805904567242,
            0.011304101658364136,
            0.009988393882910411,
            0.009222172076503436,
            0.009947737492620946,
            0.008704053796827793,
            0.010600214761992296,
            0.0088458351790905,
            0.00947862050185601,
            0.008979156302909056,
            0.008900664250055949,
            0.007680486204723517,
            0.007449818433572849,
            0.007410517210761706,
            0.007355694783230623,
            0.007225264981389046,
            0.006961688275138537,
            0.007936108733216922,
            0.006969518618037304,
            0.006278384849429131,
            0.006191467121243477,
            0.006432795027891795,
            0.00606210728486379,
            0.006344492547214031,
            0.005670499956856171,
            0.005919688350210587,
            0.005322672023127476,
            0.005514295181880394,
            0.005230524484068156,
            0.005123259654889504,
            0.004690645541995764,
            0.00558748726422588,
            0.0051198020266989865,
            0.0053287809093793236,
            0.004550120669106642,
            0.0044866062390307585,
            0.004658180506279071,
            0.005376441373179356,
            0.004627582989633084,
            0.004280604577312867,
            0.004180237619827191,
            0.00430185937633117,
            0.004376788266624013,
            0.00429352226977547,
            0.0038894045787552993,
            0.0038244652251402536,
            0.004186949537446101,
            0.003755633719265461,
            0.004306503819922606,
            0.004043204337358474
        ]
    },
    "train_oa": {
        "type": "index_value",
        "index": [
            10,
            20,
            30,
            40,
            50,
            60,
            70,
            80,
            90,
            100
        ],
        "value": [
            89.29963033270057,
            89.919072834449,
            90.24877610150864,
            90.36866819862124,
            90.60845239284644,
            90.41862323908482,
            90.39864122289939,
            90.53851533619742,
            90.71835348186632,
            90.48856029573385
        ]
    },
    "train_aa": {
        "type": "index_value",
        "index": [
            10,
            20,
            30,
            40,
            50,
            60,
            70,
            80,
            90,
            100
        ],
        "value": [
            94.75896332551868,
            95.55096044097431,
            95.5553511424181,
            95.60013952424305,
            95.64334323933052,
            95.6425765109806,
            95.5717850609785,
            95.67006900104661,
            95.75915626957823,
            95.70493080383022
        ]
    },
    "train_kappa": {
        "type": "index_value",
        "index": [
            10,
            20,
            30,
            40,
            50,
            60,
            70,
            80,
            90,
            100
        ],
        "value": [
            87.88959685290635,
            88.59633350954918,
            88.96514367748057,
            89.09822885521504,
            89.36380676790574,
            89.15677409727917,
            89.13117579996856,
            89.28667211217598,
            89.49063724807344,
            89.23472799429891
        ]
    },
    "eval_time": 4.76837158203125e-07,
    "param": {
        "data": {
            "data_sign": "Indian",
            "data_file": "Indian_15",
            "diffusion_sign": false,
            "diffusion_data_sign_path_prefix": "/home/cn/codes/spectral_diff_temp/codes/save_feature/indian_unet3d_patch16_without_downsample_kernal5_fix/save_feature",
            "diffusion_data_sign": "t5_2_full.pkl.npy",
            "patch_size": 13,
            "test_ratio": 0.95,
            "batch_size": 64,
            "num_classes": 16,
            "pca": 200,
            "dim_heads": 64,
            "spectral_size": 200
        },
        "net": {
            "trainer": "cross_trainer",
            "net_type": "just_pixel",
            "mlp_head_dim": 64,
            "depth": 3,
            "dim": 64,
            "heads": 20,
            "kernal": 5,
            "padding": 2
        },
        "train": {
            "epochs": 100,
            "lr": 0.001,
            "weight_decay": 0,
            "temp": 20
        },
        "uniq_name": "Indian_test"
    },