{
    "epoch_loss": {
        "type": "index_value",
        "index": [
            1,
            2,
            3,
            4,
            5,
            6,
            7,
            8,
            9,
            10,
            11,
            12,
            13,
            14,
            15,
            16,
            17,
            18,
            19,
            20,
            21,
            22,
            23,
            24,
            25,
            26,
            27,
            28,
            29,
            30,
            31,
            32,
            33,
            34,
            35,
            36,
            37,
            38,
            39,
            40,
            41,
            42,
            43,
            44,
            45,
            46,
            47,
            48,
            49,
            50,
            51,
            52,
            53,
            54,
            55,
            56,
            57,
            58,
            59,
            60,
            61,
            62,
            63,
            64,
            65,
            66,
            67,
            68,
            69,
            70,
            71,
            72,
            73,
            74,
            75,
            76,
            77,
            78,
            79,
            80,
            81,
            82,
            83,
            84,
            85,
            86,
            87,
            88,
            89,
            90,
            91,
            92,
            93,
            94,
            95,
            96,
            97,
            98,
            99,
            100
        ],
        "value": [
            2.548459355036418,
            1.742767866452535,
            1.3682424306869507,
            1.1003873427708943,
            0.8852012634277344,
            0.6965007623036702,
            0.5451615373293559,
            0.43760537505149844,
            0.3548522452513377,
            0.2631148119767507,
            0.22110153138637542,
            0.1722819874684016,
            0.14555355807145437,
            0.1237036685148875,
            0.10475323448578516,
            0.08646715333064398,
            0.07996624906857809,
            0.0688385546207428,
            0.061785969386498135,
            0.054168207198381425,
            0.05354215626915296,
            0.04977325747410456,
            0.04287617976466815,
            0.0423234390715758,
            0.03994326889514923,
            0.03639037385582924,
            0.03308019762237867,
            0.030501988530158997,
            0.028266229728857676,
            0.025783637538552284,
            0.02471722401678562,
            0.02572621280948321,
            0.02300139864285787,
            0.02225758967300256,
            0.021318700288732846,
            0.019981229677796364,
            0.02115439164141814,
            0.01820552001396815,
            0.01955297974248727,
            0.01645308583974838,
            0.015447956944505374,
            0.015980369473497073,
            0.01524294689297676,
            0.01632813916852077,
            0.01243952363729477,
            0.013138252993424733,
            0.013260743953287602,
            0.012638475559651852,
            0.011750059761106968,
            0.011403355188667775,
            0.01071733639885982,
            0.011626328465839227,
            0.010896635490159194,
            0.009749926129976908,
            0.009752444239954155,
            0.009659834019839764,
            0.01059351588288943,
            0.008605276669065158,
            0.009542236166695754,
            0.008184976937870184,
            0.009218930639326573,
            0.008231397656102975,
            0.00852584900955359,
            0.007846269911775986,
            0.008093772393961748,
            0.007958937591562668,
            0.007018943596631288,
            0.007910535981257757,
            0.006440574210137129,
            0.006776018037150304,
            0.007041801419109106,
            0.006657655288775762,
            0.006044816474119822,
            0.005878939603765805,
            0.0064837905578315255,
            0.006346599229921897,
            0.005549789437403281,
            0.005630194768309593,
            0.005982576434810956,
            0.005168847336123387,
            0.0054197419745226705,
            0.005409378837794065,
            0.005017930238197247,
            0.004895434280236562,
            0.005121274013072252,
            0.004590781902273496,
            0.004498235539843639,
            0.004814585018903017,
            0.0048492527566850185,
            0.004515691505124171,
            0.0045594002741078535,
            0.003984990188231071,
            0.004117976579194268,
            0.003844190187131365,
            0.004522859708716472,
            0.004614518800129493,
            0.004123468386630217,
            0.0037314921307067075,
            0.0037188589572906493,
            0.004095961060374975
        ]
    },
    "train_oa": {
        "type": "index_value",
        "index": [
            10,
            20,
            30,
            40,
            50,
            60,
            70,
            80,
            90,
            100
        ],
        "value": [
            90.12888400439604,
            90.00899190728344,
            90.31871315815766,
            90.46857827954841,
            90.50854231191927,
            90.65840743331002,
            90.4585872714557,
            90.46857827954841,
            90.57847936856828,
            90.66839844140274
        ]
    },
    "train_aa": {
        "type": "index_value",
        "index": [
            10,
            20,
            30,
            40,
            50,
            60,
            70,
            80,
            90,
            100
        ],
        "value": [
            95.30610204548536,
            95.50411425779336,
            95.62860443745627,
            95.72224375308622,
            95.71949032131056,
            95.80090468943597,
            95.81824362565425,
            95.73893413645132,
            95.85633080393944,
            95.81064180614887
        ]
    },
    "train_kappa": {
        "type": "index_value",
        "index": [
            10,
            20,
            30,
            40,
            50,
            60,
            70,
            80,
            90,
            100
        ],
        "value": [
            88.82607260422516,
            88.69955050427056,
            89.04349365602971,
            89.2118186244713,
            89.25634429955936,
            89.42432502148661,
            89.20393949228807,
            89.21255915909309,
            89.3367994139903,
            89.43549359517887
        ]
    },
    "eval_time": 4.76837158203125e-07,
    "param": {
        "data": {
            "data_sign": "Indian",
            "data_file": "Indian_15",
            "diffusion_sign": false,
            "diffusion_data_sign_path_prefix": "/home/cn/codes/spectral_diff_temp/codes/save_feature/indian_unet3d_patch16_without_downsample_kernal5_fix/save_feature",
            "diffusion_data_sign": "t5_2_full.pkl.npy",
            "patch_size": 13,
            "test_ratio": 0.95,
            "batch_size": 64,
            "num_classes": 16,
            "pca": 200,
            "dim_heads": 64,
            "spectral_size": 200
        },
        "net": {
            "trainer": "cross_trainer",
            "net_type": "just_pixel",
            "mlp_head_dim": 64,
            "depth": 3,
            "dim": 64,
            "heads": 20,
            "kernal": 5,
            "padding": 2
        },
        "train": {
            "epochs": 100,
            "lr": 0.001,
            "weight_decay": 0,
            "temp": 20
        },
        "uniq_name": "Indian_test"
    },