{
    "epoch_loss": {
        "type": "index_value",
        "index": [
            1,
            2,
            3,
            4,
            5,
            6,
            7,
            8,
            9,
            10,
            11,
            12,
            13,
            14,
            15,
            16,
            17,
            18,
            19,
            20,
            21,
            22,
            23,
            24,
            25,
            26,
            27,
            28,
            29,
            30,
            31,
            32,
            33,
            34,
            35,
            36,
            37,
            38,
            39,
            40,
            41,
            42,
            43,
            44,
            45,
            46,
            47,
            48,
            49,
            50,
            51,
            52,
            53,
            54,
            55,
            56,
            57,
            58,
            59,
            60,
            61,
            62,
            63,
            64,
            65,
            66,
            67,
            68,
            69,
            70,
            71,
            72,
            73,
            74,
            75,
            76,
            77,
            78,
            79,
            80,
            81,
            82,
            83,
            84,
            85,
            86,
            87,
            88,
            89,
            90,
            91,
            92,
            93,
            94,
            95,
            96,
            97,
            98,
            99,
            100
        ],
        "value": [
            2.4433889296747022,
            1.5647894236349291,
            1.1696316111472345,
            0.8804828663026133,
            0.687606422362789,
            0.5554130623417516,
            0.43456540876819244,
            0.316787798366239,
            0.24629244612109277,
            0.19368081448539612,
            0.17505052272350557,
            0.12809727066947568,
            0.10499529112731257,
            0.09454632439920979,
            0.07588294326297698,
            0.071470785285196,
            0.05694077759981155,
            0.05284910600992941,
            0.04791339914644918,
            0.04314904335525728,
            0.041516626265741166,
            0.03455518357936413,
            0.03168014408119263,
            0.030564922166447486,
            0.02704360860009347,
            0.028175212034294683,
            0.025455146751576854,
            0.023657133249986556,
            0.02101276500090476,
            0.0209895481025019,
            0.019325902312994005,
            0.017309932999553218,
            0.017573093262410935,
            0.01606220551315815,
            0.015831628231511963,
            0.015045060133261066,
            0.013998538003333153,
            0.013470512033710557,
            0.013917313930728743,
            0.012607907545903036,
            0.011676320307437451,
            0.011978961076707609,
            0.01128770586463713,
            0.011736886744056978,
            0.010008819208991142,
            0.009599384905830507,
            0.009597412791223295,
            0.009200963912711989,
            0.0082002870588293,
            0.00913403446395551,
            0.007720871582146614,
            0.0078335095497389,
            0.006802284882794465,
            0.008285821145099978,
            0.007859731820081511,
            0.0075869110563108995,
            0.006834512369166459,
            0.006723679040348337,
            0.006361105184881918,
            0.006455141651414095,
            0.006294487554940486,
            0.00581560151711587,
            0.006030434057597191,
            0.005660941364664224,
            0.005740338398684417,
            0.005757113990764464,
            0.00528740780428052,
            0.005283083430221004,
            0.0050387453738479845,
            0.004744349287882928,
            0.004552521757901677,
            0.004714998759088978,
            0.004371261924144722,
            0.004258045467037347,
            0.004446728296217418,
            0.004518856138231293,
            0.0044025486845883635,
            0.004635324939003875,
            0.003420351824212459,
            0.003502196582755254,
            0.003928441440145815,
            0.0035214135753771953,
            0.004269074119867817,
            0.00333227216145925,
            0.0037741683288327146,
            0.003539410185429358,
            0.003552335605866486,
            0.0034400740488161963,
            0.003322450540238811,
            0.0035612707446900107,
            0.003380337121686147,
            0.00322684440010738,
            0.0035548735590231035,
            0.0030387662876878055,
            0.0029009599779402056,
            0.0030169789859604453,
            0.0034315573231827826,
            0.003024712084762512,
            0.002792408776980254,
            0.0030253381513419652
        ]
    },
    "train_oa": {
        "type": "index_value",
        "index": [
            10,
            20,
            30,
            40,
            50,
            60,
            70,
            80,
            90,
            100
        ],
        "value": [
            93.17838816782373,
            93.53053627125465,
            93.75188650769695,
            94.05372773920918,
            93.89274574906932,
            94.09397323674415,
            94.254955226884,
            94.3052620988027,
            94.1342187342791,
            94.05372773920918
        ]
    },
    "train_aa": {
        "type": "index_value",
        "index": [
            10,
            20,
            30,
            40,
            50,
            60,
            70,
            80,
            90,
            100
        ],
        "value": [
            95.81653287315478,
            96.18145668864659,
            96.30267184808274,
            96.4743420269048,
            96.26320363340122,
            96.42261901561278,
            96.54991389462191,
            96.54527531355821,
            96.43713796602724,
            96.35434572172483
        ]
    },
    "train_kappa": {
        "type": "index_value",
        "index": [
            10,
            20,
            30,
            40,
            50,
            60,
            70,
            80,
            90,
            100
        ],
        "value": [
            92.22513297499972,
            92.62202466788774,
            92.87448174023596,
            93.21696591280991,
            93.03154059200637,
            93.26154284127523,
            93.44388853098657,
            93.50161308717755,
            93.30783696787356,
            93.21450026520745
        ]
    },
    "eval_time": 7.152557373046875e-07,
    "param": {
        "data": {
            "data_sign": "Indian",
            "data_file": "Indian_20",
            "diffusion_sign": false,
            "diffusion_data_sign_path_prefix": "/home/cn/codes/spectral_diff_temp/codes/save_feature/indian_unet3d_patch16_without_downsample_kernal5_fix/save_feature",
            "diffusion_data_sign": "t5_2_full.pkl.npy",
            "patch_size": 13,
            "test_ratio": 0.95,
            "batch_size": 64,
            "num_classes": 16,
            "pca": 200,
            "dim_heads": 64,
            "spectral_size": 200
        },
        "net": {
            "trainer": "cross_trainer",
            "net_type": "just_pixel",
            "mlp_head_dim": 64,
            "depth": 3,
            "dim": 64,
            "heads": 20,
            "kernal": 5,
            "padding": 2
        },
        "train": {
            "epochs": 100,
            "lr": 0.001,
            "weight_decay": 0,
            "temp": 20
        },
        "uniq_name": "Indian_test"
    },