{
    "epoch_loss": {
        "type": "index_value",
        "index": [
            1,
            2,
            3,
            4,
            5,
            6,
            7,
            8,
            9,
            10,
            11,
            12,
            13,
            14,
            15,
            16,
            17,
            18,
            19,
            20,
            21,
            22,
            23,
            24,
            25,
            26,
            27,
            28,
            29,
            30,
            31,
            32,
            33,
            34,
            35,
            36,
            37,
            38,
            39,
            40,
            41,
            42,
            43,
            44,
            45,
            46,
            47,
            48,
            49,
            50,
            51,
            52,
            53,
            54,
            55,
            56,
            57,
            58,
            59,
            60,
            61,
            62,
            63,
            64,
            65,
            66,
            67,
            68,
            69,
            70,
            71,
            72,
            73,
            74,
            75,
            76,
            77,
            78,
            79,
            80,
            81,
            82,
            83,
            84,
            85,
            86,
            87,
            88,
            89,
            90,
            91,
            92,
            93,
            94,
            95,
            96,
            97,
            98,
            99,
            100
        ],
        "value": [
            2.4746188825176607,
            1.585552405541943,
            1.1857754653499972,
            0.9291214404567596,
            0.7108338394472676,
            0.549886667536151,
            0.4120779360494306,
            0.3203773785021997,
            0.24493746882484804,
            0.1920714492759397,
            0.14934488049437922,
            0.1153607404039752,
            0.09087268349624449,
            0.07975461502229014,
            0.0703504471048232,
            0.059633169491444864,
            0.051747010287738614,
            0.046821997386793934,
            0.040831493297892235,
            0.03939542378629408,
            0.03513661461972421,
            0.03525030668224058,
            0.02899736382307545,
            0.028960636570569007,
            0.02708173838834609,
            0.023020939192464274,
            0.02180879835880572,
            0.02009092995957021,
            0.019444889443055276,
            0.019526819175770205,
            0.016732600475511242,
            0.01847811603257733,
            0.016506319889618506,
            0.015365484897648135,
            0.015114475636472625,
            0.01453805968405739,
            0.01269083193713619,
            0.012821868140130274,
            0.012025030329823494,
            0.011383454273304632,
            0.01068357259876305,
            0.011299521668303397,
            0.009873662318193144,
            0.009081761334692278,
            0.008611267390510728,
            0.009059125948096476,
            0.008492594038046175,
            0.010038797365080926,
            0.008812495951931322,
            0.008592455479646884,
            0.007668529090381438,
            0.007310925658431745,
            0.00775445029740372,
            0.00754725587283892,
            0.006464511147069354,
            0.006903416753536271,
            0.006345433288163716,
            0.0059151201268597955,
            0.005946945158704635,
            0.006136593673258059,
            0.005906775338394988,
            0.005515706253748747,
            0.005052984175422499,
            0.005148843240233198,
            0.005581373925651273,
            0.005367522317195131,
            0.004728009948326695,
            0.005132746717502032,
            0.005404759739195147,
            0.004954562459381358,
            0.004524951677529082,
            0.004100780396331703,
            0.004522813739435327,
            0.004324609993566429,
            0.0041425240316217945,
            0.003983813301930504,
            0.004079452322255219,
            0.004091372118601876,
            0.004265910966862594,
            0.003953675931740191,
            0.003714006506807862,
            0.003547717217776564,
            0.0035715019120083702,
            0.0037507025509952536,
            0.003274391974592882,
            0.003206480133737768,
            0.0032369806431233883,
            0.0031743000231442913,
            0.0028872699206394536,
            0.0030166751404683435,
            0.0034470856550239746,
            0.0026073255425980014,
            0.0030581612665686875,
            0.0027919770338602603,
            0.0028396247886121272,
            0.0033096485861366797,
            0.0028029200110223987,
            0.00297685069963336,
            0.002638219007020516,
            0.0023868206287583995
        ]
    },
    "train_oa": {
        "type": "index_value",
        "index": [
            10,
            20,
            30,
            40,
            50,
            60,
            70,
            80,
            90,
            100
        ],
        "value": [
            93.23875641412617,
            93.49029077371969,
            93.38967702988228,
            93.22869503974243,
            93.29912466042862,
            93.39973840426602,
            93.38967702988228,
            93.58084314317335,
            93.39973840426602,
            93.61102726632457
        ]
    },
    "train_aa": {
        "type": "index_value",
        "index": [
            10,
            20,
            30,
            40,
            50,
            60,
            70,
            80,
            90,
            100
        ],
        "value": [
            96.02974213124466,
            96.37426925809886,
            96.23309147648558,
            96.13726402669684,
            96.22641169670278,
            96.26304214237254,
            96.31262547509841,
            96.39162432426329,
            96.21560692977498,
            96.32946784166583
        ]
    },
    "train_kappa": {
        "type": "index_value",
        "index": [
            10,
            20,
            30,
            40,
            50,
            60,
            70,
            80,
            90,
            100
        ],
        "value": [
            92.29805484200439,
            92.58551724021835,
            92.46817373712794,
            92.28752665142439,
            92.36733059374535,
            92.47965409830388,
            92.47054857243549,
            92.68525980903665,
            92.47855899542095,
            92.71840728498819
        ]
    },
    "eval_time": 7.152557373046875e-07,
    "param": {
        "data": {
            "data_sign": "Indian",
            "data_file": "Indian_20",
            "diffusion_sign": false,
            "diffusion_data_sign_path_prefix": "/home/cn/codes/spectral_diff_temp/codes/save_feature/indian_unet3d_patch16_without_downsample_kernal5_fix/save_feature",
            "diffusion_data_sign": "t5_2_full.pkl.npy",
            "patch_size": 13,
            "test_ratio": 0.95,
            "batch_size": 64,
            "num_classes": 16,
            "pca": 200,
            "dim_heads": 64,
            "spectral_size": 200
        },
        "net": {
            "trainer": "cross_trainer",
            "net_type": "just_pixel",
            "mlp_head_dim": 64,
            "depth": 3,
            "dim": 64,
            "heads": 20,
            "kernal": 5,
            "padding": 2
        },
        "train": {
            "epochs": 100,
            "lr": 0.001,
            "weight_decay": 0,
            "temp": 20
        },
        "uniq_name": "Indian_test"
    },