{
    "epoch_loss": {
        "type": "index_value",
        "index": [
            1,
            2,
            3,
            4,
            5,
            6,
            7,
            8,
            9,
            10,
            11,
            12,
            13,
            14,
            15,
            16,
            17,
            18,
            19,
            20,
            21,
            22,
            23,
            24,
            25,
            26,
            27,
            28,
            29,
            30,
            31,
            32,
            33,
            34,
            35,
            36,
            37,
            38,
            39,
            40,
            41,
            42,
            43,
            44,
            45,
            46,
            47,
            48,
            49,
            50,
            51,
            52,
            53,
            54,
            55,
            56,
            57,
            58,
            59,
            60,
            61,
            62,
            63,
            64,
            65,
            66,
            67,
            68,
            69,
            70,
            71,
            72,
            73,
            74,
            75,
            76,
            77,
            78,
            79,
            80,
            81,
            82,
            83,
            84,
            85,
            86,
            87,
            88,
            89,
            90,
            91,
            92,
            93,
            94,
            95,
            96,
            97,
            98,
            99,
            100
        ],
        "value": [
            2.4393931235036543,
            1.5977275086987404,
            1.1940976735084288,
            0.914050934776183,
            0.7181725494323238,
            0.5350595343497492,
            0.41389219914713216,
            0.313729340030301,
            0.25802736042007324,
            0.19498977353495936,
            0.16750099216738054,
            0.1283748659876085,
            0.10713898448213455,
            0.07916724028125886,
            0.07729136842873789,
            0.06664812132235497,
            0.055281454516995336,
            0.05156248221474309,
            0.042802406078384765,
            0.040558186702189906,
            0.042663151963103205,
            0.03451667288618703,
            0.03648868037327643,
            0.030429619454568433,
            0.02782829880954758,
            0.024966086867836215,
            0.025061249060015525,
            0.020381179007311023,
            0.021975042731050522,
            0.020533112484601237,
            0.018343786823172722,
            0.017700865864753723,
            0.016941284977139964,
            0.017526960132583494,
            0.015645678521644685,
            0.014094728255464185,
            0.014620882296754468,
            0.013375982960626002,
            0.013135968304930195,
            0.012223118747914992,
            0.012840708928002466,
            0.011318597858471256,
            0.010799710572727265,
            0.011220496322118467,
            0.009867733320401561,
            0.010116334031185796,
            0.009406008763659384,
            0.00832626523089505,
            0.010253552010943813,
            0.008552073732378982,
            0.008113226877345192,
            0.008481504527791854,
            0.007607193438396338,
            0.008307436685408315,
            0.007586917737799306,
            0.007898016658521467,
            0.006941549936609883,
            0.006806538668611357,
            0.0060501122366516825,
            0.007056333016484014,
            0.00630542753084052,
            0.006120171256723904,
            0.005259606530589442,
            0.005781288282765496,
            0.005636446490403145,
            0.005924819352766199,
            0.005066728766166395,
            0.004948581869323407,
            0.005177718494087458,
            0.004722450826797755,
            0.005185913537899333,
            0.005248725741741157,
            0.005199760622194698,
            0.004588800185029545,
            0.004137924214404437,
            0.0038550018873666565,
            0.004360542401310898,
            0.004983552434151211,
            0.0037358438956641383,
            0.004328037681238305,
            0.003799230240345482,
            0.0037865230903750464,
            0.0037821480493632053,
            0.004037008077026375,
            0.0037958282782065292,
            0.003407298461083443,
            0.003205666175833152,
            0.003645736811261985,
            0.0032127504747721455,
            0.0031841583339677704,
            0.003184911975216481,
            0.0032441529295136854,
            0.003432143598254169,
            0.0031157474123662517,
            0.00328243981385904,
            0.0026441222327130455,
            0.002736620932456947,
            0.00248496612353671,
            0.0028561181448880702,
            0.002766352417247911
        ]
    },
    "train_oa": {
        "type": "index_value",
        "index": [
            10,
            20,
            30,
            40,
            50,
            60,
            70,
            80,
            90,
            100
        ],
        "value": [
            92.66525807425295,
            92.78599456685784,
            93.05765167521884,
            93.06771304960257,
            93.49029077371969,
            93.08783579837005,
            93.16832679343999,
            93.45004527618472,
            93.38967702988228,
            93.38967702988228
        ]
    },
    "train_aa": {
        "type": "index_value",
        "index": [
            10,
            20,
            30,
            40,
            50,
            60,
            70,
            80,
            90,
            100
        ],
        "value": [
            95.22163481488354,
            95.68643850399148,
            96.03694044966404,
            95.83830671141709,
            96.25805063859933,
            95.72025121269844,
            96.13172954792678,
            95.9676840161945,
            96.21852714977848,
            95.91861905615443
        ]
    },
    "train_kappa": {
        "type": "index_value",
        "index": [
            10,
            20,
            30,
            40,
            50,
            60,
            70,
            80,
            90,
            100
        ],
        "value": [
            91.63811282817872,
            91.78196306872546,
            92.09311586249575,
            92.10624463360976,
            92.58267472348271,
            92.12382157399844,
            92.21948546726625,
            92.53485897847789,
            92.46844616583681,
            92.46811518323157
        ]
    },
    "eval_time": 4.76837158203125e-07,
    "param": {
        "data": {
            "data_sign": "Indian",
            "data_file": "Indian_20",
            "diffusion_sign": false,
            "diffusion_data_sign_path_prefix": "/home/cn/codes/spectral_diff_temp/codes/save_feature/indian_unet3d_patch16_without_downsample_kernal5_fix/save_feature",
            "diffusion_data_sign": "t5_2_full.pkl.npy",
            "patch_size": 13,
            "test_ratio": 0.95,
            "batch_size": 64,
            "num_classes": 16,
            "pca": 200,
            "dim_heads": 64,
            "spectral_size": 200
        },
        "net": {
            "trainer": "cross_trainer",
            "net_type": "just_pixel",
            "mlp_head_dim": 64,
            "depth": 3,
            "dim": 64,
            "heads": 20,
            "kernal": 5,
            "padding": 2
        },
        "train": {
            "epochs": 100,
            "lr": 0.001,
            "weight_decay": 0,
            "temp": 20
        },
        "uniq_name": "Indian_test"
    },