{
    "epoch_loss": {
        "type": "index_value",
        "index": [
            1,
            2,
            3,
            4,
            5,
            6,
            7,
            8,
            9,
            10,
            11,
            12,
            13,
            14,
            15,
            16,
            17,
            18,
            19,
            20,
            21,
            22,
            23,
            24,
            25,
            26,
            27,
            28,
            29,
            30,
            31,
            32,
            33,
            34,
            35,
            36,
            37,
            38,
            39,
            40,
            41,
            42,
            43,
            44,
            45,
            46,
            47,
            48,
            49,
            50,
            51,
            52,
            53,
            54,
            55,
            56,
            57,
            58,
            59,
            60,
            61,
            62,
            63,
            64,
            65,
            66,
            67,
            68,
            69,
            70,
            71,
            72,
            73,
            74,
            75,
            76,
            77,
            78,
            79,
            80,
            81,
            82,
            83,
            84,
            85,
            86,
            87,
            88,
            89,
            90,
            91,
            92,
            93,
            94,
            95,
            96,
            97,
            98,
            99,
            100
        ],
        "value": [
            2.328390424482284,
            1.6168846384171516,
            1.2242552726499496,
            0.9721184665156949,
            0.759710435328945,
            0.5556912010715854,
            0.4256975500814376,
            0.30484704875176954,
            0.23384009984231766,
            0.1755089879997315,
            0.14568479234172452,
            0.126191204113345,
            0.093191048310649,
            0.0779790124104869,
            0.07166980666018301,
            0.05802569074496146,
            0.050631713170197705,
            0.04620620966438324,
            0.04034205119936697,
            0.03779578836214158,
            0.03385686054825783,
            0.03271078338786479,
            0.029619369187181995,
            0.026955325661167023,
            0.025308520166623976,
            0.025032186736502954,
            0.022365708048305205,
            0.021125217154622077,
            0.020222237441808948,
            0.017937594039305563,
            0.01660299636423588,
            0.01653430493127915,
            0.015862695836732464,
            0.01409747980294689,
            0.014854447471518671,
            0.012880556844174862,
            0.013204428421393518,
            0.011932744127848456,
            0.01155646541306088,
            0.011166730787484877,
            0.01129844626111369,
            0.01063006023966497,
            0.010113419334013616,
            0.009936914490836281,
            0.009724018512473953,
            0.009751137964908153,
            0.009368116372535306,
            0.00840075661938998,
            0.008134150985748536,
            0.007943889709009277,
            0.008189215096494843,
            0.00750607889926722,
            0.007427276556770648,
            0.006816954333936014,
            0.006874465864271887,
            0.00659600994699905,
            0.006627300375651929,
            0.0061313451267778875,
            0.0064980996622433585,
            0.006611797964620975,
            0.005872052397218443,
            0.005735408655938602,
            0.0053677428934362625,
            0.005065841408025834,
            0.0047522508629387426,
            0.0055875391849587045,
            0.0053012046392165845,
            0.0046494119680456575,
            0.00451183698380426,
            0.004732076589378619,
            0.004516651634607584,
            0.0048090228540522435,
            0.004257524778105078,
            0.003978486079722643,
            0.004446898460868866,
            0.004058732503965016,
            0.0037899255542264833,
            0.003883921589341856,
            0.003723721628287627,
            0.003648940768213041,
            0.0034588317146464704,
            0.004147508415964342,
            0.0034541098040438466,
            0.0032730741471412683,
            0.003293948963044151,
            0.003525068296960765,
            0.003317261711063404,
            0.0033883870744536963,
            0.003486522605582591,
            0.0028339363213989045,
            0.003054223777425866,
            0.0027448052705656137,
            0.0028452608539091965,
            0.0029338594030348525,
            0.0026198086328804494,
            0.0027540165690645097,
            0.0026255403705421954,
            0.0026685248865115064,
            0.002313052636060503,
            0.0025870459124205576
        ]
    },
    "train_oa": {
        "type": "index_value",
        "index": [
            10,
            20,
            30,
            40,
            50,
            60,
            70,
            80,
            90,
            100
        ],
        "value": [
            91.74967300533254,
            92.66525807425295,
            92.82624006439279,
            92.82624006439279,
            93.03752892645136,
            93.03752892645136,
            93.0274675520676,
            93.12808129590502,
            93.16832679343999,
            93.10795854713754
        ]
    },
    "train_aa": {
        "type": "index_value",
        "index": [
            10,
            20,
            30,
            40,
            50,
            60,
            70,
            80,
            90,
            100
        ],
        "value": [
            95.32167489989001,
            95.7444592852704,
            95.73710781556453,
            95.8390310871921,
            95.95366517682425,
            95.96603838307675,
            95.97722896928617,
            96.10908505954077,
            96.13451740654571,
            96.10393634607526
        ]
    },
    "train_kappa": {
        "type": "index_value",
        "index": [
            10,
            20,
            30,
            40,
            50,
            60,
            70,
            80,
            90,
            100
        ],
        "value": [
            90.61917250631325,
            91.64828886959984,
            91.8323676869076,
            91.83241042486061,
            92.06872748265909,
            92.07152923001306,
            92.06101490185127,
            92.17619220993502,
            92.21977734799887,
            92.15239118587364
        ]
    },
    "eval_time": 7.152557373046875e-07,
    "param": {
        "data": {
            "data_sign": "Indian",
            "data_file": "Indian_20",
            "diffusion_sign": false,
            "diffusion_data_sign_path_prefix": "/home/cn/codes/spectral_diff_temp/codes/save_feature/indian_unet3d_patch16_without_downsample_kernal5_fix/save_feature",
            "diffusion_data_sign": "t5_2_full.pkl.npy",
            "patch_size": 13,
            "test_ratio": 0.95,
            "batch_size": 64,
            "num_classes": 16,
            "pca": 200,
            "dim_heads": 64,
            "spectral_size": 200
        },
        "net": {
            "trainer": "cross_trainer",
            "net_type": "just_pixel",
            "mlp_head_dim": 64,
            "depth": 3,
            "dim": 64,
            "heads": 20,
            "kernal": 5,
            "padding": 2
        },
        "train": {
            "epochs": 100,
            "lr": 0.001,
            "weight_decay": 0,
            "temp": 20
        },
        "uniq_name": "Indian_test"
    },