{
    "epoch_loss": {
        "type": "index_value",
        "index": [
            1,
            2,
            3,
            4,
            5,
            6,
            7,
            8,
            9,
            10,
            11,
            12,
            13,
            14,
            15,
            16,
            17,
            18,
            19,
            20,
            21,
            22,
            23,
            24,
            25,
            26,
            27,
            28,
            29,
            30,
            31,
            32,
            33,
            34,
            35,
            36,
            37,
            38,
            39,
            40,
            41,
            42,
            43,
            44,
            45,
            46,
            47,
            48,
            49,
            50,
            51,
            52,
            53,
            54,
            55,
            56,
            57,
            58,
            59,
            60,
            61,
            62,
            63,
            64,
            65,
            66,
            67,
            68,
            69,
            70,
            71,
            72,
            73,
            74,
            75,
            76,
            77,
            78,
            79,
            80,
            81,
            82,
            83,
            84,
            85,
            86,
            87,
            88,
            89,
            90,
            91,
            92,
            93,
            94,
            95,
            96,
            97,
            98,
            99,
            100
        ],
        "value": [
            2.258303202591933,
            1.389593664701883,
            1.00553332056318,
            0.7082035255122494,
            0.5323688674282718,
            0.37713235965022796,
            0.275619871817626,
            0.20020381080639826,
            0.14657127818503937,
            0.11229814559995353,
            0.08739574872828149,
            0.07225034724582326,
            0.06336277820073165,
            0.05173851607681869,
            0.044717895278295915,
            0.03892001108109177,
            0.03576791039728499,
            0.03241821634885553,
            0.028830883661647894,
            0.028508323813220122,
            0.025074786446117735,
            0.022331671450625767,
            0.02098808931065844,
            0.02187019610753307,
            0.018592558801174164,
            0.016763693870758857,
            0.016425860513533865,
            0.015711031975103665,
            0.015097129146580571,
            0.014111495129280276,
            0.013195477655858963,
            0.012211379909573437,
            0.01268680767434371,
            0.010983318767764351,
            0.01044285861025383,
            0.010243756648201447,
            0.009778353397722369,
            0.009966397198376718,
            0.008832191540436312,
            0.008783295399860128,
            0.00905655666145605,
            0.008528841308668836,
            0.007712185697315575,
            0.007215881224286246,
            0.007049495819956064,
            0.006373085329526818,
            0.0062793312570104355,
            0.006191689696453222,
            0.006207246030983213,
            0.006439537112298724,
            0.00606043894424454,
            0.005514165537746309,
            0.005566755908408335,
            0.005149749730556429,
            0.004703056777815347,
            0.004919038371896589,
            0.0047428744071006,
            0.004652443574741483,
            0.004553696563975377,
            0.004390799966580295,
            0.0043720850817762415,
            0.004127557365247956,
            0.004091525244732182,
            0.003880621472301034,
            0.003733357571839512,
            0.003773899119976279,
            0.0036558397114276886,
            0.003663287978837049,
            0.00359724396114032,
            0.003601612982811866,
            0.003743187469950357,
            0.0032722526139204763,
            0.0033241013071028057,
            0.0029262810727799095,
            0.003153142256226826,
            0.002952892786835308,
            0.002958768310460758,
            0.0030927953292168193,
            0.0027040887998973392,
            0.002813084828123063,
            0.002588775462483044,
            0.002639749332319026,
            0.0023319509799604294,
            0.0025388639595649845,
            0.002373091413869293,
            0.0023996269439238234,
            0.002530571457313059,
            0.0023069563503195713,
            0.0022386862841954867,
            0.0021728814122956488,
            0.002161664457374869,
            0.0021269735154490193,
            0.002117452532198135,
            0.002206432846278049,
            0.0019872054191572325,
            0.0019439358684512507,
            0.002007464769405204,
            0.00201834585100364,
            0.002044707529137951,
            0.001847996462632406
        ]
    },
    "train_oa": {
        "type": "index_value",
        "index": [
            10,
            20,
            30,
            40,
            50,
            60,
            70,
            80,
            90,
            100
        ],
        "value": [
            93.50162206001622,
            93.57258718572588,
            93.67396593673966,
            93.71451743714518,
            93.92741281427412,
            93.73479318734793,
            93.81589618815896,
            93.78548256285482,
            93.73479318734793,
            93.89699918896999
        ]
    },
    "train_aa": {
        "type": "index_value",
        "index": [
            10,
            20,
            30,
            40,
            50,
            60,
            70,
            80,
            90,
            100
        ],
        "value": [
            96.51188905877474,
            96.46529148528691,
            96.39964550765568,
            96.45031190172504,
            96.59351010668027,
            96.4854584378135,
            96.46446274736724,
            96.52423713353006,
            96.44176121957662,
            96.57437203846449
        ]
    },
    "train_kappa": {
        "type": "index_value",
        "index": [
            10,
            20,
            30,
            40,
            50,
            60,
            70,
            80,
            90,
            100
        ],
        "value": [
            92.59614957210573,
            92.67768639011574,
            92.79013315621152,
            92.8361538919642,
            93.07662219635813,
            92.85847730079712,
            92.95011703758973,
            92.91576969018038,
            92.85771997505243,
            93.04266068134363
        ]
    },
    "eval_time": 4.76837158203125e-07,
    "param": {
        "data": {
            "data_sign": "Indian",
            "data_file": "Indian_25",
            "diffusion_sign": false,
            "diffusion_data_sign_path_prefix": "/home/cn/codes/spectral_diff_temp/codes/save_feature/indian_unet3d_patch16_without_downsample_kernal5_fix/save_feature",
            "diffusion_data_sign": "t5_2_full.pkl.npy",
            "patch_size": 13,
            "test_ratio": 0.95,
            "batch_size": 65,
            "num_classes": 16,
            "pca": 200,
            "dim_heads": 64,
            "spectral_size": 200
        },
        "net": {
            "trainer": "cross_trainer",
            "net_type": "just_pixel",
            "mlp_head_dim": 64,
            "depth": 3,
            "dim": 64,
            "heads": 20,
            "kernal": 5,
            "padding": 2
        },
        "train": {
            "epochs": 100,
            "lr": 0.001,
            "weight_decay": 0,
            "temp": 20
        },
        "uniq_name": "Indian_test"
    },