{
    "epoch_loss": {
        "type": "index_value",
        "index": [
            1,
            2,
            3,
            4,
            5,
            6,
            7,
            8,
            9,
            10,
            11,
            12,
            13,
            14,
            15,
            16,
            17,
            18,
            19,
            20,
            21,
            22,
            23,
            24,
            25,
            26,
            27,
            28,
            29,
            30,
            31,
            32,
            33,
            34,
            35,
            36,
            37,
            38,
            39,
            40,
            41,
            42,
            43,
            44,
            45,
            46,
            47,
            48,
            49,
            50,
            51,
            52,
            53,
            54,
            55,
            56,
            57,
            58,
            59,
            60,
            61,
            62,
            63,
            64,
            65,
            66,
            67,
            68,
            69,
            70,
            71,
            72,
            73,
            74,
            75,
            76,
            77,
            78,
            79,
            80,
            81,
            82,
            83,
            84,
            85,
            86,
            87,
            88,
            89,
            90,
            91,
            92,
            93,
            94,
            95,
            96,
            97,
            98,
            99,
            100
        ],
        "value": [
            2.3005920741465187,
            1.4232450553349085,
            1.0496201569383794,
            0.7856452093495951,
            0.5783382723857831,
            0.43731980974023993,
            0.315203842791644,
            0.23264053134949175,
            0.16296112769609922,
            0.13885726924840505,
            0.09848691126355877,
            0.0782462851954745,
            0.07012833137210313,
            0.05941491307956832,
            0.05233179584339068,
            0.04205578386590078,
            0.038691965258353715,
            0.037046241247421736,
            0.028511031736414155,
            0.02759091178705166,
            0.025524276828804572,
            0.023745499333584462,
            0.021186003727572306,
            0.021637840462582453,
            0.020117764143490945,
            0.01802477389332149,
            0.015987645447641224,
            0.015418878998365495,
            0.014776514310921942,
            0.014095855997754382,
            0.013327231183164305,
            0.01248495579491575,
            0.012506748416594096,
            0.011496981980835463,
            0.010819594726547019,
            0.010068544573694854,
            0.010254276347915073,
            0.009913177435080727,
            0.008952475842330363,
            0.008335047933672155,
            0.008293685503304005,
            0.008653756134308778,
            0.007879623006303588,
            0.00775858202296031,
            0.0065217329515748984,
            0.0075913830841710045,
            0.0067644165224069125,
            0.006451134170804705,
            0.005686092069493486,
            0.006204815774962499,
            0.005716018916966466,
            0.005760956089943647,
            0.0056983266243493405,
            0.0050161044572951735,
            0.005168783629627584,
            0.005141052205792882,
            0.004496598277579655,
            0.004758516507973144,
            0.0045197372469905905,
            0.004201711911417834,
            0.004265488457999059,
            0.004334694098124837,
            0.0038305430419065738,
            0.003484877594444272,
            0.004065546950978505,
            0.0035369568685819576,
            0.003720430563530558,
            0.003516323280871495,
            0.003871253857921277,
            0.0036242345481046607,
            0.0033772698416096435,
            0.003298541712393234,
            0.0030916492460755173,
            0.003382970349161656,
            0.0030269326382111033,
            0.0030339579793394775,
            0.0027700291777198963,
            0.0029573364473589056,
            0.0025815666870927655,
            0.002682540142400698,
            0.003026008905310716,
            0.0027948259769080136,
            0.00233674631756428,
            0.0030884077566881458,
            0.002633240506319063,
            0.0025507371567262266,
            0.002811598512888342,
            0.0024655079227182772,
            0.0025701589894468906,
            0.0022965093224926233,
            0.0021096661856228657,
            0.0021564933084338516,
            0.0020948573357316776,
            0.0020769428395267043,
            0.002145253256410844,
            0.0018858015325597742,
            0.0018704157177504006,
            0.0020587441054862234,
            0.0018529225089405845,
            0.0018132136478512125
        ]
    },
    "train_oa": {
        "type": "index_value",
        "index": [
            10,
            20,
            30,
            40,
            50,
            60,
            70,
            80,
            90,
            100
        ],
        "value": [
            92.66017842660177,
            93.33941605839416,
            93.09610705596107,
            93.41038118410381,
            93.26845093268452,
            93.2785888077859,
            93.31914030819141,
            93.24817518248175,
            93.33941605839416,
            93.50162206001622
        ]
    },
    "train_aa": {
        "type": "index_value",
        "index": [
            10,
            20,
            30,
            40,
            50,
            60,
            70,
            80,
            90,
            100
        ],
        "value": [
            95.98573184536231,
            96.41108590241775,
            96.35042233696453,
            96.47060223543204,
            96.37444964399407,
            96.413749074467,
            96.32834380348552,
            96.41676993280781,
            96.43419347733145,
            96.56691687720313
        ]
    },
    "train_kappa": {
        "type": "index_value",
        "index": [
            10,
            20,
            30,
            40,
            50,
            60,
            70,
            80,
            90,
            100
        ],
        "value": [
            91.6421112864915,
            92.41685979605897,
            92.14314422025673,
            92.49680380412842,
            92.33603472370358,
            92.34735118521395,
            92.3930352646795,
            92.31171458507379,
            92.41693823423947,
            92.59944657816297
        ]
    },
    "eval_time": 4.76837158203125e-07,
    "param": {
        "data": {
            "data_sign": "Indian",
            "data_file": "Indian_25",
            "diffusion_sign": false,
            "diffusion_data_sign_path_prefix": "/home/cn/codes/spectral_diff_temp/codes/save_feature/indian_unet3d_patch16_without_downsample_kernal5_fix/save_feature",
            "diffusion_data_sign": "t5_2_full.pkl.npy",
            "patch_size": 13,
            "test_ratio": 0.95,
            "batch_size": 65,
            "num_classes": 16,
            "pca": 200,
            "dim_heads": 64,
            "spectral_size": 200
        },
        "net": {
            "trainer": "cross_trainer",
            "net_type": "just_pixel",
            "mlp_head_dim": 64,
            "depth": 3,
            "dim": 64,
            "heads": 20,
            "kernal": 5,
            "padding": 2
        },
        "train": {
            "epochs": 100,
            "lr": 0.001,
            "weight_decay": 0,
            "temp": 20
        },
        "uniq_name": "Indian_test"
    },