{
    "epoch_loss": {
        "type": "index_value",
        "index": [
            1,
            2,
            3,
            4,
            5,
            6,
            7,
            8,
            9,
            10,
            11,
            12,
            13,
            14,
            15,
            16,
            17,
            18,
            19,
            20,
            21,
            22,
            23,
            24,
            25,
            26,
            27,
            28,
            29,
            30,
            31,
            32,
            33,
            34,
            35,
            36,
            37,
            38,
            39,
            40,
            41,
            42,
            43,
            44,
            45,
            46,
            47,
            48,
            49,
            50,
            51,
            52,
            53,
            54,
            55,
            56,
            57,
            58,
            59,
            60,
            61,
            62,
            63,
            64,
            65,
            66,
            67,
            68,
            69,
            70,
            71,
            72,
            73,
            74,
            75,
            76,
            77,
            78,
            79,
            80,
            81,
            82,
            83,
            84,
            85,
            86,
            87,
            88,
            89,
            90,
            91,
            92,
            93,
            94,
            95,
            96,
            97,
            98,
            99,
            100
        ],
        "value": [
            2.3539470387743666,
            1.4489004116553765,
            1.0215868601551303,
            0.7309722412716259,
            0.5149675518661351,
            0.36261196299032733,
            0.27641236936891234,
            0.20626413009383462,
            0.15739394279269428,
            0.12038760042035734,
            0.10061253462131921,
            0.07635503484831228,
            0.0701814591884613,
            0.05833616451203049,
            0.04793558487450922,
            0.04395607820191941,
            0.03724904401929348,
            0.034561362988376,
            0.03245896758971276,
            0.02866924994371154,
            0.026930457005253088,
            0.02412762287278454,
            0.022664780401951308,
            0.021406818689270454,
            0.018073304108791537,
            0.020345804487149437,
            0.017065982031938317,
            0.01676116032259805,
            0.015073568415041868,
            0.015310784451082929,
            0.01365587010060425,
            0.011893919584426012,
            0.013424389475545325,
            0.012295067334523449,
            0.012645085523654889,
            0.010892598079396533,
            0.010464788934627137,
            0.009845453157246886,
            0.010074410006984488,
            0.009386716749180447,
            0.008434725181477797,
            0.00802601206829989,
            0.008179460331652458,
            0.00791963099127079,
            0.006771921313234738,
            0.007661674147495976,
            0.006516731059928606,
            0.006697336108992239,
            0.006481050973298487,
            0.0064784467292876985,
            0.006210598060498377,
            0.0057006886277299424,
            0.005633382501637006,
            0.005518750487161534,
            0.005295254544100978,
            0.004774887302237285,
            0.004724317980180313,
            0.005140312294197547,
            0.004858852702785622,
            0.004576199482400696,
            0.004315883005884561,
            0.004673990100477036,
            0.004845558236316814,
            0.00442569014047841,
            0.004007188361380008,
            0.004144131529519891,
            0.0036533848902621825,
            0.0035695613531226463,
            0.0038387562577648984,
            0.0036476215758881013,
            0.0034081577988607542,
            0.0034217822921837307,
            0.0032884272256890287,
            0.002902984894304113,
            0.0031595819617633697,
            0.002917957292603595,
            0.003073904034379241,
            0.0028873398664177627,
            0.002841421790033966,
            0.0028751645049733387,
            0.0028311094124015275,
            0.002733326843613154,
            0.002656947969543663,
            0.0029172133654356003,
            0.0025459388119785428,
            0.0022683990695937114,
            0.0024147949350828476,
            0.0023871381833617178,
            0.0023241454566066914,
            0.002611980846079139,
            0.0024760294729819546,
            0.0022304867872024897,
            0.002084624882509279,
            0.002237320100501567,
            0.002088163421465108,
            0.0021457050688105162,
            0.0022001628878877146,
            0.0023526070615300884,
            0.0019748803476089395,
            0.0018009296890541717
        ]
    },
    "train_oa": {
        "type": "index_value",
        "index": [
            10,
            20,
            30,
            40,
            50,
            60,
            70,
            80,
            90,
            100
        ],
        "value": [
            92.26480129764802,
            93.04541768045418,
            93.49148418491484,
            93.42051905920519,
            93.54217356042173,
            93.61313868613139,
            93.53203568532035,
            93.55231143552312,
            93.40024330900243,
            93.5117599351176
        ]
    },
    "train_aa": {
        "type": "index_value",
        "index": [
            10,
            20,
            30,
            40,
            50,
            60,
            70,
            80,
            90,
            100
        ],
        "value": [
            95.96144410955245,
            96.1696338997825,
            96.42698949189567,
            96.50649476696613,
            96.4461399997995,
            96.49707188478091,
            96.42103849285513,
            96.41562963328785,
            96.34374779948641,
            96.5243168413314
        ]
    },
    "train_kappa": {
        "type": "index_value",
        "index": [
            10,
            20,
            30,
            40,
            50,
            60,
            70,
            80,
            90,
            100
        ],
        "value": [
            91.20339266948689,
            92.08107693545125,
            92.58542730397947,
            92.50463544541793,
            92.6410293176378,
            92.72188221032668,
            92.62930093071878,
            92.65260750519005,
            92.4788093966416,
            92.60616965819838
        ]
    },
    "eval_time": 4.76837158203125e-07,
    "param": {
        "data": {
            "data_sign": "Indian",
            "data_file": "Indian_25",
            "diffusion_sign": false,
            "diffusion_data_sign_path_prefix": "/home/cn/codes/spectral_diff_temp/codes/save_feature/indian_unet3d_patch16_without_downsample_kernal5_fix/save_feature",
            "diffusion_data_sign": "t5_2_full.pkl.npy",
            "patch_size": 13,
            "test_ratio": 0.95,
            "batch_size": 65,
            "num_classes": 16,
            "pca": 200,
            "dim_heads": 64,
            "spectral_size": 200
        },
        "net": {
            "trainer": "cross_trainer",
            "net_type": "just_pixel",
            "mlp_head_dim": 64,
            "depth": 3,
            "dim": 64,
            "heads": 20,
            "kernal": 5,
            "padding": 2
        },
        "train": {
            "epochs": 100,
            "lr": 0.001,
            "weight_decay": 0,
            "temp": 20
        },
        "uniq_name": "Indian_test"
    },