{
    "epoch_loss": {
        "type": "index_value",
        "index": [
            1,
            2,
            3,
            4,
            5,
            6,
            7,
            8,
            9,
            10,
            11,
            12,
            13,
            14,
            15,
            16,
            17,
            18,
            19,
            20,
            21,
            22,
            23,
            24,
            25,
            26,
            27,
            28,
            29,
            30,
            31,
            32,
            33,
            34,
            35,
            36,
            37,
            38,
            39,
            40,
            41,
            42,
            43,
            44,
            45,
            46,
            47,
            48,
            49,
            50,
            51,
            52,
            53,
            54,
            55,
            56,
            57,
            58,
            59,
            60,
            61,
            62,
            63,
            64,
            65,
            66,
            67,
            68,
            69,
            70,
            71,
            72,
            73,
            74,
            75,
            76,
            77,
            78,
            79,
            80,
            81,
            82,
            83,
            84,
            85,
            86,
            87,
            88,
            89,
            90,
            91,
            92,
            93,
            94,
            95,
            96,
            97,
            98,
            99,
            100
        ],
        "value": [
            2.2958591015307936,
            1.358563799362678,
            0.9588335148699871,
            0.7190024233483648,
            0.5047485576821612,
            0.3591188807766159,
            0.2713023913758142,
            0.1878894648768685,
            0.13663747403528784,
            0.11278386007655751,
            0.08514257646226264,
            0.0678927916791532,
            0.05899894629399498,
            0.049630390988154846,
            0.043186220933090554,
            0.03932187609471284,
            0.03342895301712024,
            0.03069611055800667,
            0.029188313606110485,
            0.02745731274125638,
            0.024381703177055757,
            0.022831815621489053,
            0.021031803294242202,
            0.020020114596594463,
            0.018264297347564202,
            0.01682639965037634,
            0.01697670981626619,
            0.015636309884585343,
            0.013329716508167905,
            0.012967165644195948,
            0.013093782794456204,
            0.012155458960053208,
            0.011344978259271615,
            0.01201240038620187,
            0.010089987538174375,
            0.009526304574078553,
            0.00976795167359826,
            0.009133701793268903,
            0.008777837432291987,
            0.00867992461138925,
            0.008022019694039187,
            0.007837724823553067,
            0.007170408722255137,
            0.00739151028335675,
            0.007035501615761162,
            0.006927133465258332,
            0.006769269892292751,
            0.00628391776669335,
            0.0057450010767811305,
            0.005751100320417386,
            0.005631791488207006,
            0.005821993435406452,
            0.005406092568119238,
            0.004951683502015356,
            0.005656890008695327,
            0.004824267760790014,
            0.004606523200288996,
            0.004653330335949922,
            0.004429044782534823,
            0.004358843555553006,
            0.0041076466924958414,
            0.004275115618070998,
            0.0037791273169606537,
            0.0036847822265336653,
            0.0039581736555782615,
            0.0036843863055835684,
            0.0035931224414667527,
            0.003667293198092224,
            0.0032916385529248356,
            0.0032975854950823952,
            0.003093442710285837,
            0.0030100329585566925,
            0.0030380412331455714,
            0.002859936153225891,
            0.002898166346206487,
            0.0028012420879314085,
            0.00290916426796708,
            0.0029663198125584947,
            0.0027657724076325632,
            0.0029944976906642897,
            0.002558160715361501,
            0.002674943646537019,
            0.0024935520864877996,
            0.0025591400705955243,
            0.002494242559368541,
            0.0023837539551828007,
            0.0026567291752616694,
            0.002079524167861741,
            0.002029250209618892,
            0.00221986005947526,
            0.0021344520614252657,
            0.002139420172973693,
            0.002286064024264743,
            0.0020050021574844596,
            0.0019450861621986735,
            0.002113511766210295,
            0.00216399683381201,
            0.001718660577672062,
            0.00188393411891801,
            0.0018060676671879051
        ]
    },
    "train_oa": {
        "type": "index_value",
        "index": [
            10,
            20,
            30,
            40,
            50,
            60,
            70,
            80,
            90,
            100
        ],
        "value": [
            91.1699107866991,
            92.31549067315491,
            92.5081103000811,
            92.4168694241687,
            92.53852392538523,
            92.6094890510949,
            92.61962692619628,
            92.42700729927007,
            92.6500405515004,
            92.7919708029197
        ]
    },
    "train_aa": {
        "type": "index_value",
        "index": [
            10,
            20,
            30,
            40,
            50,
            60,
            70,
            80,
            90,
            100
        ],
        "value": [
            95.74950289234312,
            95.9605867977918,
            96.2101542997858,
            96.14337134620656,
            96.18248872184789,
            96.19736518453948,
            96.22888357708557,
            96.10026259859247,
            96.2198503305105,
            96.34150622148998
        ]
    },
    "train_kappa": {
        "type": "index_value",
        "index": [
            10,
            20,
            30,
            40,
            50,
            60,
            70,
            80,
            90,
            100
        ],
        "value": [
            89.96219558949907,
            91.25575921223393,
            91.4769626775646,
            91.37417683447677,
            91.50988842688116,
            91.59040113303459,
            91.60058882733433,
            91.38187452189479,
            91.63531527921822,
            91.79687371155502
        ]
    },
    "eval_time": 4.76837158203125e-07,
    "param": {
        "data": {
            "data_sign": "Indian",
            "data_file": "Indian_25",
            "diffusion_sign": false,
            "diffusion_data_sign_path_prefix": "/home/cn/codes/spectral_diff_temp/codes/save_feature/indian_unet3d_patch16_without_downsample_kernal5_fix/save_feature",
            "diffusion_data_sign": "t5_2_full.pkl.npy",
            "patch_size": 13,
            "test_ratio": 0.95,
            "batch_size": 65,
            "num_classes": 16,
            "pca": 200,
            "dim_heads": 64,
            "spectral_size": 200
        },
        "net": {
            "trainer": "cross_trainer",
            "net_type": "just_pixel",
            "mlp_head_dim": 64,
            "depth": 3,
            "dim": 64,
            "heads": 20,
            "kernal": 5,
            "padding": 2
        },
        "train": {
            "epochs": 100,
            "lr": 0.001,
            "weight_decay": 0,
            "temp": 20
        },
        "uniq_name": "Indian_test"
    },