{
    "epoch_loss": {
        "type": "index_value",
        "index": [
            1,
            2,
            3,
            4,
            5,
            6,
            7,
            8,
            9,
            10,
            11,
            12,
            13,
            14,
            15,
            16,
            17,
            18,
            19,
            20,
            21,
            22,
            23,
            24,
            25,
            26,
            27,
            28,
            29,
            30,
            31,
            32,
            33,
            34,
            35,
            36,
            37,
            38,
            39,
            40,
            41,
            42,
            43,
            44,
            45,
            46,
            47,
            48,
            49,
            50,
            51,
            52,
            53,
            54,
            55,
            56,
            57,
            58,
            59,
            60,
            61,
            62,
            63,
            64,
            65,
            66,
            67,
            68,
            69,
            70,
            71,
            72,
            73,
            74,
            75,
            76,
            77,
            78,
            79,
            80,
            81,
            82,
            83,
            84,
            85,
            86,
            87,
            88,
            89,
            90,
            91,
            92,
            93,
            94,
            95,
            96,
            97,
            98,
            99,
            100
        ],
        "value": [
            2.210965949404347,
            1.3329251588464857,
            0.9192382555018674,
            0.6742834855575819,
            0.4662766449891769,
            0.33155824700454334,
            0.2276131858763931,
            0.1599838159441411,
            0.13047283691530293,
            0.09424238257647098,
            0.08007117006759923,
            0.06300895420314225,
            0.05193023005215166,
            0.04363670946006571,
            0.04280374028829036,
            0.03238472500228667,
            0.029313853127999348,
            0.026243498515304144,
            0.0243244044197438,
            0.023410259410403332,
            0.02004412374971015,
            0.019561298187352246,
            0.01727086439443467,
            0.01640596618951374,
            0.01552325710318647,
            0.014272024288672852,
            0.013641562478549711,
            0.013651251140562398,
            0.011023975778706707,
            0.010812524099926557,
            0.010761832841462246,
            0.010525221328108429,
            0.010081774534170961,
            0.009469605374007343,
            0.008610919571003399,
            0.008547579741675977,
            0.008250127732124482,
            0.008068987693813806,
            0.007723262112982034,
            0.0067778750436028115,
            0.006170347429442781,
            0.006977972549361152,
            0.006190048319891699,
            0.005963529834548968,
            0.006019092268763563,
            0.005593639185970968,
            0.005357183761441627,
            0.005331882343812099,
            0.005067302989102229,
            0.004822816386156053,
            0.004857915886761705,
            0.004166231136706129,
            0.004598144307598338,
            0.0044220883455882605,
            0.004319599981688232,
            0.004335108815654609,
            0.003962455496720567,
            0.00401718789021493,
            0.0036077322889337534,
            0.0036619419451207258,
            0.0034264862749238943,
            0.0033686024824845363,
            0.003616845003971075,
            0.003323317204417476,
            0.002836393276837797,
            0.0030854075160171197,
            0.0030652813824220888,
            0.0029585248783339855,
            0.003228360108993444,
            0.002900489992441123,
            0.0027219903501178567,
            0.002548066023967925,
            0.0025391914113005202,
            0.0024850891451015733,
            0.002528425419875127,
            0.0024030265961521983,
            0.0022519734585322105,
            0.002613151870743447,
            0.0023979698695863285,
            0.0020077119923305807,
            0.002242419541224015,
            0.0023419722853866114,
            0.0020387332104062576,
            0.002073010038018126,
            0.002025601293352592,
            0.0019688028178853193,
            0.0018879418462716244,
            0.0020855498447204597,
            0.0020075060987240962,
            0.0018837158825156187,
            0.0018669400337416478,
            0.0018094707703058448,
            0.001910238665987964,
            0.0019015976498406883,
            0.0015908346282263698,
            0.0014801665286843975,
            0.0016734883294604417,
            0.001654374681681663,
            0.0014631415844206942,
            0.0014846382126723929
        ]
    },
    "train_oa": {
        "type": "index_value",
        "index": [
            10,
            20,
            30,
            40,
            50,
            60,
            70,
            80,
            90,
            100
        ],
        "value": [
            94.54360020397756,
            94.931157572667,
            95.29831718510964,
            95.34931157572667,
            95.34931157572667,
            95.32891381947985,
            95.2269250382458,
            95.4105048444671,
            95.3901070882203,
            95.4105048444671
        ]
    },
    "train_aa": {
        "type": "index_value",
        "index": [
            10,
            20,
            30,
            40,
            50,
            60,
            70,
            80,
            90,
            100
        ],
        "value": [
            96.79887958035798,
            96.98647359773163,
            97.1658702762224,
            97.14806878274749,
            97.1323566405198,
            97.15450383542374,
            97.05401803967824,
            97.19546926487985,
            97.09921862981096,
            97.15940005840902
        ]
    },
    "train_kappa": {
        "type": "index_value",
        "index": [
            10,
            20,
            30,
            40,
            50,
            60,
            70,
            80,
            90,
            100
        ],
        "value": [
            93.75686366529347,
            94.19667696300885,
            94.61515855076935,
            94.67335084245805,
            94.67406599696895,
            94.64960582887467,
            94.53313092500592,
            94.7419938164012,
            94.71872276569205,
            94.74258856910723
        ]
    },
    "eval_time": 4.76837158203125e-07,
    "param": {
        "data": {
            "data_sign": "Indian",
            "data_file": "Indian_30",
            "diffusion_sign": false,
            "diffusion_data_sign_path_prefix": "/home/cn/codes/spectral_diff_temp/codes/save_feature/indian_unet3d_patch16_without_downsample_kernal5_fix/save_feature",
            "diffusion_data_sign": "t5_2_full.pkl.npy",
            "patch_size": 13,
            "test_ratio": 0.95,
            "batch_size": 65,
            "num_classes": 16,
            "pca": 200,
            "dim_heads": 64,
            "spectral_size": 200
        },
        "net": {
            "trainer": "cross_trainer",
            "net_type": "just_pixel",
            "mlp_head_dim": 64,
            "depth": 3,
            "dim": 64,
            "heads": 20,
            "kernal": 5,
            "padding": 2
        },
        "train": {
            "epochs": 100,
            "lr": 0.001,
            "weight_decay": 0,
            "temp": 20
        },
        "uniq_name": "Indian_test"
    },