{
    "epoch_loss": {
        "type": "index_value",
        "index": [
            1,
            2,
            3,
            4,
            5,
            6,
            7,
            8,
            9,
            10,
            11,
            12,
            13,
            14,
            15,
            16,
            17,
            18,
            19,
            20,
            21,
            22,
            23,
            24,
            25,
            26,
            27,
            28,
            29,
            30,
            31,
            32,
            33,
            34,
            35,
            36,
            37,
            38,
            39,
            40,
            41,
            42,
            43,
            44,
            45,
            46,
            47,
            48,
            49,
            50,
            51,
            52,
            53,
            54,
            55,
            56,
            57,
            58,
            59,
            60,
            61,
            62,
            63,
            64,
            65,
            66,
            67,
            68,
            69,
            70,
            71,
            72,
            73,
            74,
            75,
            76,
            77,
            78,
            79,
            80,
            81,
            82,
            83,
            84,
            85,
            86,
            87,
            88,
            89,
            90,
            91,
            92,
            93,
            94,
            95,
            96,
            97,
            98,
            99,
            100
        ],
        "value": [
            2.2086749662150136,
            1.2988778062768884,
            0.8957813919127524,
            0.6406982604179297,
            0.4433277061393669,
            0.3172469686146255,
            0.2199261492906927,
            0.15925945962468782,
            0.11879098774479316,
            0.09355129739521323,
            0.07504706873415827,
            0.06251814489059888,
            0.04901583141202594,
            0.04328732943447592,
            0.03730168435219172,
            0.03328634540944755,
            0.029062077977803646,
            0.025731554871576058,
            0.024258227637121536,
            0.022517987086462812,
            0.01959883055003645,
            0.01956416296495779,
            0.01758041293024681,
            0.01625256969903906,
            0.01510093537125703,
            0.015356761571187694,
            0.013763506842256934,
            0.011716303958867988,
            0.011927914600148125,
            0.011773387677044616,
            0.01094644571033617,
            0.010094003409969512,
            0.010538333892688021,
            0.009224302412287609,
            0.008861827760565657,
            0.00840516522241471,
            0.0075940805527188624,
            0.0074998601560002645,
            0.00749724962001851,
            0.006836637938479046,
            0.006278465268084662,
            0.006549706038607804,
            0.006129143108311738,
            0.005818152673299181,
            0.005690081969012615,
            0.005221025899749015,
            0.005299773737410638,
            0.0048639476960021496,
            0.004783737254517808,
            0.004602243553276535,
            0.004770466061476786,
            0.004602031854635759,
            0.004428090482031474,
            0.004449061313140634,
            0.00415847136278276,
            0.0037714997773176176,
            0.003913765368345487,
            0.003754480642283352,
            0.0037107546729883093,
            0.0037844194265015357,
            0.003650087486168051,
            0.003520883963787341,
            0.0032522782928788583,
            0.0033140880504606276,
            0.0030070042504031246,
            0.0030572946489629176,
            0.002878156136134052,
            0.002643165424013057,
            0.0029254530143278004,
            0.0028163011999683338,
            0.002474317198665393,
            0.002450930199015315,
            0.0024610115771039245,
            0.002572207741003047,
            0.002353596476930286,
            0.0023786477154112413,
            0.002291324234836072,
            0.0022371493585130854,
            0.0023496142433335385,
            0.0021311714408839507,
            0.0022121802164317183,
            0.002154723033707522,
            0.002009480588844986,
            0.0020848839760858667,
            0.001933797010900201,
            0.001999683302946741,
            0.0018933185094103283,
            0.0018978312290126777,
            0.0016600020504598549,
            0.0017824925032343614,
            0.0018120878779849558,
            0.001718217080148558,
            0.0017053984469515985,
            0.0017119597238257763,
            0.0015157463284930935,
            0.0016130770728105326,
            0.001673996741390527,
            0.0015628247525488438,
            0.0018082233211382183,
            0.0014897053909219533
        ]
    },
    "train_oa": {
        "type": "index_value",
        "index": [
            10,
            20,
            30,
            40,
            50,
            60,
            70,
            80,
            90,
            100
        ],
        "value": [
            95.13513513513514,
            95.7368689444161,
            95.48189699133096,
            95.60428352881183,
            95.61448240693524,
            95.66547679755227,
            95.60428352881183,
            95.76746557878634,
            95.58388577256501,
            95.59408465068843
        ]
    },
    "train_aa": {
        "type": "index_value",
        "index": [
            10,
            20,
            30,
            40,
            50,
            60,
            70,
            80,
            90,
            100
        ],
        "value": [
            97.19976634502456,
            97.4207856604924,
            97.30065189468336,
            97.32624196187261,
            97.27939042981029,
            97.3774329452769,
            97.24960340340793,
            97.35751051259427,
            97.33305858808792,
            97.22755029133585
        ]
    },
    "train_kappa": {
        "type": "index_value",
        "index": [
            10,
            20,
            30,
            40,
            50,
            60,
            70,
            80,
            90,
            100
        ],
        "value": [
            94.42984731051337,
            95.11707294442448,
            94.82649012285972,
            94.96458052274956,
            94.97633288779662,
            95.03511209473918,
            94.96480623013328,
            95.15167674125857,
            94.94107873877394,
            94.95235532798715
        ]
    },
    "eval_time": 4.76837158203125e-07,
    "param": {
        "data": {
            "data_sign": "Indian",
            "data_file": "Indian_30",
            "diffusion_sign": false,
            "diffusion_data_sign_path_prefix": "/home/cn/codes/spectral_diff_temp/codes/save_feature/indian_unet3d_patch16_without_downsample_kernal5_fix/save_feature",
            "diffusion_data_sign": "t5_2_full.pkl.npy",
            "patch_size": 13,
            "test_ratio": 0.95,
            "batch_size": 65,
            "num_classes": 16,
            "pca": 200,
            "dim_heads": 64,
            "spectral_size": 200
        },
        "net": {
            "trainer": "cross_trainer",
            "net_type": "just_pixel",
            "mlp_head_dim": 64,
            "depth": 3,
            "dim": 64,
            "heads": 20,
            "kernal": 5,
            "padding": 2
        },
        "train": {
            "epochs": 100,
            "lr": 0.001,
            "weight_decay": 0,
            "temp": 20
        },
        "uniq_name": "Indian_test"
    },