{
    "epoch_loss": {
        "type": "index_value",
        "index": [
            1,
            2,
            3,
            4,
            5,
            6,
            7,
            8,
            9,
            10,
            11,
            12,
            13,
            14,
            15,
            16,
            17,
            18,
            19,
            20,
            21,
            22,
            23,
            24,
            25,
            26,
            27,
            28,
            29,
            30,
            31,
            32,
            33,
            34,
            35,
            36,
            37,
            38,
            39,
            40,
            41,
            42,
            43,
            44,
            45,
            46,
            47,
            48,
            49,
            50,
            51,
            52,
            53,
            54,
            55,
            56,
            57,
            58,
            59,
            60,
            61,
            62,
            63,
            64,
            65,
            66,
            67,
            68,
            69,
            70,
            71,
            72,
            73,
            74,
            75,
            76,
            77,
            78,
            79,
            80,
            81,
            82,
            83,
            84,
            85,
            86,
            87,
            88,
            89,
            90,
            91,
            92,
            93,
            94,
            95,
            96,
            97,
            98,
            99,
            100
        ],
        "value": [
            2.2390019128451475,
            1.30980336746654,
            0.9464803540760333,
            0.6674355225520091,
            0.49423558795237327,
            0.3311200425834269,
            0.23255591654965468,
            0.1706489362158217,
            0.12371315786967406,
            0.09330219409621514,
            0.07779100726920742,
            0.05946377787302743,
            0.05015305761952658,
            0.041037176609844774,
            0.036473529186804556,
            0.03359334982159707,
            0.030526768944754794,
            0.025510620674000936,
            0.023824991557646443,
            0.021864909439574223,
            0.019631858269037964,
            0.01904855679032636,
            0.017942536206966318,
            0.015780462325458322,
            0.015762336138921144,
            0.013613946901567213,
            0.013711676454624615,
            0.013843569042463158,
            0.012277163707793833,
            0.0110303810147384,
            0.01169936738169945,
            0.009555067306988546,
            0.00976333504559489,
            0.009905219771311962,
            0.008570917049288616,
            0.008790105244623043,
            0.007929706806526729,
            0.007807877486328351,
            0.0076353441607123155,
            0.006881443145978558,
            0.006676459630431088,
            0.006206556423651139,
            0.005636502788318237,
            0.005644675293886983,
            0.005612018546467093,
            0.005308575120645466,
            0.004990542699742291,
            0.004941426158823946,
            0.004534296658905307,
            0.004778829988444576,
            0.0046516236091905215,
            0.004566972730219834,
            0.004203298096628944,
            0.004124312268293186,
            0.0042026437843126156,
            0.00421410463152554,
            0.003964369983395544,
            0.004036338593986993,
            0.003355848927025658,
            0.003516649027661261,
            0.00360108058069002,
            0.0035069703128658707,
            0.0030424056059748,
            0.0030758173964279996,
            0.003128028768932799,
            0.003479629111065118,
            0.0032732258152283794,
            0.0028053940130137577,
            0.002697083133121801,
            0.0028237171281288538,
            0.002946202344835845,
            0.0023513975026723637,
            0.0027700538782671363,
            0.0024481298704002357,
            0.0025226847076713034,
            0.0023451762149102047,
            0.002238867030403501,
            0.0022274885362807057,
            0.0021014702975695435,
            0.002126585709734459,
            0.0022514340869436325,
            0.002245209609296777,
            0.0023707039142971406,
            0.0023773988737170963,
            0.0018458448978128366,
            0.0020578748728505227,
            0.0019239875040151313,
            0.0018873832386242947,
            0.001868978249714584,
            0.0018614759335193682,
            0.0018499122273390861,
            0.0019208732064234446,
            0.0016268347209080348,
            0.0016234785038872982,
            0.0015695434976641827,
            0.001644146083046573,
            0.001764618026025526,
            0.0016705294872260744,
            0.001640776678582083,
            0.0015773340663243387
        ]
    },
    "train_oa": {
        "type": "index_value",
        "index": [
            10,
            20,
            30,
            40,
            50,
            60,
            70,
            80,
            90,
            100
        ],
        "value": [
            95.5634880163182,
            95.74706782253952,
            95.53289138194798,
            95.64507904130546,
            95.46149923508415,
            95.77766445690973,
            95.60428352881183,
            95.65527791942885,
            95.46149923508415,
            95.5430902600714
        ]
    },
    "train_aa": {
        "type": "index_value",
        "index": [
            10,
            20,
            30,
            40,
            50,
            60,
            70,
            80,
            90,
            100
        ],
        "value": [
            97.43842584909228,
            97.42527374844076,
            97.24978451869339,
            97.30441767441157,
            97.21318748683161,
            97.4465161732873,
            97.30076762440864,
            97.28481791251993,
            97.22093623470937,
            97.25588604910409
        ]
    },
    "train_kappa": {
        "type": "index_value",
        "index": [
            10,
            20,
            30,
            40,
            50,
            60,
            70,
            80,
            90,
            100
        ],
        "value": [
            94.92100818697506,
            95.12583636523748,
            94.88032978449293,
            95.01041497300132,
            94.79991465768755,
            95.16154218987481,
            94.96326907579353,
            95.01996150200002,
            94.79975513031991,
            94.89188437778915
        ]
    },
    "eval_time": 4.76837158203125e-07,
    "param": {
        "data": {
            "data_sign": "Indian",
            "data_file": "Indian_30",
            "diffusion_sign": false,
            "diffusion_data_sign_path_prefix": "/home/cn/codes/spectral_diff_temp/codes/save_feature/indian_unet3d_patch16_without_downsample_kernal5_fix/save_feature",
            "diffusion_data_sign": "t5_2_full.pkl.npy",
            "patch_size": 13,
            "test_ratio": 0.95,
            "batch_size": 65,
            "num_classes": 16,
            "pca": 200,
            "dim_heads": 64,
            "spectral_size": 200
        },
        "net": {
            "trainer": "cross_trainer",
            "net_type": "just_pixel",
            "mlp_head_dim": 64,
            "depth": 3,
            "dim": 64,
            "heads": 20,
            "kernal": 5,
            "padding": 2
        },
        "train": {
            "epochs": 100,
            "lr": 0.001,
            "weight_decay": 0,
            "temp": 20
        },
        "uniq_name": "Indian_test"
    },