{
    "epoch_loss": {
        "type": "index_value",
        "index": [
            1,
            2,
            3,
            4,
            5,
            6,
            7,
            8,
            9,
            10,
            11,
            12,
            13,
            14,
            15,
            16,
            17,
            18,
            19,
            20,
            21,
            22,
            23,
            24,
            25,
            26,
            27,
            28,
            29,
            30,
            31,
            32,
            33,
            34,
            35,
            36,
            37,
            38,
            39,
            40,
            41,
            42,
            43,
            44,
            45,
            46,
            47,
            48,
            49,
            50,
            51,
            52,
            53,
            54,
            55,
            56,
            57,
            58,
            59,
            60,
            61,
            62,
            63,
            64,
            65,
            66,
            67,
            68,
            69,
            70,
            71,
            72,
            73,
            74,
            75,
            76,
            77,
            78,
            79,
            80,
            81,
            82,
            83,
            84,
            85,
            86,
            87,
            88,
            89,
            90,
            91,
            92,
            93,
            94,
            95,
            96,
            97,
            98,
            99,
            100
        ],
        "value": [
            2.2783311581289447,
            1.3853945240781114,
            0.9807050481841371,
            0.6817656932650386,
            0.49872160145828315,
            0.3478949400889981,
            0.24412719610038106,
            0.18025362619140126,
            0.12938437028578273,
            0.09440846830136604,
            0.07483525846052815,
            0.0610536638194242,
            0.05306723629132853,
            0.045021220320114144,
            0.03914314257568336,
            0.03497169745733609,
            0.031175424944743648,
            0.02681147922585542,
            0.026116788299200503,
            0.023022089279382617,
            0.02211919149618831,
            0.02214406904353349,
            0.018933838266912882,
            0.017767683907017648,
            0.016608553875640437,
            0.015867623313841922,
            0.01377417099544661,
            0.013325958261014643,
            0.012185782051502584,
            0.01146227073738234,
            0.01244645477440376,
            0.0106042985204473,
            0.00991185363549907,
            0.009340793863442299,
            0.009439026261470071,
            0.00833114651598137,
            0.008744725729926146,
            0.008065342207791636,
            0.007825689939865927,
            0.006859988069606459,
            0.00750469358382025,
            0.006786143770105801,
            0.007317175990104809,
            0.006324742423571847,
            0.0059864661973053675,
            0.005781070886154634,
            0.005360078927641315,
            0.005743672103235112,
            0.00535303738643625,
            0.005000052925383857,
            0.004963930692053861,
            0.005018826579331077,
            0.004644506916126891,
            0.004345490072270738,
            0.004246601755709832,
            0.0047601668551136315,
            0.004223196312097144,
            0.004260867478028107,
            0.004068941300575462,
            0.0035937433608237085,
            0.003950189274152623,
            0.0033222050516161362,
            0.0033978246548842335,
            0.0033155670704169047,
            0.0034343669639883547,
            0.0032178834814846785,
            0.0031929392785018493,
            0.0029312749844262595,
            0.0031540428161377777,
            0.002821307025245718,
            0.0031491096088503328,
            0.0028294663617244777,
            0.002799477603345237,
            0.0024239802670136495,
            0.0024869312702149554,
            0.0023702559798645475,
            0.0026040167331712336,
            0.002371722717479979,
            0.0023358048433815507,
            0.0020347649623799298,
            0.0021052490083421035,
            0.0022958264222603525,
            0.002202102019313119,
            0.002096356357854732,
            0.002172755729826587,
            0.001973967443100756,
            0.001863449447744249,
            0.002062961925869925,
            0.0021507193532096943,
            0.0018940288940578834,
            0.001870403715476461,
            0.001881285032796514,
            0.0017755699592017409,
            0.0018681572537307064,
            0.0016545313565156986,
            0.001600954859928639,
            0.0016352108195696765,
            0.0015003677360033868,
            0.0016384503868647625,
            0.0014444229647680815
        ]
    },
    "train_oa": {
        "type": "index_value",
        "index": [
            10,
            20,
            30,
            40,
            50,
            60,
            70,
            80,
            90,
            100
        ],
        "value": [
            94.7577766445691,
            95.05354411014788,
            95.3901070882203,
            95.47169811320755,
            95.45130035696073,
            95.46149923508415,
            95.43090260071392,
            95.5532891381948,
            95.52269250382459,
            95.43090260071392
        ]
    },
    "train_aa": {
        "type": "index_value",
        "index": [
            10,
            20,
            30,
            40,
            50,
            60,
            70,
            80,
            90,
            100
        ],
        "value": [
            97.21059337464354,
            97.14386410466406,
            97.24906577224795,
            97.26300522008025,
            97.31231262558778,
            97.25738548132645,
            97.25073081062374,
            97.37435084369828,
            97.28186128205205,
            97.26705606448532
        ]
    },
    "train_kappa": {
        "type": "index_value",
        "index": [
            10,
            20,
            30,
            40,
            50,
            60,
            70,
            80,
            90,
            100
        ],
        "value": [
            94.00404048556688,
            94.33686751083425,
            94.71915427539194,
            94.81034728122884,
            94.7877916925979,
            94.80086312898999,
            94.76473779454354,
            94.90454888127267,
            94.86863119099787,
            94.76471776560389
        ]
    },
    "eval_time": 9.5367431640625e-07,
    "param": {
        "data": {
            "data_sign": "Indian",
            "data_file": "Indian_30",
            "diffusion_sign": false,
            "diffusion_data_sign_path_prefix": "/home/cn/codes/spectral_diff_temp/codes/save_feature/indian_unet3d_patch16_without_downsample_kernal5_fix/save_feature",
            "diffusion_data_sign": "t5_2_full.pkl.npy",
            "patch_size": 13,
            "test_ratio": 0.95,
            "batch_size": 65,
            "num_classes": 16,
            "pca": 200,
            "dim_heads": 64,
            "spectral_size": 200
        },
        "net": {
            "trainer": "cross_trainer",
            "net_type": "just_pixel",
            "mlp_head_dim": 64,
            "depth": 3,
            "dim": 64,
            "heads": 20,
            "kernal": 5,
            "padding": 2
        },
        "train": {
            "epochs": 100,
            "lr": 0.001,
            "weight_decay": 0,
            "temp": 20
        },
        "uniq_name": "Indian_test"
    },