{
    "epoch_loss": {
        "type": "index_value",
        "index": [
            1,
            2,
            3,
            4,
            5,
            6,
            7,
            8,
            9,
            10,
            11,
            12,
            13,
            14,
            15,
            16,
            17,
            18,
            19,
            20,
            21,
            22,
            23,
            24,
            25,
            26,
            27,
            28,
            29,
            30,
            31,
            32,
            33,
            34,
            35,
            36,
            37,
            38,
            39,
            40,
            41,
            42,
            43,
            44,
            45,
            46,
            47,
            48,
            49,
            50,
            51,
            52,
            53,
            54,
            55,
            56,
            57,
            58,
            59,
            60,
            61,
            62,
            63,
            64,
            65,
            66,
            67,
            68,
            69,
            70,
            71,
            72,
            73,
            74,
            75,
            76,
            77,
            78,
            79,
            80,
            81,
            82,
            83,
            84,
            85,
            86,
            87,
            88,
            89,
            90,
            91,
            92,
            93,
            94,
            95,
            96,
            97,
            98,
            99,
            100
        ],
        "value": [
            2.2370789633677886,
            1.3449838064812325,
            0.9220127962731026,
            0.6715999628240997,
            0.4725882517056422,
            0.32730643558609596,
            0.22439465487191268,
            0.16837743958374402,
            0.1180732134763185,
            0.0946198070740646,
            0.07377594560049139,
            0.06490757317189966,
            0.050822572992393025,
            0.04440019941712554,
            0.03904048447404896,
            0.03495149833762699,
            0.030842211856800424,
            0.02628789115948854,
            0.02571973900587575,
            0.024155056544554396,
            0.020117115455906134,
            0.01992727710177434,
            0.019322074605739332,
            0.016654314529905852,
            0.015972257031731912,
            0.014616806905397826,
            0.01391265182000761,
            0.012867227758843082,
            0.011826928239315748,
            0.011311624817936137,
            0.011010771241827725,
            0.011475795024150127,
            0.009136535250372044,
            0.010075152998471313,
            0.008692069134364525,
            0.008755602185857726,
            0.00821977366928246,
            0.008113909895565395,
            0.006929664263241664,
            0.00767005770676979,
            0.006961909994306798,
            0.006813575987712489,
            0.006191301108170133,
            0.006624968198069313,
            0.005845429995600638,
            0.005794294291754832,
            0.005764822463026723,
            0.0054876758194704715,
            0.005376711329403291,
            0.005277383712808358,
            0.004878267957325521,
            0.004535548959497933,
            0.00516306054002295,
            0.004222263348695764,
            0.004588346518282485,
            0.004259826401500283,
            0.0038186144482277268,
            0.004083708514929288,
            0.0036668446898745657,
            0.003478859222980703,
            0.0035127053191457446,
            0.003389665569065491,
            0.003400253835197135,
            0.0034459154284139674,
            0.0032743884723524454,
            0.0031384204520617386,
            0.0032410693810078074,
            0.0026883888357268596,
            0.003086848070673007,
            0.0028305075347406774,
            0.002930299819421929,
            0.002558717270788678,
            0.002597298699657659,
            0.0025786412402626696,
            0.002551635414747907,
            0.0025310911262315604,
            0.0025895083761513903,
            0.0023341882965519085,
            0.0025205610085043822,
            0.0021664215813428666,
            0.002321489402806168,
            0.0018913226549803104,
            0.002273888211814804,
            0.0020884050487389636,
            0.002076729155944761,
            0.001913346654865555,
            0.001881360626718667,
            0.0022318379726441293,
            0.001955450709902908,
            0.001946130240187133,
            0.0018569297224874735,
            0.001918618713069271,
            0.0018681669214463516,
            0.0016956085751886135,
            0.0016020020765781,
            0.001744578253983327,
            0.001657136913907068,
            0.001540187859555354,
            0.0014232136760125155,
            0.0014890888147370738
        ]
    },
    "train_oa": {
        "type": "index_value",
        "index": [
            10,
            20,
            30,
            40,
            50,
            60,
            70,
            80,
            90,
            100
        ],
        "value": [
            95.74706782253952,
            95.53289138194798,
            95.58388577256501,
            95.43090260071392,
            95.63488016318205,
            95.49209586945436,
            95.46149923508415,
            95.59408465068843,
            95.57368689444161,
            95.43090260071392
        ]
    },
    "train_aa": {
        "type": "index_value",
        "index": [
            10,
            20,
            30,
            40,
            50,
            60,
            70,
            80,
            90,
            100
        ],
        "value": [
            97.43080009393539,
            97.26101914007111,
            97.37200154484384,
            97.23345381535673,
            97.35932753574228,
            97.3134844488552,
            97.29895119895782,
            97.35073708183732,
            97.22887261635425,
            97.22724379773541
        ]
    },
    "train_kappa": {
        "type": "index_value",
        "index": [
            10,
            20,
            30,
            40,
            50,
            60,
            70,
            80,
            90,
            100
        ],
        "value": [
            95.12436434324272,
            94.88055718206596,
            94.93915383756939,
            94.7642063829829,
            94.99640940801511,
            94.83513348660733,
            94.79889051262367,
            94.94964609630951,
            94.92676041396945,
            94.76273663940988
        ]
    },
    "eval_time": 4.76837158203125e-07,
    "param": {
        "data": {
            "data_sign": "Indian",
            "data_file": "Indian_30",
            "diffusion_sign": false,
            "diffusion_data_sign_path_prefix": "/home/cn/codes/spectral_diff_temp/codes/save_feature/indian_unet3d_patch16_without_downsample_kernal5_fix/save_feature",
            "diffusion_data_sign": "t5_2_full.pkl.npy",
            "patch_size": 13,
            "test_ratio": 0.95,
            "batch_size": 65,
            "num_classes": 16,
            "pca": 200,
            "dim_heads": 64,
            "spectral_size": 200
        },
        "net": {
            "trainer": "cross_trainer",
            "net_type": "just_pixel",
            "mlp_head_dim": 64,
            "depth": 3,
            "dim": 64,
            "heads": 20,
            "kernal": 5,
            "padding": 2
        },
        "train": {
            "epochs": 100,
            "lr": 0.001,
            "weight_decay": 0,
            "temp": 20
        },
        "uniq_name": "Indian_test"
    },