{
    "epoch_loss": {
        "type": "index_value",
        "index": [
            1,
            2,
            3,
            4,
            5,
            6,
            7,
            8,
            9,
            10,
            11,
            12,
            13,
            14,
            15,
            16,
            17,
            18,
            19,
            20,
            21,
            22,
            23,
            24,
            25,
            26,
            27,
            28,
            29,
            30,
            31,
            32,
            33,
            34,
            35,
            36,
            37,
            38,
            39,
            40,
            41,
            42,
            43,
            44,
            45,
            46,
            47,
            48,
            49,
            50,
            51,
            52,
            53,
            54,
            55,
            56,
            57,
            58,
            59,
            60,
            61,
            62,
            63,
            64,
            65,
            66,
            67,
            68,
            69,
            70,
            71,
            72,
            73,
            74,
            75,
            76,
            77,
            78,
            79,
            80,
            81,
            82,
            83,
            84,
            85,
            86,
            87,
            88,
            89,
            90,
            91,
            92,
            93,
            94,
            95,
            96,
            97,
            98,
            99,
            100
        ],
        "value": [
            2.7927157402038576,
            2.245033073425293,
            1.9440434455871582,
            1.7034160852432252,
            1.5304998636245728,
            1.401341962814331,
            1.2392306566238402,
            1.135801076889038,
            1.0277015924453736,
            0.9198602199554443,
            0.8133033156394959,
            0.7487261891365051,
            0.6790040493011474,
            0.6327859282493591,
            0.5519135236740113,
            0.49551690816879274,
            0.45098777413368224,
            0.4155074119567871,
            0.3757184982299805,
            0.33292423486709594,
            0.2936798810958862,
            0.2764096975326538,
            0.262104207277298,
            0.23126776218414308,
            0.19455909729003906,
            0.17472032010555266,
            0.18576338589191438,
            0.20026336312294007,
            0.15523595213890076,
            0.13656527996063234,
            0.13732889890670777,
            0.13082230389118193,
            0.11911661922931671,
            0.11225248575210571,
            0.11440901160240173,
            0.10251325368881226,
            0.09661664515733719,
            0.08962934166193008,
            0.08558460026979446,
            0.07639890909194946,
            0.0715027779340744,
            0.07214986681938171,
            0.06455492526292801,
            0.05943159908056259,
            0.05938554108142853,
            0.0517824150621891,
            0.05047729909420014,
            0.054079972207546234,
            0.05055054128170013,
            0.049676792323589326,
            0.045402351021766665,
            0.05305284261703491,
            0.04419732689857483,
            0.044280214607715605,
            0.045229735970497134,
            0.03878701329231262,
            0.04169056713581085,
            0.039045074582099916,
            0.03488961607217789,
            0.04310928285121918,
            0.04072820246219635,
            0.03569972142577171,
            0.03003178983926773,
            0.03803785890340805,
            0.031029154360294343,
            0.03627139776945114,
            0.030804190039634704,
            0.027106219530105592,
            0.027021894603967665,
            0.03181387782096863,
            0.027881544828414918,
            0.02745172455906868,
            0.03075392320752144,
            0.02833571806550026,
            0.02539971433579922,
            0.026737190783023834,
            0.02348024621605873,
            0.025677858293056487,
            0.023837290704250336,
            0.02386225163936615,
            0.023557770997285843,
            0.02070317417383194,
            0.019521965831518173,
            0.02905074954032898,
            0.01974196583032608,
            0.01582363396883011,
            0.016661429405212404,
            0.01929778829216957,
            0.01894346922636032,
            0.01939706802368164,
            0.03022265136241913,
            0.0188690010458231,
            0.01499863974750042,
            0.019334064051508903,
            0.022136836498975753,
            0.016565615311264992,
            0.020220110565423964,
            0.018301527574658395,
            0.017810546979308128,
            0.016043667495250703
        ]
    },
    "train_oa": {
        "type": "index_value",
        "index": [
            10,
            20,
            30,
            40,
            50,
            60,
            70,
            80,
            90,
            100
        ],
        "value": [
            72.6816796145147,
            76.34969023502802,
            74.22558757006588,
            74.36326089094307,
            74.2747566132363,
            74.42226374274756,
            73.93057331104337,
            74.43209755138164,
            73.62572524338677,
            74.99262464352444
        ]
    },
    "train_aa": {
        "type": "index_value",
        "index": [
            10,
            20,
            30,
            40,
            50,
            60,
            70,
            80,
            90,
            100
        ],
        "value": [
            82.8652255658262,
            85.45070305154236,
            84.57765962311339,
            84.79345007519807,
            84.98157461018087,
            84.69395915528952,
            84.45577226603544,
            84.92594146475231,
            84.49569026913109,
            85.55925385342164
        ]
    },
    "train_kappa": {
        "type": "index_value",
        "index": [
            10,
            20,
            30,
            40,
            50,
            60,
            70,
            80,
            90,
            100
        ],
        "value": [
            69.39122184605782,
            73.36053009314854,
            71.11648173127791,
            71.26471671291978,
            71.21493356742758,
            71.32864715469638,
            70.80522475428859,
            71.39108281798603,
            70.52188735913683,
            72.0310255080211
        ]
    },
    "eval_time": 7.152557373046875e-07,
    "param": {
        "data": {
            "data_sign": "Indian",
            "data_file": "Indian_5",
            "diffusion_sign": false,
            "diffusion_data_sign_path_prefix": "/home/cn/codes/spectral_diff_temp/codes/save_feature/indian_unet3d_patch16_without_downsample_kernal5_fix/save_feature",
            "diffusion_data_sign": "t5_2_full.pkl.npy",
            "patch_size": 13,
            "test_ratio": 0.95,
            "batch_size": 64,
            "num_classes": 16,
            "pca": 200,
            "dim_heads": 64,
            "spectral_size": 200
        },
        "net": {
            "trainer": "cross_trainer",
            "net_type": "just_pixel",
            "mlp_head_dim": 64,
            "depth": 3,
            "dim": 64,
            "heads": 20,
            "kernal": 5,
            "padding": 2
        },
        "train": {
            "epochs": 100,
            "lr": 0.001,
            "weight_decay": 0,
            "temp": 20
        },
        "uniq_name": "Indian_test"
    },