{
    "epoch_loss": {
        "type": "index_value",
        "index": [
            1,
            2,
            3,
            4,
            5,
            6,
            7,
            8,
            9,
            10,
            11,
            12,
            13,
            14,
            15,
            16,
            17,
            18,
            19,
            20,
            21,
            22,
            23,
            24,
            25,
            26,
            27,
            28,
            29,
            30,
            31,
            32,
            33,
            34,
            35,
            36,
            37,
            38,
            39,
            40,
            41,
            42,
            43,
            44,
            45,
            46,
            47,
            48,
            49,
            50,
            51,
            52,
            53,
            54,
            55,
            56,
            57,
            58,
            59,
            60,
            61,
            62,
            63,
            64,
            65,
            66,
            67,
            68,
            69,
            70,
            71,
            72,
            73,
            74,
            75,
            76,
            77,
            78,
            79,
            80,
            81,
            82,
            83,
            84,
            85,
            86,
            87,
            88,
            89,
            90,
            91,
            92,
            93,
            94,
            95,
            96,
            97,
            98,
            99,
            100
        ],
        "value": [
            2.83473653793335,
            2.306370258331299,
            2.0349103450775146,
            1.781638264656067,
            1.5656835556030273,
            1.3869858264923096,
            1.2415177345275878,
            1.109652853012085,
            1.0079625129699707,
            0.8944568037986755,
            0.7908902406692505,
            0.6929057836532593,
            0.6350264430046082,
            0.5960502624511719,
            0.49412214756011963,
            0.4258776783943176,
            0.4069038152694702,
            0.3628170728683472,
            0.30355634093284606,
            0.2992667555809021,
            0.2522505819797516,
            0.2357044219970703,
            0.20567120909690856,
            0.18369075357913972,
            0.19099876880645753,
            0.17487867176532745,
            0.14915249347686768,
            0.14401718378067016,
            0.1465814620256424,
            0.1379357784986496,
            0.1334323525428772,
            0.11202453821897507,
            0.10763920843601227,
            0.10417937338352204,
            0.08774440586566926,
            0.08683133274316787,
            0.08573935627937317,
            0.07213341146707535,
            0.08854489624500275,
            0.06259979084134101,
            0.061735892295837404,
            0.0640803799033165,
            0.06705090999603272,
            0.057074278593063354,
            0.06075622886419296,
            0.051339471340179445,
            0.054088924825191495,
            0.05582761466503143,
            0.04782107472419739,
            0.045229242742061616,
            0.0457669772207737,
            0.048099765181541444,
            0.0389971598982811,
            0.041522545367479326,
            0.03918574452400207,
            0.03608952313661575,
            0.04190486073493958,
            0.03432171046733856,
            0.03709767609834671,
            0.03699330687522888,
            0.03237859159708023,
            0.03097153902053833,
            0.030141982436180114,
            0.03193358033895492,
            0.027800517901778222,
            0.02966371923685074,
            0.027510450035333634,
            0.028769119828939437,
            0.028562723845243453,
            0.026600860804319382,
            0.025352083891630173,
            0.023667309433221817,
            0.023610848933458328,
            0.021372561156749726,
            0.02238096408545971,
            0.024039475619792937,
            0.021929690986871718,
            0.024013397097587586,
            0.02399315983057022,
            0.019478108361363412,
            0.017195966839790345,
            0.02023615837097168,
            0.020636776089668275,
            0.021533934399485588,
            0.01893979646265507,
            0.01627702862024307,
            0.018713194876909256,
            0.01794336922466755,
            0.019215089827775957,
            0.01565326265990734,
            0.016505952924489975,
            0.016912960261106492,
            0.01804661229252815,
            0.015350433439016343,
            0.016068660467863084,
            0.019367190450429915,
            0.013175075687468053,
            0.01700792945921421,
            0.014974983036518097,
            0.015800511837005614
        ]
    },
    "train_oa": {
        "type": "index_value",
        "index": [
            10,
            20,
            30,
            40,
            50,
            60,
            70,
            80,
            90,
            100
        ],
        "value": [
            68.66948569180845,
            74.06824663192054,
            72.29816107778542,
            73.15370242895072,
            73.46838430524141,
            73.51755334841184,
            73.67489428655718,
            74.10758186645688,
            74.32392565640673,
            73.81256760743436
        ]
    },
    "train_aa": {
        "type": "index_value",
        "index": [
            10,
            20,
            30,
            40,
            50,
            60,
            70,
            80,
            90,
            100
        ],
        "value": [
            81.11567389680023,
            84.06714989453276,
            82.9294982133249,
            83.41687291203651,
            84.01260759191959,
            83.96569167838868,
            83.95426972430302,
            84.1701347300839,
            84.12748167686382,
            84.07819322955461
        ]
    },
    "train_kappa": {
        "type": "index_value",
        "index": [
            10,
            20,
            30,
            40,
            50,
            60,
            70,
            80,
            90,
            100
        ],
        "value": [
            65.18077617692839,
            70.89440682812852,
            68.99539725798832,
            69.91675979440724,
            70.28562404023278,
            70.3490229370793,
            70.4885656472342,
            70.9774383343743,
            71.18779138219848,
            70.66684808128103
        ]
    },
    "eval_time": 9.5367431640625e-07,
    "param": {
        "data": {
            "data_sign": "Indian",
            "data_file": "Indian_5",
            "diffusion_sign": false,
            "diffusion_data_sign_path_prefix": "/home/cn/codes/spectral_diff_temp/codes/save_feature/indian_unet3d_patch16_without_downsample_kernal5_fix/save_feature",
            "diffusion_data_sign": "t5_2_full.pkl.npy",
            "patch_size": 13,
            "test_ratio": 0.95,
            "batch_size": 64,
            "num_classes": 16,
            "pca": 200,
            "dim_heads": 64,
            "spectral_size": 200
        },
        "net": {
            "trainer": "cross_trainer",
            "net_type": "just_pixel",
            "mlp_head_dim": 64,
            "depth": 3,
            "dim": 64,
            "heads": 20,
            "kernal": 5,
            "padding": 2
        },
        "train": {
            "epochs": 100,
            "lr": 0.001,
            "weight_decay": 0,
            "temp": 20
        },
        "uniq_name": "Indian_test"
    },