{
    "epoch_loss": {
        "type": "index_value",
        "index": [
            1,
            2,
            3,
            4,
            5,
            6,
            7,
            8,
            9,
            10,
            11,
            12,
            13,
            14,
            15,
            16,
            17,
            18,
            19,
            20,
            21,
            22,
            23,
            24,
            25,
            26,
            27,
            28,
            29,
            30,
            31,
            32,
            33,
            34,
            35,
            36,
            37,
            38,
            39,
            40,
            41,
            42,
            43,
            44,
            45,
            46,
            47,
            48,
            49,
            50,
            51,
            52,
            53,
            54,
            55,
            56,
            57,
            58,
            59,
            60,
            61,
            62,
            63,
            64,
            65,
            66,
            67,
            68,
            69,
            70,
            71,
            72,
            73,
            74,
            75,
            76,
            77,
            78,
            79,
            80,
            81,
            82,
            83,
            84,
            85,
            86,
            87,
            88,
            89,
            90,
            91,
            92,
            93,
            94,
            95,
            96,
            97,
            98,
            99,
            100
        ],
        "value": [
            2.7541309356689454,
            2.257742166519165,
            1.9083125829696654,
            1.6317566871643066,
            1.4918482065200807,
            1.3114015817642213,
            1.2145371198654176,
            1.0580569505691528,
            0.9762351036071777,
            0.8769035100936889,
            0.777718698978424,
            0.6848782539367676,
            0.5887512922286987,
            0.5472315669059753,
            0.5110869884490967,
            0.461443030834198,
            0.4071223020553589,
            0.35788906216621397,
            0.3193392276763916,
            0.31615384221076964,
            0.2780534207820892,
            0.25592818260192873,
            0.22895390391349793,
            0.20948694348335267,
            0.20527138710021972,
            0.18529921472072602,
            0.15779480636119841,
            0.15277535915374757,
            0.13669533729553224,
            0.13367204368114471,
            0.11779049038887024,
            0.12118541300296784,
            0.10629273056983948,
            0.1086480438709259,
            0.09679113030433655,
            0.0840996727347374,
            0.09199346303939819,
            0.0924764096736908,
            0.08615640997886657,
            0.08721273839473724,
            0.0626899242401123,
            0.06686219573020935,
            0.08882207870483398,
            0.06337121427059174,
            0.062483176589012146,
            0.07113732248544694,
            0.06277197152376175,
            0.05844002515077591,
            0.04940547347068787,
            0.04915362894535065,
            0.04690392464399338,
            0.052753758430480954,
            0.04234882965683937,
            0.04175171703100204,
            0.038938242197036746,
            0.04027460142970085,
            0.039964400231838226,
            0.041430544853210446,
            0.03547482192516327,
            0.03526030480861664,
            0.034748674929142,
            0.0355523906648159,
            0.031187089532613753,
            0.03240415081381798,
            0.03129319623112679,
            0.0354287251830101,
            0.02976696416735649,
            0.026171601563692092,
            0.027364782989025116,
            0.025261103361845016,
            0.025277164205908774,
            0.024958989396691323,
            0.022696641460061073,
            0.024590615928173066,
            0.02818363755941391,
            0.020748574659228324,
            0.020631661638617516,
            0.023896585404872894,
            0.0216250441968441,
            0.020500108227133752,
            0.02068899795413017,
            0.02070218250155449,
            0.018148815631866454,
            0.01711527295410633,
            0.01659460589289665,
            0.01906449384987354,
            0.017180515080690385,
            0.015381423383951187,
            0.018722331151366234,
            0.017410331591963767,
            0.015530185401439666,
            0.016731303185224533,
            0.016877752542495728,
            0.016162729635834695,
            0.016640690341591834,
            0.01623663119971752,
            0.016662514954805373,
            0.014783808216452598,
            0.01549655869603157,
            0.013209757208824158
        ]
    },
    "train_oa": {
        "type": "index_value",
        "index": [
            10,
            20,
            30,
            40,
            50,
            60,
            70,
            80,
            90,
            100
        ],
        "value": [
            72.7406824663192,
            74.98279083489035,
            75.3761431802537,
            76.01534074146917,
            76.33002261775987,
            76.23168453141902,
            75.61215458747172,
            75.76949552561707,
            76.28085357458943,
            76.28085357458943
        ]
    },
    "train_aa": {
        "type": "index_value",
        "index": [
            10,
            20,
            30,
            40,
            50,
            60,
            70,
            80,
            90,
            100
        ],
        "value": [
            83.51794125829564,
            84.91079268286758,
            85.06357144953647,
            85.27644856288413,
            85.46950447574562,
            85.51958929234587,
            85.20253682104439,
            85.20427285181262,
            85.5516650141588,
            85.31514295986452
        ]
    },
    "train_kappa": {
        "type": "index_value",
        "index": [
            10,
            20,
            30,
            40,
            50,
            60,
            70,
            80,
            90,
            100
        ],
        "value": [
            69.4993632118546,
            71.92391485825264,
            72.36263896149364,
            73.08040841357857,
            73.41485842040261,
            73.3212475490494,
            72.6460378344746,
            72.81361914378991,
            73.36197847391927,
            73.34648410745342
        ]
    },
    "eval_time": 4.76837158203125e-07,
    "param": {
        "data": {
            "data_sign": "Indian",
            "data_file": "Indian_5",
            "diffusion_sign": false,
            "diffusion_data_sign_path_prefix": "/home/cn/codes/spectral_diff_temp/codes/save_feature/indian_unet3d_patch16_without_downsample_kernal5_fix/save_feature",
            "diffusion_data_sign": "t5_2_full.pkl.npy",
            "patch_size": 13,
            "test_ratio": 0.95,
            "batch_size": 64,
            "num_classes": 16,
            "pca": 200,
            "dim_heads": 64,
            "spectral_size": 200
        },
        "net": {
            "trainer": "cross_trainer",
            "net_type": "just_pixel",
            "mlp_head_dim": 64,
            "depth": 3,
            "dim": 64,
            "heads": 20,
            "kernal": 5,
            "padding": 2
        },
        "train": {
            "epochs": 100,
            "lr": 0.001,
            "weight_decay": 0,
            "temp": 20
        },
        "uniq_name": "Indian_test"
    },