{
    "epoch_loss": {
        "type": "index_value",
        "index": [
            1,
            2,
            3,
            4,
            5,
            6,
            7,
            8,
            9,
            10,
            11,
            12,
            13,
            14,
            15,
            16,
            17,
            18,
            19,
            20,
            21,
            22,
            23,
            24,
            25,
            26,
            27,
            28,
            29,
            30,
            31,
            32,
            33,
            34,
            35,
            36,
            37,
            38,
            39,
            40,
            41,
            42,
            43,
            44,
            45,
            46,
            47,
            48,
            49,
            50,
            51,
            52,
            53,
            54,
            55,
            56,
            57,
            58,
            59,
            60,
            61,
            62,
            63,
            64,
            65,
            66,
            67,
            68,
            69,
            70,
            71,
            72,
            73,
            74,
            75,
            76,
            77,
            78,
            79,
            80,
            81,
            82,
            83,
            84,
            85,
            86,
            87,
            88,
            89,
            90,
            91,
            92,
            93,
            94,
            95,
            96,
            97,
            98,
            99,
            100
        ],
        "value": [
            2.823838949203491,
            2.3094519138336183,
            1.928515863418579,
            1.7442417383193969,
            1.5344621419906617,
            1.3967590093612672,
            1.3111981391906737,
            1.1816657066345215,
            1.0649972915649415,
            0.9286934733390808,
            0.8757388114929199,
            0.7725335121154785,
            0.7177446722984314,
            0.6196149826049805,
            0.5753430724143982,
            0.5020813822746277,
            0.46125843524932864,
            0.4145856499671936,
            0.36660794615745546,
            0.3259598553180695,
            0.2926842272281647,
            0.27580331563949584,
            0.2549025356769562,
            0.22036110162734984,
            0.1893414169549942,
            0.18807895183563234,
            0.1689172089099884,
            0.15781597793102264,
            0.13521968126296996,
            0.13097212314605713,
            0.11816076636314392,
            0.11243521869182586,
            0.09701850563287735,
            0.10039966106414795,
            0.08987088650465011,
            0.09093209207057953,
            0.08722762167453765,
            0.0840531438589096,
            0.08076213002204895,
            0.07571553885936737,
            0.06918220371007919,
            0.0801404058933258,
            0.0716390073299408,
            0.06650039702653884,
            0.07142912745475768,
            0.06332452297210693,
            0.05501812547445297,
            0.04980300292372704,
            0.05777927488088608,
            0.05644104331731796,
            0.04659797251224518,
            0.05413933396339417,
            0.045096540451049806,
            0.04304740950465202,
            0.04564168453216553,
            0.041808197647333144,
            0.047267140448093416,
            0.03527702316641808,
            0.03386398553848267,
            0.032428260147571566,
            0.03630547747015953,
            0.029027269780635835,
            0.030524299293756486,
            0.03376725763082504,
            0.03034440129995346,
            0.033813954889774324,
            0.02983112782239914,
            0.026550496369600295,
            0.027547012269496917,
            0.028288712725043297,
            0.029064437747001647,
            0.02750038504600525,
            0.022703274711966516,
            0.02490638941526413,
            0.021915468946099283,
            0.021236006170511246,
            0.02386903241276741,
            0.02405771166086197,
            0.02388438805937767,
            0.02357536107301712,
            0.018193531408905984,
            0.021486352756619455,
            0.02176402248442173,
            0.019337374344468118,
            0.02042509987950325,
            0.02281118854880333,
            0.01773151196539402,
            0.017463025450706483,
            0.01932632699608803,
            0.017591099441051482,
            0.01904575228691101,
            0.01575237065553665,
            0.015291278064250947,
            0.013567464053630829,
            0.016646794602274896,
            0.018154164403676988,
            0.013917148485779763,
            0.013177591562271117,
            0.01792120561003685,
            0.013896149769425391
        ]
    },
    "train_oa": {
        "type": "index_value",
        "index": [
            10,
            20,
            30,
            40,
            50,
            60,
            70,
            80,
            90,
            100
        ],
        "value": [
            72.12115252237191,
            74.85495132264725,
            75.30730651981511,
            75.39581079752188,
            72.71118104041695,
            74.43209755138164,
            73.49788573114367,
            73.99940997148195,
            73.34054479299833,
            73.82240141606844
        ]
    },
    "train_aa": {
        "type": "index_value",
        "index": [
            10,
            20,
            30,
            40,
            50,
            60,
            70,
            80,
            90,
            100
        ],
        "value": [
            80.89315023406512,
            84.72160564838434,
            84.70908805899066,
            84.74683481224412,
            83.88469667728809,
            84.6833146525834,
            83.93965601024634,
            84.47348777525923,
            84.38153438514098,
            84.18246645118519
        ]
    },
    "train_kappa": {
        "type": "index_value",
        "index": [
            10,
            20,
            30,
            40,
            50,
            60,
            70,
            80,
            90,
            100
        ],
        "value": [
            68.45731202904913,
            71.8249075082174,
            72.25687215396957,
            72.37842401485459,
            69.52577906039575,
            71.362942058736,
            70.33478830274605,
            70.88813609003985,
            70.20554349425723,
            70.67927267934631
        ]
    },
    "eval_time": 7.152557373046875e-07,
    "param": {
        "data": {
            "data_sign": "Indian",
            "data_file": "Indian_5",
            "diffusion_sign": false,
            "diffusion_data_sign_path_prefix": "/home/cn/codes/spectral_diff_temp/codes/save_feature/indian_unet3d_patch16_without_downsample_kernal5_fix/save_feature",
            "diffusion_data_sign": "t5_2_full.pkl.npy",
            "patch_size": 13,
            "test_ratio": 0.95,
            "batch_size": 64,
            "num_classes": 16,
            "pca": 200,
            "dim_heads": 64,
            "spectral_size": 200
        },
        "net": {
            "trainer": "cross_trainer",
            "net_type": "just_pixel",
            "mlp_head_dim": 64,
            "depth": 3,
            "dim": 64,
            "heads": 20,
            "kernal": 5,
            "padding": 2
        },
        "train": {
            "epochs": 100,
            "lr": 0.001,
            "weight_decay": 0,
            "temp": 20
        },
        "uniq_name": "Indian_test"
    },