{
    "epoch_loss": {
        "type": "index_value",
        "index": [
            1,
            2,
            3,
            4,
            5,
            6,
            7,
            8,
            9,
            10,
            11,
            12,
            13,
            14,
            15,
            16,
            17,
            18,
            19,
            20,
            21,
            22,
            23,
            24,
            25,
            26,
            27,
            28,
            29,
            30,
            31,
            32,
            33,
            34,
            35,
            36,
            37,
            38,
            39,
            40,
            41,
            42,
            43,
            44,
            45,
            46,
            47,
            48,
            49,
            50,
            51,
            52,
            53,
            54,
            55,
            56,
            57,
            58,
            59,
            60,
            61,
            62,
            63,
            64,
            65,
            66,
            67,
            68,
            69,
            70,
            71,
            72,
            73,
            74,
            75,
            76,
            77,
            78,
            79,
            80,
            81,
            82,
            83,
            84,
            85,
            86,
            87,
            88,
            89,
            90,
            91,
            92,
            93,
            94,
            95,
            96,
            97,
            98,
            99,
            100
        ],
        "value": [
            2.8397271633148193,
            2.1931475162506104,
            1.8796584844589233,
            1.6275415897369385,
            1.403268027305603,
            1.3041728019714356,
            1.1601057767868042,
            1.0198466300964355,
            0.9218544006347656,
            0.793289041519165,
            0.6877109408378601,
            0.6617321252822876,
            0.5763289093971252,
            0.544387137889862,
            0.47103198766708376,
            0.4337828040122986,
            0.3808200418949127,
            0.31663397550582884,
            0.3189675807952881,
            0.2646413862705231,
            0.26023969054222107,
            0.2335790812969208,
            0.2126432776451111,
            0.19528158009052277,
            0.16732402443885802,
            0.15130274295806884,
            0.1541591316461563,
            0.1427865743637085,
            0.1334105134010315,
            0.12114314138889312,
            0.12916383445262908,
            0.10599039494991302,
            0.0987966537475586,
            0.10044575035572052,
            0.09096909016370773,
            0.08540551662445069,
            0.0775229275226593,
            0.08222567290067673,
            0.07178989052772522,
            0.07296286523342133,
            0.07019371688365936,
            0.056579744815826415,
            0.058747999370098114,
            0.0651361107826233,
            0.05238171070814133,
            0.04824359491467476,
            0.052130873501300815,
            0.04936434477567673,
            0.045210766792297366,
            0.042147502303123474,
            0.044184108078479764,
            0.04126991853117943,
            0.03918993696570396,
            0.04200089573860168,
            0.042096635699272154,
            0.036936013400554656,
            0.037223470956087114,
            0.03582554385066032,
            0.03669037371873855,
            0.03361116647720337,
            0.029952502250671385,
            0.038852262496948245,
            0.03318560719490051,
            0.03533193916082382,
            0.027909105271101,
            0.028853007405996323,
            0.03028789460659027,
            0.021287669986486436,
            0.026248476654291152,
            0.02686796858906746,
            0.02278268001973629,
            0.02297598570585251,
            0.02109121233224869,
            0.024751786887645722,
            0.02527802884578705,
            0.022086966037750243,
            0.02140641026198864,
            0.022760240733623503,
            0.018974944949150085,
            0.02078729271888733,
            0.019384736940264703,
            0.0187637384980917,
            0.016198017448186875,
            0.018904845416545867,
            0.015519461035728455,
            0.017633911967277528,
            0.013868480175733566,
            0.01655767783522606,
            0.015236428752541543,
            0.016033149883151056,
            0.016219815984368325,
            0.016212819144129753,
            0.017354512214660646,
            0.013096736371517181,
            0.013654171675443649,
            0.014709419012069702,
            0.012064693123102188,
            0.014935120940208435,
            0.01331823766231537,
            0.01319962814450264
        ]
    },
    "train_oa": {
        "type": "index_value",
        "index": [
            10,
            20,
            30,
            40,
            50,
            60,
            70,
            80,
            90,
            100
        ],
        "value": [
            66.1126954469466,
            75.21880224210837,
            75.20896843347428,
            77.11672730848657,
            76.12351263644409,
            77.18556396892517,
            77.11672730848657,
            77.63791916609303,
            76.93971875307307,
            76.59553545088012
        ]
    },
    "train_aa": {
        "type": "index_value",
        "index": [
            10,
            20,
            30,
            40,
            50,
            60,
            70,
            80,
            90,
            100
        ],
        "value": [
            80.25780978811758,
            84.33402562981,
            84.91660843696384,
            85.41537954149251,
            85.1022408233986,
            85.57552603511431,
            85.73389510128102,
            85.50976693918109,
            85.35206435229121,
            85.23575408361582
        ]
    },
    "train_kappa": {
        "type": "index_value",
        "index": [
            10,
            20,
            30,
            40,
            50,
            60,
            70,
            80,
            90,
            100
        ],
        "value": [
            62.41138970148074,
            72.14102023723122,
            72.20015386831906,
            74.23780744545545,
            73.17645125289167,
            74.3342472973484,
            74.26663693781973,
            74.78701887527124,
            74.0544157223486,
            73.69380843073276
        ]
    },
    "eval_time": 4.76837158203125e-07,
    "param": {
        "data": {
            "data_sign": "Indian",
            "data_file": "Indian_5",
            "diffusion_sign": false,
            "diffusion_data_sign_path_prefix": "/home/cn/codes/spectral_diff_temp/codes/save_feature/indian_unet3d_patch16_without_downsample_kernal5_fix/save_feature",
            "diffusion_data_sign": "t5_2_full.pkl.npy",
            "patch_size": 13,
            "test_ratio": 0.95,
            "batch_size": 64,
            "num_classes": 16,
            "pca": 200,
            "dim_heads": 64,
            "spectral_size": 200
        },
        "net": {
            "trainer": "cross_trainer",
            "net_type": "just_pixel",
            "mlp_head_dim": 64,
            "depth": 3,
            "dim": 64,
            "heads": 20,
            "kernal": 5,
            "padding": 2
        },
        "train": {
            "epochs": 100,
            "lr": 0.001,
            "weight_decay": 0,
            "temp": 20
        },
        "uniq_name": "Indian_test"
    },