{
    "epoch_loss": {
        "type": "index_value",
        "index": [
            1,
            2,
            3,
            4,
            5,
            6,
            7,
            8,
            9,
            10,
            11,
            12,
            13,
            14,
            15,
            16,
            17,
            18,
            19,
            20,
            21,
            22,
            23,
            24,
            25,
            26,
            27,
            28,
            29,
            30,
            31,
            32,
            33,
            34,
            35,
            36,
            37,
            38,
            39,
            40,
            41,
            42,
            43,
            44,
            45,
            46,
            47,
            48,
            49,
            50
        ],
        "value": [
            2.07223358219617,
            1.1188365776244908,
            0.5562881361948301,
            0.35017282913808956,
            0.23465221916159537,
            0.18411612347380757,
            0.11410756837831784,
            0.058349990962098724,
            0.04279625880187505,
            0.039268768405261105,
            0.07569778133949188,
            0.05361226058169587,
            0.07481557334939094,
            0.05995136193216664,
            0.07514157460058389,
            0.03753049181748743,
            0.033353276397675685,
            0.09823491332465656,
            0.032819114115140206,
            0.01924188151853542,
            0.020072640468404717,
            0.01563921529952794,
            0.00602996178379614,
            0.005220439820869329,
            0.0064529659137231845,
            0.00838099532339671,
            0.012722215423845265,
            0.057009855591475145,
            0.04574590135518819,
            0.09009682805570837,
            0.12286379729231743,
            0.06534903891996978,
            0.023172582895176052,
            0.014515551547073338,
            0.058194886790971234,
            0.022074803706794363,
            0.013215970936907481,
            0.005142410681264041,
            0.018960719443347356,
            0.00514087935731019,
            0.0152409634718748,
            0.00361494975139017,
            0.007279992703195304,
            0.0031141815069195343,
            0.014517180991601455,
            0.006875890115760777,
            0.007180388914803936,
            0.05247305061872283,
            0.013258032743142892,
            0.010158735429485366
        ]
    },
    "train_oa": {
        "type": "index_value",
        "index": [
            10,
            20,
            30,
            40,
            50
        ],
        "value": [
            92.43662700465597,
            92.47801345059493,
            85.58717020175892,
            94.83704086911537,
            92.60217278841179
        ]
    },
    "train_aa": {
        "type": "index_value",
        "index": [
            10,
            20,
            30,
            40,
            50
        ],
        "value": [
            96.57300897297415,
            96.12523000775572,
            91.0524396656119,
            97.29410259945057,
            97.1155545975649
        ]
    },
    "train_kappa": {
        "type": "index_value",
        "index": [
            10,
            20,
            30,
            40,
            50
        ],
        "value": [
            91.3726931732457,
            91.40478210087039,
            83.66787235593232,
            94.08958251870317,
            91.57848128873869
        ]
    },
    "param": {
        "data": {
            "data_sign": "Indian",
            "data_file": "Indian_40",
            "diffusion_sign": false,
            "patch_size": 13,
            "test_ratio": 0.95,
            "batch_size": 64,
            "num_classes": 16,
            "pca": 30,
            "dim_heads": 64,
            "spectral_size": 30,
            "append_dim": true
        },
        "net": {
            "trainer": "ssftt",
            "conv2d_out": 64,
            "dim": 64
        },
        "train": {
            "epochs": 50,
            "lr": 0.001,
            "weight_decay": 0
        },
        "uniq_name": "indian_ssftt.json_40_0"
    },
    "eval": {
        "classification": "                              precision    recall  f1-score   support\n\n                     Alfalfa     0.8571    1.0000    0.9231         6\n                 Corn-notill     0.9186    0.9107    0.9146      1388\n                Corn-mintill     0.9638    0.9430    0.9533       790\n                        Corn     0.9336    1.0000    0.9657       197\n               Grass-pasture     0.9667    0.9819    0.9742       443\n                 Grass-trees     0.9513    0.9899    0.9702       690\n         Grass-pasture-mowed     0.8750    1.0000    0.9333        14\n               Hay-windrowed     1.0000    1.0000    1.0000       438\n                        Oats     1.0000    1.0000    1.0000        10\n              Soybean-notill     0.7399    0.9431    0.8292       932\n             Soybean-mintill     1.0000    0.8157    0.8985      2415\n               Soybean-clean     0.9008    0.9693    0.9338       553\n                       Wheat     0.8777    1.0000    0.9348       165\n                       Woods     0.9634    0.9878    0.9754      1225\nBuildings-Grass-Trees-Drives     0.8603    0.9971    0.9237       346\n\n                   micro avg     0.9271    0.9256    0.9263      9612\n                   macro avg     0.9205    0.9692    0.9420      9612\n                weighted avg     0.9359    0.9256    0.9268      9612\n",
        "oa": 92.60217278841179,
        "confusion": "[[   6    0    0    0    0    0    0    0    0    0    0    0    0    0\n     0    0]\n [   0 1264   13    0    1    0    0    0    0   58    0   33    0    7\n     5    7]\n [   0   10  745   10    5    0    0    0    0   12    0    3    5    0\n     0    0]\n [   0    0    0  197    0    0    0    0    0    0    0    0    0    0\n     0    0]\n [   0    0    5    0  435    0    2    0    0    0    0    0    0    1\n     0    0]\n [   0    1    0    1    0  683    0    0    0    0    0    0    0    5\n     0    0]\n [   0    0    0    0    0    0   14    0    0    0    0    0    0    0\n     0    0]\n [   0    0    0    0    0    0    0  438    0    0    0    0    0    0\n     0    0]\n [   0    0    0    0    0    0    0    0   10    0    0    0    0    0\n     0    0]\n [   1   25    6    0    0    0    0    0    0  879    0    7    0    9\n     5    0]\n [   0   76    0    0    7   35    0    0    0  238 1970   16   18   24\n    31    0]\n [   0    0    4    3    1    0    0    0    0    0    0  536    0    0\n     1    8]\n [   0    0    0    0    0    0    0    0    0    0    0    0  165    0\n     0    0]\n [   0    0    0    0    1    0    0    0    0    0    0    0    0 1210\n    14    0]\n [   0    0    0    0    0    0    0    0    0    1    0    0    0    0\n   345    0]\n [   0    0    0    0    0    0    0    0    0    0    0    0    0    0\n     0   53]]",
        "each_acc": "[100.          91.06628242  94.30379747 100.          98.19413093\n  98.98550725 100.         100.         100.          94.31330472\n  81.57349896  96.92585895 100.          98.7755102   99.71098266\n 100.        ]",
        "aa": 97.1155545975649,
        "kappa": 91.57848128873869
    }
}