{
    "epoch_loss": {
        "type": "index_value",
        "index": [
            1,
            2,
            3,
            4,
            5,
            6,
            7,
            8,
            9,
            10,
            11,
            12,
            13,
            14,
            15,
            16,
            17,
            18,
            19,
            20,
            21,
            22,
            23,
            24,
            25,
            26,
            27,
            28,
            29,
            30,
            31,
            32,
            33,
            34,
            35,
            36,
            37,
            38,
            39,
            40,
            41,
            42,
            43,
            44,
            45,
            46,
            47,
            48,
            49,
            50
        ],
        "value": [
            2.021221978421533,
            0.9988325043251388,
            0.5440386961317131,
            0.3027811250736245,
            0.1859275965899272,
            0.08890992443116015,
            0.06505584069013254,
            0.048191654662918325,
            0.043051978979404035,
            0.027032091685836677,
            0.02262189188354797,
            0.016529671409550833,
            0.010162395977320274,
            0.008042910065464514,
            0.00628104361998107,
            0.00542962011698115,
            0.0035575991282653773,
            0.002970320769883639,
            0.002750985914810562,
            0.002868661628915812,
            0.002117710738206333,
            0.0021030827050619737,
            0.0023018720932572096,
            0.0019699850833174402,
            0.0020696460062282498,
            0.0020296528388931813,
            0.0015253130828566219,
            0.0016095716302641206,
            0.0013596219016663955,
            0.0013382446264361741,
            0.0010646414544521544,
            0.0015729159344564936,
            0.0012144776655947642,
            0.0012227078290773794,
            0.0008993956059620982,
            0.0009266765373311349,
            0.0010025201589497102,
            0.0007772322605835699,
            0.0007760667813663909,
            0.0008222480807947783,
            0.0006461250543136048,
            0.0006867141829144846,
            0.0006807104835902718,
            0.0008831473455815797,
            0.0006288806627233281,
            0.0005981437652305015,
            0.0005273914289155673,
            0.0006029621634994456,
            0.000495209657437458,
            0.000551544110139717
        ]
    },
    "train_oa": {
        "type": "index_value",
        "index": [
            10,
            20,
            30,
            40,
            50
        ],
        "value": [
            95.04815745393634,
            95.45644891122278,
            95.56113902847572,
            95.91708542713567,
            95.81239530988275
        ]
    },
    "train_aa": {
        "type": "index_value",
        "index": [
            10,
            20,
            30,
            40,
            50
        ],
        "value": [
            97.0844367117116,
            97.73588500035936,
            97.77461286024077,
            97.92460768627932,
            97.9299001987035
        ]
    },
    "train_kappa": {
        "type": "index_value",
        "index": [
            10,
            20,
            30,
            40,
            50
        ],
        "value": [
            94.31728583037405,
            94.79222172312288,
            94.91250817396369,
            95.31802604213536,
            95.19881526544526
        ]
    },
    "param": {
        "data": {
            "data_sign": "Indian",
            "data_file": "Indian_50",
            "diffusion_sign": false,
            "patch_size": 13,
            "test_ratio": 0.95,
            "batch_size": 64,
            "num_classes": 16,
            "pca": 30,
            "dim_heads": 64,
            "spectral_size": 30,
            "append_dim": true
        },
        "net": {
            "trainer": "ssftt",
            "conv2d_out": 64,
            "dim": 64
        },
        "train": {
            "epochs": 50,
            "lr": 0.001,
            "weight_decay": 0
        },
        "uniq_name": "indian_ssftt.json_50_1"
    },
    "eval": {
        "classification": "                              precision    recall  f1-score   support\n\n                     Alfalfa     0.8846    1.0000    0.9388        23\n                 Corn-notill     0.9712    0.9550    0.9630      1378\n                Corn-mintill     0.9372    0.9564    0.9467       780\n                        Corn     0.9639    1.0000    0.9816       187\n               Grass-pasture     0.9640    0.9885    0.9761       433\n                 Grass-trees     0.9404    0.9971    0.9679       680\n         Grass-pasture-mowed     0.8235    1.0000    0.9032        14\n               Hay-windrowed     0.9907    1.0000    0.9953       428\n                        Oats     1.0000    1.0000    1.0000        10\n              Soybean-notill     0.9186    0.9056    0.9121       922\n             Soybean-mintill     0.9773    0.9318    0.9540      2405\n               Soybean-clean     0.9559    0.9576    0.9568       543\n                       Wheat     0.9337    1.0000    0.9657       155\n                       Woods     0.9909    0.9827    0.9868      1215\nBuildings-Grass-Trees-Drives     0.8836    0.9940    0.9356       336\n\n                   micro avg     0.9599    0.9579    0.9589      9509\n                   macro avg     0.9424    0.9779    0.9589      9509\n                weighted avg     0.9606    0.9579    0.9589      9509\n",
        "oa": 95.81239530988275,
        "confusion": "[[  23    0    0    0    0    0    0    0    0    0    0    0    0    0\n     0    0]\n [   3 1316    4    1    0   13    0    0    0    9    8   10    0    5\n     9    0]\n [   0    9  746    2    0    0    0    0    0    7    0    7    9    0\n     0    0]\n [   0    0    0  187    0    0    0    0    0    0    0    0    0    0\n     0    0]\n [   0    0    0    0  428    0    3    0    0    0    0    0    2    0\n     0    0]\n [   0    0    0    0    0  678    0    0    0    0    0    0    0    2\n     0    0]\n [   0    0    0    0    0    0   14    0    0    0    0    0    0    0\n     0    0]\n [   0    0    0    0    0    0    0  428    0    0    0    0    0    0\n     0    0]\n [   0    0    0    0    0    0    0    0   10    0    0    0    0    0\n     0    0]\n [   0   19    4    0    7    0    0    0    0  835   43    7    0    4\n     3    0]\n [   0    9   42    0    7   30    0    0    0   58 2241    0    0    0\n    18    0]\n [   0    0    0    4    0    0    0    0    0    0    0  520    0    0\n     0   19]\n [   0    0    0    0    0    0    0    0    0    0    0    0  155    0\n     0    0]\n [   0    0    0    0    2    0    0    4    0    0    1    0    0 1194\n    14    0]\n [   0    2    0    0    0    0    0    0    0    0    0    0    0    0\n   334    0]\n [   0    0    0    0    0    0    0    0    0    0    0    0    0    0\n     0   43]]",
        "each_acc": "[100.          95.50072569  95.64102564 100.          98.84526559\n  99.70588235 100.         100.         100.          90.56399132\n  93.18087318  95.76427256 100.          98.27160494  99.4047619\n 100.        ]",
        "aa": 97.9299001987035,
        "kappa": 95.19881526544526
    }
}