{
    "epoch_loss": {
        "type": "index_value",
        "index": [
            1,
            2,
            3,
            4,
            5,
            6,
            7,
            8,
            9,
            10,
            11,
            12,
            13,
            14,
            15,
            16,
            17,
            18,
            19,
            20,
            21,
            22,
            23,
            24,
            25,
            26,
            27,
            28,
            29,
            30,
            31,
            32,
            33,
            34,
            35,
            36,
            37,
            38,
            39,
            40,
            41,
            42,
            43,
            44,
            45,
            46,
            47,
            48,
            49,
            50
        ],
        "value": [
            2.2992575599301244,
            1.3878191394190635,
            0.9163342406672816,
            0.6048019662980111,
            0.39057789348786875,
            0.25806155031727207,
            0.16889419969051114,
            0.0943093835826843,
            0.06317188939259898,
            0.04136722467599377,
            0.028968445391904924,
            0.018807832482120684,
            0.013898390104934093,
            0.012933073967935577,
            0.009720575016352439,
            0.007667298518842266,
            0.007102788323836942,
            0.006915319065052656,
            0.00555347929137849,
            0.0054325475748027525,
            0.005070593262151364,
            0.004699529085548655,
            0.004298866519163693,
            0.003444470124199025,
            0.004087162690777932,
            0.00411509866225383,
            0.0034425103330924627,
            0.003636906339576648,
            0.0029410604552756394,
            0.002341865715120108,
            0.002676081821142185,
            0.002420139900078216,
            0.00255835096562101,
            0.0020447331405575235,
            0.0025016209906748225,
            0.0019101213498581803,
            0.00205620811170628,
            0.001826347256710212,
            0.0017931063772149143,
            0.001930990545529752,
            0.0016877723039097844,
            0.0018387816080282773,
            0.0017456749071096702,
            0.001717364028727095,
            0.0014734812403818772,
            0.0014056933427890462,
            0.0014753008997368236,
            0.001332576661520908,
            0.0011853544003961067,
            0.0013836708362965334
        ]
    },
    "train_oa": {
        "type": "index_value",
        "index": [
            10,
            20,
            30,
            40,
            50
        ],
        "value": [
            87.15162491196298,
            89.01297917295501,
            88.8620585571989,
            89.16389978871115,
            89.27457490693229
        ]
    },
    "train_aa": {
        "type": "index_value",
        "index": [
            10,
            20,
            30,
            40,
            50
        ],
        "value": [
            92.49007027350488,
            94.13836228024846,
            94.05390186513529,
            94.17049479422705,
            94.19331634760468
        ]
    },
    "train_kappa": {
        "type": "index_value",
        "index": [
            10,
            20,
            30,
            40,
            50
        ],
        "value": [
            85.36343691204699,
            87.53015152811709,
            87.36204740641182,
            87.69344479954574,
            87.8199735013935
        ]
    },
    "param": {
        "data": {
            "data_sign": "Indian",
            "data_file": "Indian_20",
            "diffusion_sign": false,
            "patch_size": 13,
            "test_ratio": 0.95,
            "batch_size": 64,
            "num_classes": 16,
            "pca": 30,
            "dim_heads": 64,
            "spectral_size": 30,
            "append_dim": true
        },
        "net": {
            "trainer": "ssftt",
            "conv2d_out": 64,
            "dim": 64
        },
        "train": {
            "epochs": 50,
            "lr": 0.001,
            "weight_decay": 0
        },
        "uniq_name": "indian_ssftt.json_20_3"
    },
    "eval": {
        "classification": "                              precision    recall  f1-score   support\n\n                     Alfalfa     0.7879    1.0000    0.8814        26\n                 Corn-notill     0.8812    0.8849    0.8831      1408\n                Corn-mintill     0.9033    0.8877    0.8954       810\n                        Corn     0.6933    1.0000    0.8189       217\n               Grass-pasture     0.9295    0.9114    0.9204       463\n                 Grass-trees     0.9378    0.9761    0.9565       710\n         Grass-pasture-mowed     0.2667    1.0000    0.4211         8\n               Hay-windrowed     0.9828    1.0000    0.9913       458\n                        Oats     0.1695    1.0000    0.2899        10\n              Soybean-notill     0.8518    0.8634    0.8576       952\n             Soybean-mintill     0.9428    0.8320    0.8839      2435\n               Soybean-clean     0.7765    0.7941    0.7852       573\n                       Wheat     0.8409    1.0000    0.9136       185\n                       Woods     0.9939    0.9213    0.9562      1245\nBuildings-Grass-Trees-Drives     0.7771    1.0000    0.8746       366\n\n                   micro avg     0.8935    0.8920    0.8927      9866\n                   macro avg     0.7823    0.9381    0.8219      9866\n                weighted avg     0.9043    0.8920    0.8953      9866\n",
        "oa": 89.27457490693229,
        "confusion": "[[  26    0    0    0    0    0    0    0    0    0    0    0    0    0\n     0    0]\n [   1 1246    2   40    2   10    0    0    0   25   69    8    0    4\n     1    0]\n [   0   17  719    0   12    0    0    0   30    0    2    0   30    0\n     0    0]\n [   0    0    0  217    0    0    0    0    0    0    0    0    0    0\n     0    0]\n [   0    0   16    0  422    0   11    0    0    1    6    2    5    0\n     0    0]\n [   0    2    8    0    0  693    0    0    1    0    0    5    0    0\n     1    0]\n [   0    0    0    0    0    0    8    0    0    0    0    0    0    0\n     0    0]\n [   0    0    0    0    0    0    0  458    0    0    0    0    0    0\n     0    0]\n [   0    0    0    0    0    0    0    0   10    0    0    0    0    0\n     0    0]\n [   3   89    0    0    0    2    0    0    0  822   31    1    0    0\n     4    0]\n [   0   55   35   16    2   34   11    7    0  115 2026  115    0    3\n    16    0]\n [   3    1   16   40    0    0    0    0   17    0    3  455    0    0\n    21   17]\n [   0    0    0    0    0    0    0    0    0    0    0    0  185    0\n     0    0]\n [   0    4    0    0   16    0    0    1    1    2   12    0    0 1147\n    62    0]\n [   0    0    0    0    0    0    0    0    0    0    0    0    0    0\n   366    0]\n [   0    0    0    0    0    0    0    0    0    0    0    0    0    0\n     0   73]]",
        "each_acc": "[100.          88.49431818  88.7654321  100.          91.14470842\n  97.6056338  100.         100.         100.          86.34453782\n  83.20328542  79.40663176 100.          92.12851406 100.\n 100.        ]",
        "aa": 94.19331634760468,
        "kappa": 87.8199735013935
    }
}