{
    "epoch_loss": {
        "type": "index_value",
        "index": [
            1,
            2,
            3,
            4,
            5,
            6,
            7,
            8,
            9,
            10,
            11,
            12,
            13,
            14,
            15,
            16,
            17,
            18,
            19,
            20,
            21,
            22,
            23,
            24,
            25,
            26,
            27,
            28,
            29,
            30,
            31,
            32,
            33,
            34,
            35,
            36,
            37,
            38,
            39,
            40,
            41,
            42,
            43,
            44,
            45,
            46,
            47,
            48,
            49,
            50
        ],
        "value": [
            2.067513397295181,
            0.9771853922164604,
            0.5279894320115651,
            0.3337742071853925,
            0.22599904831141643,
            0.2038863529897716,
            0.14218551328737442,
            0.12703796323031596,
            0.1372853746152904,
            0.11953981037009252,
            0.08108753721191458,
            0.06244910508394241,
            0.03399991060364736,
            0.016345983906968,
            0.01589705284735928,
            0.014287227739209998,
            0.036254481093524256,
            0.0159794906639073,
            0.010663234769073252,
            0.009542783645734396,
            0.007164116846780254,
            0.009383078715572618,
            0.01635489023405395,
            0.02135102609044885,
            0.01842346912479564,
            0.11001605484379481,
            0.11837275612027678,
            0.05073459579111778,
            0.03773906775941587,
            0.02472776627448732,
            0.0226012067103835,
            0.009342883534933606,
            0.0059023609716598304,
            0.04777619737672479,
            0.0670112207697781,
            0.03701805792850991,
            0.04333900619451314,
            0.03562578895728882,
            0.08066368082614794,
            0.03882687304117908,
            0.01067400369027706,
            0.0037163320341951226,
            0.004054450474628438,
            0.0029503882109914743,
            0.0016128364950418472,
            0.004601677369377385,
            0.11400452478189174,
            0.11218571160243798,
            0.052790511220897715,
            0.02037779968997387
        ]
    },
    "train_oa": {
        "type": "index_value",
        "index": [
            10,
            20,
            30,
            40,
            50
        ],
        "value": [
            93.34712881531298,
            92.08484221417486,
            91.05018106570098,
            91.42265907915159,
            92.49870667356441
        ]
    },
    "train_aa": {
        "type": "index_value",
        "index": [
            10,
            20,
            30,
            40,
            50
        ],
        "value": [
            96.48154689481083,
            96.47945315880966,
            95.38324150811393,
            95.9696231924902,
            96.1591780686605
        ]
    },
    "train_kappa": {
        "type": "index_value",
        "index": [
            10,
            20,
            30,
            40,
            50
        ],
        "value": [
            92.39545445406947,
            90.97471536063291,
            89.80725451817251,
            90.21791290137774,
            91.43518676399015
        ]
    },
    "param": {
        "data": {
            "data_sign": "Indian",
            "data_file": "Indian_40",
            "diffusion_sign": false,
            "patch_size": 13,
            "test_ratio": 0.95,
            "batch_size": 64,
            "num_classes": 16,
            "pca": 30,
            "dim_heads": 64,
            "spectral_size": 30,
            "append_dim": true
        },
        "net": {
            "trainer": "ssftt",
            "conv2d_out": 64,
            "dim": 64
        },
        "train": {
            "epochs": 50,
            "lr": 0.001,
            "weight_decay": 0
        },
        "uniq_name": "indian_ssftt.json_40_4"
    },
    "eval": {
        "classification": "                              precision    recall  f1-score   support\n\n                     Alfalfa     0.4000    1.0000    0.5714         6\n                 Corn-notill     0.9508    0.8631    0.9048      1388\n                Corn-mintill     0.8406    0.9544    0.8939       790\n                        Corn     0.9746    0.9746    0.9746       197\n               Grass-pasture     0.9534    0.9707    0.9620       443\n                 Grass-trees     0.9857    0.9957    0.9906       690\n         Grass-pasture-mowed     1.0000    1.0000    1.0000        14\n               Hay-windrowed     1.0000    1.0000    1.0000       438\n                        Oats     0.6667    1.0000    0.8000        10\n              Soybean-notill     0.7637    0.9431    0.8440       932\n             Soybean-mintill     0.9746    0.8754    0.9223      2415\n               Soybean-clean     0.9978    0.8354    0.9094       553\n                       Wheat     0.9322    1.0000    0.9649       165\n                       Woods     0.9851    0.9731    0.9791      1225\nBuildings-Grass-Trees-Drives     0.8141    1.0000    0.8975       346\n\n                   micro avg     0.9278    0.9246    0.9262      9612\n                   macro avg     0.8826    0.9590    0.9076      9612\n                weighted avg     0.9362    0.9246    0.9273      9612\n",
        "oa": 92.49870667356441,
        "confusion": "[[   6    0    0    0    0    0    0    0    0    0    0    0    0    0\n     0    0]\n [   1 1198   12    0    6    1    0    0    2  111   44    1    0    6\n     6    0]\n [   0   19  754    5    0    0    0    0    0    3    0    0    0    0\n     9    0]\n [   0    0    1  192    0    0    0    0    0    0    0    0    0    0\n     4    0]\n [   0    0    0    0  430    2    0    0    0    3    0    0    8    0\n     0    0]\n [   0    0    0    0    0  687    0    0    0    0    0    0    0    0\n     3    0]\n [   0    0    0    0    0    0   14    0    0    0    0    0    0    0\n     0    0]\n [   0    0    0    0    0    0    0  438    0    0    0    0    0    0\n     0    0]\n [   0    0    0    0    0    0    0    0   10    0    0    0    0    0\n     0    0]\n [   8    7    9    0    0    2    0    0    0  879   11    0    0    6\n    10    0]\n [   0   35   96    0   14    5    0    0    0  141 2114    0    4    6\n     0    0]\n [   0    0   25    0    0    0    0    0    3   14    0  462    0    0\n    16   33]\n [   0    0    0    0    0    0    0    0    0    0    0    0  165    0\n     0    0]\n [   0    1    0    0    1    0    0    0    0    0    0    0    0 1192\n    31    0]\n [   0    0    0    0    0    0    0    0    0    0    0    0    0    0\n   346    0]\n [   0    0    0    0    0    0    0    0    0    0    0    0    0    0\n     0   53]]",
        "each_acc": "[100.          86.31123919  95.44303797  97.46192893  97.06546275\n  99.56521739 100.         100.         100.          94.31330472\n  87.53623188  83.5443038  100.          97.30612245 100.\n 100.        ]",
        "aa": 96.1591780686605,
        "kappa": 91.43518676399015
    }
}