{
    "epoch_loss": {
        "type": "index_value",
        "index": [
            1,
            2,
            3,
            4,
            5,
            6,
            7,
            8,
            9,
            10,
            11,
            12,
            13,
            14,
            15,
            16,
            17,
            18,
            19,
            20,
            21,
            22,
            23,
            24,
            25,
            26,
            27,
            28,
            29,
            30,
            31,
            32,
            33,
            34,
            35,
            36,
            37,
            38,
            39,
            40,
            41,
            42,
            43,
            44,
            45,
            46,
            47,
            48,
            49,
            50
        ],
        "value": [
            1.6477599701413042,
            0.6021279731576594,
            0.2776745330919915,
            0.13606973180825682,
            0.07718292660349464,
            0.04522306347692088,
            0.034177230889037985,
            0.01669077367727161,
            0.014965271150017919,
            0.011427710255142788,
            0.009835381035536309,
            0.010158590414311226,
            0.006922002827754495,
            0.005843801045344603,
            0.0035951250210129963,
            0.0036040958303709047,
            0.0024628141917319444,
            0.0017183181164832932,
            0.0014880031892006034,
            0.0014599340717486313,
            0.001229604019475916,
            0.001242629576317748,
            0.0009975150645887645,
            0.0009503288222759059,
            0.0007529720317515424,
            0.0008104294147405699,
            0.0008234565375327029,
            0.0007197612430292104,
            0.0006267771907875756,
            0.0006919575417453234,
            0.0006545830331341332,
            0.000633855794810436,
            0.0005281579975671813,
            0.0004897931994967135,
            0.0005247768560495489,
            0.00041532532138386963,
            0.0004779037895642587,
            0.00037900987427921085,
            0.0003840309678021694,
            0.00032462901527027024,
            0.0003734721659301695,
            0.00035545629762549075,
            0.0002938858738831802,
            0.00032025003241197,
            0.00031563700187115375,
            0.00031826547639568064,
            0.00027007418265590557,
            0.00026877361069123926,
            0.000303381284164331,
            0.0003147715308337084
        ]
    },
    "train_oa": {
        "type": "index_value",
        "index": [
            10,
            20,
            30,
            40,
            50
        ],
        "value": [
            96.53465346534654,
            96.17950925527336,
            96.21179509255273,
            96.35170038743006,
            96.19027120103316
        ]
    },
    "train_aa": {
        "type": "index_value",
        "index": [
            10,
            20,
            30,
            40,
            50
        ],
        "value": [
            97.88862233200332,
            97.89697606925935,
            97.75957239674432,
            97.88277979297591,
            97.7966954261187
        ]
    },
    "train_kappa": {
        "type": "index_value",
        "index": [
            10,
            20,
            30,
            40,
            50
        ],
        "value": [
            96.00514344337343,
            95.60306793267108,
            95.63703647520978,
            95.79855283201893,
            95.61407986063054
        ]
    },
    "param": {
        "data": {
            "data_sign": "Indian",
            "data_file": "Indian_70",
            "diffusion_sign": false,
            "patch_size": 13,
            "test_ratio": 0.95,
            "batch_size": 64,
            "num_classes": 16,
            "pca": 30,
            "dim_heads": 64,
            "spectral_size": 30,
            "append_dim": true
        },
        "net": {
            "trainer": "ssftt",
            "conv2d_out": 64,
            "dim": 64
        },
        "train": {
            "epochs": 50,
            "lr": 0.001,
            "weight_decay": 0
        },
        "uniq_name": "indian_ssftt.json_70_4"
    },
    "eval": {
        "classification": "                              precision    recall  f1-score   support\n\n                     Alfalfa     0.6970    1.0000    0.8214        23\n                 Corn-notill     0.9520    0.9352    0.9435      1358\n                Corn-mintill     0.9665    0.9855    0.9759       760\n                        Corn     0.8564    1.0000    0.9227       167\n               Grass-pasture     0.9900    0.9637    0.9767       413\n                 Grass-trees     0.9565    0.9985    0.9770       660\n         Grass-pasture-mowed     0.9333    1.0000    0.9655        14\n               Hay-windrowed     1.0000    1.0000    1.0000       408\n                        Oats     0.8333    1.0000    0.9091        10\n              Soybean-notill     0.9330    0.9257    0.9293       902\n             Soybean-mintill     0.9904    0.9556    0.9727      2385\n               Soybean-clean     0.9936    0.8948    0.9416       523\n                       Wheat     0.9926    1.0000    0.9963       135\n                       Woods     0.9769    0.9916    0.9842      1195\nBuildings-Grass-Trees-Drives     0.9000    0.9968    0.9459       316\n\n                   micro avg     0.9660    0.9618    0.9639      9269\n                   macro avg     0.9314    0.9765    0.9508      9269\n                weighted avg     0.9672    0.9618    0.9640      9269\n",
        "oa": 96.19027120103316,
        "confusion": "[[  23    0    0    0    0    0    0    0    0    0    0    0    0    0\n     0    0]\n [   6 1270    5    0    0   11    0    0    0   30    1    0    0    9\n    18    8]\n [   0    0  749   11    0    0    0    0    0    0    0    0    0    0\n     0    0]\n [   0    0    0  167    0    0    0    0    0    0    0    0    0    0\n     0    0]\n [   0    0    2    0  398    0    1    0    0    0    0    0    0   12\n     0    0]\n [   0    0    0    0    0  659    0    0    0    0    0    0    0    1\n     0    0]\n [   0    0    0    0    0    0   14    0    0    0    0    0    0    0\n     0    0]\n [   0    0    0    0    0    0    0  408    0    0    0    0    0    0\n     0    0]\n [   0    0    0    0    0    0    0    0   10    0    0    0    0    0\n     0    0]\n [   4   18   18    0    0    0    0    0    0  835   18    3    0    6\n     0    0]\n [   0   45    1    0    4   19    0    0    0   29 2279    0    1    0\n     7    0]\n [   0    0    0   17    0    0    0    0    2    1    3  468    0    0\n     0   32]\n [   0    0    0    0    0    0    0    0    0    0    0    0  135    0\n     0    0]\n [   0    0    0    0    0    0    0    0    0    0    0    0    0 1185\n    10    0]\n [   0    1    0    0    0    0    0    0    0    0    0    0    0    0\n   315    0]\n [   0    0    0    0    0    0    0    0    0    0    0    0    0    0\n     0   23]]",
        "each_acc": "[100.          93.51988218  98.55263158 100.          96.36803874\n  99.84848485 100.         100.         100.          92.57206208\n  95.55555556  89.48374761 100.          99.16317992  99.6835443\n 100.        ]",
        "aa": 97.7966954261187,
        "kappa": 95.61407986063054
    }
}