{
    "epoch_loss": {
        "type": "index_value",
        "index": [
            1,
            2,
            3,
            4,
            5,
            6,
            7,
            8,
            9,
            10,
            11,
            12,
            13,
            14,
            15,
            16,
            17,
            18,
            19,
            20,
            21,
            22,
            23,
            24,
            25,
            26,
            27,
            28,
            29,
            30,
            31,
            32,
            33,
            34,
            35,
            36,
            37,
            38,
            39,
            40,
            41,
            42,
            43,
            44,
            45,
            46,
            47,
            48,
            49,
            50
        ],
        "value": [
            1.9346463567386227,
            0.8679421420076827,
            0.443768784125874,
            0.228640945839403,
            0.11400344557365352,
            0.07542676234903774,
            0.05519149822304546,
            0.04456776905393327,
            0.03370471848134844,
            0.01958132670441351,
            0.010977850196725413,
            0.006772970402589231,
            0.005295496698204358,
            0.004490718400504017,
            0.003839633981744028,
            0.003215761454388435,
            0.003837797567956524,
            0.0034187271485540756,
            0.003528860751392488,
            0.0050506092724223305,
            0.005043060874227044,
            0.0041141945022255865,
            0.003703041293109143,
            0.0024206140332479814,
            0.001731833863276534,
            0.002187208914053673,
            0.0017529057829548608,
            0.001472646492457223,
            0.0012432636043064862,
            0.00107847175870219,
            0.0009526915492829326,
            0.0008907044338799981,
            0.0009027516841487571,
            0.0008744514536264872,
            0.0007229844728548887,
            0.0008471787545076401,
            0.0007054873745837697,
            0.0006136938944923954,
            0.000723098734994332,
            0.0006190787413233686,
            0.0005553799270988954,
            0.0005798785772473234,
            0.0006479195149086277,
            0.0005600619386384528,
            0.0004967000353242935,
            0.0005384136043613245,
            0.0005389662262238028,
            0.0005235409249192159,
            0.00046299591229078085,
            0.0004748380337100225
        ]
    },
    "train_oa": {
        "type": "index_value",
        "index": [
            10,
            20,
            30,
            40,
            50
        ],
        "value": [
            95.91708542713567,
            95.45644891122278,
            95.35175879396985,
            95.58207705192629,
            95.56113902847572
        ]
    },
    "train_aa": {
        "type": "index_value",
        "index": [
            10,
            20,
            30,
            40,
            50
        ],
        "value": [
            97.59689368537474,
            97.72209738798388,
            97.48413533503823,
            97.69392544473786,
            97.62043442726254
        ]
    },
    "train_kappa": {
        "type": "index_value",
        "index": [
            10,
            20,
            30,
            40,
            50
        ],
        "value": [
            95.3093537061058,
            94.78465953934032,
            94.66926009344476,
            94.93400905282914,
            94.908948823022
        ]
    },
    "param": {
        "data": {
            "data_sign": "Indian",
            "data_file": "Indian_50",
            "diffusion_sign": false,
            "patch_size": 13,
            "test_ratio": 0.95,
            "batch_size": 64,
            "num_classes": 16,
            "pca": 30,
            "dim_heads": 64,
            "spectral_size": 30,
            "append_dim": true
        },
        "net": {
            "trainer": "ssftt",
            "conv2d_out": 64,
            "dim": 64
        },
        "train": {
            "epochs": 50,
            "lr": 0.001,
            "weight_decay": 0
        },
        "uniq_name": "indian_ssftt.json_50_0"
    },
    "eval": {
        "classification": "                              precision    recall  f1-score   support\n\n                     Alfalfa     0.9583    1.0000    0.9787        23\n                 Corn-notill     0.9507    0.9376    0.9441      1378\n                Corn-mintill     0.9697    0.9449    0.9571       780\n                        Corn     0.9167    1.0000    0.9565       187\n               Grass-pasture     0.9835    0.9607    0.9720       433\n                 Grass-trees     0.9309    0.9912    0.9601       680\n         Grass-pasture-mowed     0.5833    1.0000    0.7368        14\n               Hay-windrowed     0.9953    1.0000    0.9977       428\n                        Oats     1.0000    1.0000    1.0000        10\n              Soybean-notill     0.9506    0.9187    0.9344       922\n             Soybean-mintill     0.9753    0.9376    0.9561      2405\n               Soybean-clean     0.8784    0.9448    0.9104       543\n                       Wheat     0.9281    1.0000    0.9627       155\n                       Woods     0.9868    0.9868    0.9868      1215\nBuildings-Grass-Trees-Drives     0.9358    0.9970    0.9654       336\n\n                   micro avg     0.9578    0.9554    0.9566      9509\n                   macro avg     0.9296    0.9746    0.9479      9509\n                weighted avg     0.9590    0.9554    0.9568      9509\n",
        "oa": 95.56113902847572,
        "confusion": "[[  23    0    0    0    0    0    0    0    0    0    0    0    0    0\n     0    0]\n [   1 1292    0    2    0    9    0    0    0   13   38   10    0    6\n     1    6]\n [   0    7  737    2    0    0    0    0    0   16    0    7   11    0\n     0    0]\n [   0    0    0  187    0    0    0    0    0    0    0    0    0    0\n     0    0]\n [   0    0    3    0  416    2   10    0    0    0    0    1    1    0\n     0    0]\n [   0    0    0    0    0  674    0    0    0    0    0    0    0    0\n     6    0]\n [   0    0    0    0    0    0   14    0    0    0    0    0    0    0\n     0    0]\n [   0    0    0    0    0    0    0  428    0    0    0    0    0    0\n     0    0]\n [   0    0    0    0    0    0    0    0   10    0    0    0    0    0\n     0    0]\n [   0   45    0    0    0    0    0    0    0  847   19    5    0    6\n     0    0]\n [   0   14   20    0    7   39    0    0    0   15 2255   48    0    4\n     3    0]\n [   0    0    0   12    0    0    0    0    0    0    0  513    0    0\n     0   18]\n [   0    0    0    0    0    0    0    0    0    0    0    0  155    0\n     0    0]\n [   0    0    0    1    0    0    0    2    0    0    0    0    0 1199\n    13    0]\n [   0    1    0    0    0    0    0    0    0    0    0    0    0    0\n   335    0]\n [   0    0    0    0    0    0    0    0    0    0    0    0    0    0\n     0   43]]",
        "each_acc": "[100.          93.75907112  94.48717949 100.          96.073903\n  99.11764706 100.         100.         100.          91.86550976\n  93.76299376  94.47513812 100.          98.68312757  99.70238095\n 100.        ]",
        "aa": 97.62043442726254,
        "kappa": 94.908948823022
    }
}