{
    "epoch_loss": {
        "type": "index_value",
        "index": [
            1,
            2,
            3,
            4,
            5,
            6,
            7,
            8,
            9,
            10,
            11,
            12,
            13,
            14,
            15,
            16,
            17,
            18,
            19,
            20,
            21,
            22,
            23,
            24,
            25,
            26,
            27,
            28,
            29,
            30,
            31,
            32,
            33,
            34,
            35,
            36,
            37,
            38,
            39,
            40,
            41,
            42,
            43,
            44,
            45,
            46,
            47,
            48,
            49,
            50
        ],
        "value": [
            1.5872785457253127,
            0.5027240301176508,
            0.2182211905594473,
            0.0936005486324498,
            0.067003376374112,
            0.049420248895280385,
            0.040456430097183395,
            0.04250931580445584,
            0.04848994205687829,
            0.030128123329501693,
            0.019287720462264495,
            0.009928328395078324,
            0.012694654614418717,
            0.00637774565749782,
            0.004334546142388838,
            0.002759265234023881,
            0.001993300650151414,
            0.001514087803190593,
            0.0019389358350215436,
            0.004481147495145535,
            0.0022678128470432807,
            0.0027570300143282336,
            0.001687881393056524,
            0.0017105486800229278,
            0.001568391758596427,
            0.001098644618106031,
            0.000984897319653278,
            0.0006671239253627899,
            0.0005989052126528533,
            0.000982295564576519,
            0.0007882216943309256,
            0.0006387511693650605,
            0.00052887368140821,
            0.0004547824647248463,
            0.00042007511673133614,
            0.0004231375459385196,
            0.0004154285968899497,
            0.000334866588924332,
            0.0003365790605306858,
            0.00035823151446633014,
            0.0003385366705148168,
            0.0003730179310642207,
            0.0002948411230255765,
            0.00028151736843792536,
            0.0002660649589409841,
            0.0003068710359459419,
            0.0002589711151856898,
            0.00022482777304020765,
            0.00025090211688064503,
            0.00023940367995900133
        ]
    },
    "train_oa": {
        "type": "index_value",
        "index": [
            10,
            20,
            30,
            40,
            50
        ],
        "value": [
            94.67365204103906,
            95.61231172233137,
            95.87426326129666,
            96.55097140362366,
            96.518227461253
        ]
    },
    "train_aa": {
        "type": "index_value",
        "index": [
            10,
            20,
            30,
            40,
            50
        ],
        "value": [
            97.58033623770318,
            98.02042185953528,
            98.38255769511044,
            98.62631434205109,
            98.5993211769274
        ]
    },
    "train_kappa": {
        "type": "index_value",
        "index": [
            10,
            20,
            30,
            40,
            50
        ],
        "value": [
            93.87516935026827,
            94.9525378430773,
            95.2563126703966,
            96.02971860923148,
            95.99200930065994
        ]
    },
    "param": {
        "data": {
            "data_sign": "Indian",
            "data_file": "Indian_80",
            "diffusion_sign": false,
            "patch_size": 13,
            "test_ratio": 0.95,
            "batch_size": 64,
            "num_classes": 16,
            "pca": 30,
            "dim_heads": 64,
            "spectral_size": 30,
            "append_dim": true
        },
        "net": {
            "trainer": "ssftt",
            "conv2d_out": 64,
            "dim": 64
        },
        "train": {
            "epochs": 50,
            "lr": 0.001,
            "weight_decay": 0
        },
        "uniq_name": "indian_ssftt.json_80_4"
    },
    "eval": {
        "classification": "                              precision    recall  f1-score   support\n\n                     Alfalfa     0.7667    1.0000    0.8679        23\n                 Corn-notill     0.9737    0.9614    0.9675      1348\n                Corn-mintill     1.0000    0.9800    0.9899       750\n                        Corn     0.9874    1.0000    0.9937       157\n               Grass-pasture     0.9754    0.9851    0.9802       403\n                 Grass-trees     0.9390    0.9954    0.9664       650\n         Grass-pasture-mowed     0.6667    1.0000    0.8000        14\n               Hay-windrowed     0.9803    1.0000    0.9900       398\n                        Oats     0.8333    1.0000    0.9091        10\n              Soybean-notill     0.8687    0.9865    0.9239       892\n             Soybean-mintill     0.9918    0.9137    0.9511      2375\n               Soybean-clean     0.9704    0.9571    0.9637       513\n                       Wheat     0.9690    1.0000    0.9843       125\n                       Woods     1.0000    0.9966    0.9983      1185\nBuildings-Grass-Trees-Drives     0.9329    1.0000    0.9653       306\n\n                   micro avg     0.9666    0.9651    0.9659      9149\n                   macro avg     0.9237    0.9851    0.9501      9149\n                weighted avg     0.9691    0.9651    0.9661      9149\n",
        "oa": 96.518227461253,
        "confusion": "[[  23    0    0    0    0    0    0    0    0    0    0    0    0    0\n     0    0]\n [   3 1296    0    0    0    7    0    0    0   26    9    0    0    0\n     7    0]\n [   0    3  735    0    3    0    0    0    0    0    3    5    1    0\n     0    0]\n [   0    0    0  157    0    0    0    0    0    0    0    0    0    0\n     0    0]\n [   0    0    0    0  397    0    1    0    0    5    0    0    0    0\n     0    0]\n [   0    0    0    0    0  647    0    0    0    0    0    0    0    0\n     3    0]\n [   0    0    0    0    0    0   14    0    0    0    0    0    0    0\n     0    0]\n [   0    0    0    0    0    0    0  398    0    0    0    0    0    0\n     0    0]\n [   0    0    0    0    0    0    0    0   10    0    0    0    0    0\n     0    0]\n [   0    0    0    0    0    0    0    0    0  880    6    0    0    0\n     6    0]\n [   4   32    0    0    7   35    6    5    2  101 2170   10    3    0\n     0    0]\n [   0    0    0    2    0    0    0    0    0    1    0  491    0    0\n     5   14]\n [   0    0    0    0    0    0    0    0    0    0    0    0  125    0\n     0    0]\n [   0    0    0    0    0    0    0    3    0    0    0    0    0 1181\n     1    0]\n [   0    0    0    0    0    0    0    0    0    0    0    0    0    0\n   306    0]\n [   0    0    0    0    0    0    0    0    0    0    0    0    0    0\n     0   13]]",
        "each_acc": "[100.          96.14243323  98.         100.          98.51116625\n  99.53846154 100.         100.         100.          98.65470852\n  91.36842105  95.71150097 100.          99.66244726 100.\n 100.        ]",
        "aa": 98.5993211769274,
        "kappa": 95.99200930065994
    }
}