{
    "epoch_loss": {
        "type": "index_value",
        "index": [
            1,
            2,
            3,
            4,
            5,
            6,
            7,
            8,
            9,
            10,
            11,
            12,
            13,
            14,
            15,
            16,
            17,
            18,
            19,
            20,
            21,
            22,
            23,
            24,
            25,
            26,
            27,
            28,
            29,
            30,
            31,
            32,
            33,
            34,
            35,
            36,
            37,
            38,
            39,
            40,
            41,
            42,
            43,
            44,
            45,
            46,
            47,
            48,
            49,
            50
        ],
        "value": [
            2.09663323776142,
            1.2195481180070757,
            0.6979887039811762,
            0.40089841522612013,
            0.22395546291325544,
            0.1261360956741883,
            0.06920033475165968,
            0.054484109134153205,
            0.027236325750211336,
            0.023954581653883866,
            0.014105452358856931,
            0.012006632069142553,
            0.010289580896832384,
            0.008054656463230515,
            0.007375650036543071,
            0.006651907882376297,
            0.005459895189683717,
            0.0053667510641520625,
            0.0055393691631956945,
            0.004277055340542181,
            0.003350691123118809,
            0.003675927269599728,
            0.002829776917424825,
            0.003332942644520117,
            0.0026715728936733693,
            0.002461016868232741,
            0.003067016085559452,
            0.002726830674234677,
            0.002607601707348147,
            0.002436703649928441,
            0.0018492356878243856,
            0.0019976879776296046,
            0.0016885483448670522,
            0.0013877233639275571,
            0.0014571380877011532,
            0.0017868189134861569,
            0.0017436051474850592,
            0.001503258057332992,
            0.0013739031515092597,
            0.0013249546786568858,
            0.0012787520074755423,
            0.0013445475650531752,
            0.001325484492128027,
            0.0013669716332711883,
            0.0011387490310815272,
            0.0013022194249421224,
            0.001088892618353638,
            0.0011712126790436807,
            0.0008599471388938459,
            0.0008654180858577895
        ]
    },
    "train_oa": {
        "type": "index_value",
        "index": [
            10,
            20,
            30,
            40,
            50
        ],
        "value": [
            94.95155532891381,
            95.68587455379908,
            95.36970933197348,
            95.19632840387557,
            95.44110147883733
        ]
    },
    "train_aa": {
        "type": "index_value",
        "index": [
            10,
            20,
            30,
            40,
            50
        ],
        "value": [
            96.6414519121358,
            97.26038160494257,
            97.0666094430048,
            96.95515929709603,
            97.07393006123498
        ]
    },
    "train_kappa": {
        "type": "index_value",
        "index": [
            10,
            20,
            30,
            40,
            50
        ],
        "value": [
            94.20835343147071,
            95.05724028733948,
            94.69738922653512,
            94.49843938663065,
            94.77683431780744
        ]
    },
    "param": {
        "data": {
            "data_sign": "Indian",
            "data_file": "Indian_30",
            "diffusion_sign": false,
            "patch_size": 13,
            "test_ratio": 0.95,
            "batch_size": 64,
            "num_classes": 16,
            "pca": 30,
            "dim_heads": 64,
            "spectral_size": 30,
            "append_dim": true
        },
        "net": {
            "trainer": "ssftt",
            "conv2d_out": 64,
            "dim": 64
        },
        "train": {
            "epochs": 50,
            "lr": 0.001,
            "weight_decay": 0
        },
        "uniq_name": "indian_ssftt.json_30_1"
    },
    "eval": {
        "classification": "                              precision    recall  f1-score   support\n\n                     Alfalfa     1.0000    1.0000    1.0000        16\n                 Corn-notill     0.9318    0.9192    0.9255      1398\n                Corn-mintill     0.9532    0.9675    0.9603       800\n                        Corn     0.9567    0.9614    0.9590       207\n               Grass-pasture     0.9644    0.9558    0.9601       453\n                 Grass-trees     0.9562    0.9986    0.9769       700\n         Grass-pasture-mowed     0.9333    1.0000    0.9655        14\n               Hay-windrowed     0.9956    1.0000    0.9978       448\n                        Oats     0.5882    1.0000    0.7407        10\n              Soybean-notill     0.9518    0.8386    0.8916       942\n             Soybean-mintill     0.9671    0.9695    0.9683      2425\n               Soybean-clean     0.9760    0.9378    0.9565       563\n                       Wheat     0.8140    1.0000    0.8974       175\n                       Woods     0.9894    0.9862    0.9878      1235\nBuildings-Grass-Trees-Drives     0.8744    0.9972    0.9318       356\n\n                   micro avg     0.9552    0.9541    0.9547      9742\n                   macro avg     0.9235    0.9688    0.9413      9742\n                weighted avg     0.9564    0.9541    0.9545      9742\n",
        "oa": 95.44110147883733,
        "confusion": "[[  16    0    0    0    0    0    0    0    0    0    0    0    0    0\n     0    0]\n [   0 1285    5    0    0   15    0    0    0   26   20    0    0   10\n    37    0]\n [   0    3  774    0    0    0    0    0    6    5    1    0   10    0\n     1    0]\n [   0    0    8  199    0    0    0    0    0    0    0    0    0    0\n     0    0]\n [   0    7   11    0  433    0    1    0    0    0    0    0    1    0\n     0    0]\n [   0    0    0    0    0  699    0    0    0    0    0    0    0    1\n     0    0]\n [   0    0    0    0    0    0   14    0    0    0    0    0    0    0\n     0    0]\n [   0    0    0    0    0    0    0  448    0    0    0    0    0    0\n     0    0]\n [   0    0    0    0    0    0    0    0   10    0    0    0    0    0\n     0    0]\n [   0   82    1    0   10    0    0    0    0  790   50    7    0    2\n     0    0]\n [   0    1    0    0    6   17    0    0    0    8 2351    5   29    0\n     8    0]\n [   0    1   13    9    0    0    0    0    1    0    0  528    0    0\n     0   11]\n [   0    0    0    0    0    0    0    0    0    0    0    0  175    0\n     0    0]\n [   0    0    0    0    0    0    0    2    0    1    9    0    0 1218\n     5    0]\n [   0    0    0    0    0    0    0    0    0    0    0    1    0    0\n   355    0]\n [   0    0    0    0    0    0    0    0    0    0    0    0    0    0\n     0   63]]",
        "each_acc": "[100.          91.91702432  96.75        96.1352657   95.58498896\n  99.85714286 100.         100.         100.          83.8641189\n  96.94845361  93.78330373 100.          98.62348178  99.71910112\n 100.        ]",
        "aa": 97.07393006123498,
        "kappa": 94.77683431780744
    }
}