{
    "epoch_loss": {
        "type": "index_value",
        "index": [
            1,
            2,
            3,
            4,
            5,
            6,
            7,
            8,
            9,
            10,
            11,
            12,
            13,
            14,
            15,
            16,
            17,
            18,
            19,
            20,
            21,
            22,
            23,
            24,
            25,
            26,
            27,
            28,
            29,
            30,
            31,
            32,
            33,
            34,
            35,
            36,
            37,
            38,
            39,
            40,
            41,
            42,
            43,
            44,
            45,
            46,
            47,
            48,
            49,
            50
        ],
        "value": [
            2.174054872882259,
            1.289903077993307,
            0.807351079610017,
            0.46845770284936233,
            0.2779077278064178,
            0.19268682317153826,
            0.1033681330380139,
            0.06987263873085245,
            0.057005712577888557,
            0.0405745889051809,
            0.03447074510224231,
            0.021898523686235554,
            0.015148348233721277,
            0.016174829791526537,
            0.011066621010032323,
            0.008480630764687384,
            0.008020541693612531,
            0.007500115203092227,
            0.006574581159060603,
            0.007453122553793159,
            0.004486867675540952,
            0.004862804934885856,
            0.004226424957852106,
            0.0032077187164644668,
            0.0026594149515133452,
            0.0032111202609968613,
            0.002411485806963331,
            0.002718905402297104,
            0.0027018194401485693,
            0.0023339938955498976,
            0.0022740592836058356,
            0.0017305167993899803,
            0.001604045898578054,
            0.0019047686804992121,
            0.0016135930027057592,
            0.0015043101676211164,
            0.0012499392252868495,
            0.0012416399654571538,
            0.0013730962800600373,
            0.0011875932545375985,
            0.001288202614313713,
            0.0010688075295498443,
            0.001138564878822984,
            0.0012301581949499007,
            0.0010765573253167105,
            0.001143344637082034,
            0.0010147252390664573,
            0.0009799098825661113,
            0.0008664376281730428,
            0.0008666463382961648
        ]
    },
    "train_oa": {
        "type": "index_value",
        "index": [
            10,
            20,
            30,
            40,
            50
        ],
        "value": [
            88.98521162672107,
            93.82967873533912,
            93.70729219785824,
            93.93166751657319,
            94.15604283528812
        ]
    },
    "train_aa": {
        "type": "index_value",
        "index": [
            10,
            20,
            30,
            40,
            50
        ],
        "value": [
            94.95498808034813,
            96.44374059346217,
            96.48739366174715,
            96.62130958281372,
            96.74936076062018
        ]
    },
    "train_kappa": {
        "type": "index_value",
        "index": [
            10,
            20,
            30,
            40,
            50
        ],
        "value": [
            87.50848577530499,
            92.92359692768018,
            92.81783810443073,
            93.07270770623248,
            93.3272504671803
        ]
    },
    "param": {
        "data": {
            "data_sign": "Indian",
            "data_file": "Indian_30",
            "diffusion_sign": false,
            "patch_size": 13,
            "test_ratio": 0.95,
            "batch_size": 64,
            "num_classes": 16,
            "pca": 30,
            "dim_heads": 64,
            "spectral_size": 30,
            "append_dim": true
        },
        "net": {
            "trainer": "ssftt",
            "conv2d_out": 64,
            "dim": 64
        },
        "train": {
            "epochs": 50,
            "lr": 0.001,
            "weight_decay": 0
        },
        "uniq_name": "indian_ssftt.json_30_2"
    },
    "eval": {
        "classification": "                              precision    recall  f1-score   support\n\n                     Alfalfa     0.7619    1.0000    0.8649        16\n                 Corn-notill     0.9726    0.9149    0.9429      1398\n                Corn-mintill     0.8499    0.9625    0.9027       800\n                        Corn     0.9714    0.9855    0.9784       207\n               Grass-pasture     0.9886    0.9603    0.9742       453\n                 Grass-trees     0.9179    0.9900    0.9526       700\n         Grass-pasture-mowed     1.0000    1.0000    1.0000        14\n               Hay-windrowed     0.9978    1.0000    0.9989       448\n                        Oats     0.3125    1.0000    0.4762        10\n              Soybean-notill     0.9222    0.8429    0.8808       942\n             Soybean-mintill     0.9768    0.9212    0.9482      2425\n               Soybean-clean     0.8932    0.9059    0.8995       563\n                       Wheat     0.8750    1.0000    0.9333       175\n                       Woods     0.9848    0.9968    0.9907      1235\nBuildings-Grass-Trees-Drives     0.8990    1.0000    0.9468       356\n\n                   micro avg     0.9446    0.9412    0.9429      9742\n                   macro avg     0.8882    0.9653    0.9127      9742\n                weighted avg     0.9482    0.9412    0.9434      9742\n",
        "oa": 94.15604283528812,
        "confusion": "[[  16    0    0    0    0    0    0    0    0    0    0    0    0    0\n     0    0]\n [   0 1279   18    0    0    8    0    0    0   29   14   11    0    4\n    28    7]\n [   0    0  770    1    0    0    0    0   22    0    0    2    5    0\n     0    0]\n [   0    0    3  204    0    0    0    0    0    0    0    0    0    0\n     0    0]\n [   0    0   18    0  435    0    0    0    0    0    0    0    0    0\n     0    0]\n [   0    0    0    0    0  693    0    0    0    0    0    0    0    1\n     6    0]\n [   0    0    0    0    0    0   14    0    0    0    0    0    0    0\n     0    0]\n [   0    0    0    0    0    0    0  448    0    0    0    0    0    0\n     0    0]\n [   0    0    0    0    0    0    0    0   10    0    0    0    0    0\n     0    0]\n [   5   35   49    0    4    2    0    0    0  794   38   10    0    3\n     1    1]\n [   0    1   17    0    0   52    0    0    0   38 2234   38   20   11\n     4   10]\n [   0    0   31    5    0    0    0    0    0    0    0  510    0    0\n     0   17]\n [   0    0    0    0    0    0    0    0    0    0    0    0  175    0\n     0    0]\n [   0    0    0    0    1    0    0    1    0    0    1    0    0 1231\n     1    0]\n [   0    0    0    0    0    0    0    0    0    0    0    0    0    0\n   356    0]\n [   0    0    0    0    0    0    0    0    0    0    0    0    0    0\n     0   63]]",
        "each_acc": "[100.          91.48783977  96.25        98.55072464  96.02649007\n  99.         100.         100.         100.          84.28874735\n  92.12371134  90.58614565 100.          99.67611336 100.\n 100.        ]",
        "aa": 96.74936076062018,
        "kappa": 93.3272504671803
    }
}