{
    "epoch_loss": {
        "type": "index_value",
        "index": [
            1,
            2,
            3,
            4,
            5,
            6,
            7,
            8,
            9,
            10,
            11,
            12,
            13,
            14,
            15,
            16,
            17,
            18,
            19,
            20,
            21,
            22,
            23,
            24,
            25,
            26,
            27,
            28,
            29,
            30,
            31,
            32,
            33,
            34,
            35,
            36,
            37,
            38,
            39,
            40,
            41,
            42,
            43,
            44,
            45,
            46,
            47,
            48,
            49,
            50
        ],
        "value": [
            1.898298626799393,
            0.8670037769348763,
            0.40186176482394353,
            0.20394999255508436,
            0.1263581036692519,
            0.06930787271246801,
            0.05197905068440045,
            0.037574916987926525,
            0.020414198461600197,
            0.02686218238979614,
            0.015012241785100322,
            0.011080136770402794,
            0.0075575408301661925,
            0.007408700940258882,
            0.006598659407036625,
            0.015036506760198772,
            0.011078427868367071,
            0.004834680054775983,
            0.003273219487853934,
            0.0025991554005452156,
            0.0019858625299097946,
            0.0019382049282843825,
            0.0018471013375939722,
            0.0016320374610742606,
            0.0012393944992198458,
            0.0011956088811929417,
            0.0012106912078543091,
            0.0010652172812339517,
            0.0008809248011805874,
            0.001022154152601115,
            0.001288596942019677,
            0.0011226286981570136,
            0.0009276400303480496,
            0.0007804859450853856,
            0.0007515368196114384,
            0.000790454361611975,
            0.0005941469456123226,
            0.0006922871774476936,
            0.001057747491757006,
            0.000656008185267543,
            0.0006079691484178604,
            0.0004784329804201062,
            0.00048032590953020563,
            0.000610645319531675,
            0.0005304568010157688,
            0.00045624156237581006,
            0.000414788967717502,
            0.0003518912954027331,
            0.000421557526828827,
            0.00040195370726445027
        ]
    },
    "train_oa": {
        "type": "index_value",
        "index": [
            10,
            20,
            30,
            40,
            50
        ],
        "value": [
            95.41498620250478,
            96.20038208448312,
            96.55062619401401,
            96.5930800254723,
            96.48694544682658
        ]
    },
    "train_aa": {
        "type": "index_value",
        "index": [
            10,
            20,
            30,
            40,
            50
        ],
        "value": [
            97.38108908929351,
            98.25666751378756,
            98.37459381566892,
            98.36741649156716,
            98.38025851748127
        ]
    },
    "train_kappa": {
        "type": "index_value",
        "index": [
            10,
            20,
            30,
            40,
            50
        ],
        "value": [
            94.74866084403308,
            95.64174875975144,
            96.04189399563533,
            96.09021869402848,
            95.96970006458054
        ]
    },
    "param": {
        "data": {
            "data_sign": "Indian",
            "data_file": "Indian_60",
            "diffusion_sign": false,
            "patch_size": 13,
            "test_ratio": 0.95,
            "batch_size": 64,
            "num_classes": 16,
            "pca": 30,
            "dim_heads": 64,
            "spectral_size": 30,
            "append_dim": true
        },
        "net": {
            "trainer": "ssftt",
            "conv2d_out": 64,
            "dim": 64
        },
        "train": {
            "epochs": 50,
            "lr": 0.001,
            "weight_decay": 0
        },
        "uniq_name": "indian_ssftt.json_60_0"
    },
    "eval": {
        "classification": "                              precision    recall  f1-score   support\n\n                     Alfalfa     0.9583    1.0000    0.9787        23\n                 Corn-notill     0.9770    0.9642    0.9706      1368\n                Corn-mintill     0.9986    0.9597    0.9788       770\n                        Corn     0.9355    0.9831    0.9587       177\n               Grass-pasture     0.9303    0.9787    0.9539       423\n                 Grass-trees     0.9525    0.9881    0.9700       670\n         Grass-pasture-mowed     0.9333    1.0000    0.9655        14\n               Hay-windrowed     0.9929    1.0000    0.9964       418\n                        Oats     0.4167    1.0000    0.5882        10\n              Soybean-notill     0.8691    0.9978    0.9290       912\n             Soybean-mintill     0.9964    0.9219    0.9577      2395\n               Soybean-clean     0.9627    0.9681    0.9654       533\n                       Wheat     0.9236    1.0000    0.9603       145\n                       Woods     0.9941    0.9793    0.9866      1205\nBuildings-Grass-Trees-Drives     0.9617    1.0000    0.9805       326\n\n                   micro avg     0.9655    0.9647    0.9651      9389\n                   macro avg     0.9202    0.9827    0.9427      9389\n                weighted avg     0.9686    0.9647    0.9656      9389\n",
        "oa": 96.48694544682658,
        "confusion": "[[  23    0    0    0    0    0    0    0    0    0    0    0    0    0\n     0    0]\n [   1 1319    0    0    0   15    0    0    0   20    0    4    0    0\n     9    0]\n [   0    1  739    3    4    0    0    0   14    0    1    1    7    0\n     0    0]\n [   0    0    0  174    0    0    0    0    0    0    0    3    0    0\n     0    0]\n [   0    0    0    0  414    0    1    0    0    8    0    0    0    0\n     0    0]\n [   0    0    0    1    0  662    0    0    0    0    7    0    0    0\n     0    0]\n [   0    0    0    0    0    0   14    0    0    0    0    0    0    0\n     0    0]\n [   0    0    0    0    0    0    0  418    0    0    0    0    0    0\n     0    0]\n [   0    0    0    0    0    0    0    0   10    0    0    0    0    0\n     0    0]\n [   0    1    0    0    1    0    0    0    0  910    0    0    0    0\n     0    0]\n [   0   29    1    0    6   18    0    0    0  109 2208   11    5    7\n     1    0]\n [   0    0    0    8    0    0    0    0    0    0    0  516    0    0\n     2    7]\n [   0    0    0    0    0    0    0    0    0    0    0    0  145    0\n     0    0]\n [   0    0    0    0   20    0    0    3    0    0    0    1    0 1180\n     1    0]\n [   0    0    0    0    0    0    0    0    0    0    0    0    0    0\n   326    0]\n [   0    0    0    0    0    0    0    0    0    0    0    0    0    0\n     0   33]]",
        "each_acc": "[100.          96.41812865  95.97402597  98.30508475  97.87234043\n  98.80597015 100.         100.         100.          99.78070175\n  92.19206681  96.81050657 100.          97.9253112  100.\n 100.        ]",
        "aa": 98.38025851748127,
        "kappa": 95.96970006458054
    }
}