{
    "epoch_loss": {
        "type": "index_value",
        "index": [
            1,
            2,
            3,
            4,
            5,
            6,
            7,
            8,
            9,
            10,
            11,
            12,
            13,
            14,
            15,
            16,
            17,
            18,
            19,
            20,
            21,
            22,
            23,
            24,
            25,
            26,
            27,
            28,
            29,
            30,
            31,
            32,
            33,
            34,
            35,
            36,
            37,
            38,
            39,
            40,
            41,
            42,
            43,
            44,
            45,
            46,
            47,
            48,
            49,
            50
        ],
        "value": [
            2.634346580505371,
            1.9021041631698608,
            1.4793543100357056,
            1.1349315166473388,
            0.8580974817276001,
            0.632326352596283,
            0.48419644832611086,
            0.3244472861289978,
            0.22179968059062957,
            0.1480574354529381,
            0.0978355959057808,
            0.07953718453645706,
            0.047341138869524,
            0.04185150489211083,
            0.025617172196507453,
            0.020445758104324342,
            0.01702206991612911,
            0.016040341183543205,
            0.01602246817201376,
            0.009547008387744426,
            0.009678180888295173,
            0.008786240406334401,
            0.007740169856697321,
            0.00782783403992653,
            0.008016139175742865,
            0.006980906240642071,
            0.005982491839677096,
            0.007276260387152433,
            0.006059614196419716,
            0.006019955687224865,
            0.004903659410774708,
            0.004953403584659099,
            0.005687407404184342,
            0.004179682768881321,
            0.004021843429654837,
            0.004150808602571487,
            0.003965831734240055,
            0.004351493809372187,
            0.0034425588324666022,
            0.003337394818663597,
            0.003288885485380888,
            0.002852623211219907,
            0.003566917311400175,
            0.00289712343364954,
            0.0034135415218770502,
            0.0032235058024525642,
            0.002926292736083269,
            0.003100593714043498,
            0.0030674700159579516,
            0.0022473289165645836
        ]
    },
    "train_oa": {
        "type": "index_value",
        "index": [
            10,
            20,
            30,
            40,
            50
        ],
        "value": [
            79.06630984240262,
            82.14887501238974,
            80.56298939438993,
            81.40549112895232,
            81.5839032609773
        ]
    },
    "train_aa": {
        "type": "index_value",
        "index": [
            10,
            20,
            30,
            40,
            50
        ],
        "value": [
            87.3487985857501,
            90.23283812695718,
            90.7129322312689,
            90.77717090613578,
            90.94737897597386
        ]
    },
    "train_kappa": {
        "type": "index_value",
        "index": [
            10,
            20,
            30,
            40,
            50
        ],
        "value": [
            76.13213871827354,
            79.79065160887656,
            78.10842459991821,
            79.10404667736708,
            79.24878717066015
        ]
    },
    "param": {
        "data": {
            "data_sign": "Indian",
            "data_file": "Indian_10",
            "diffusion_sign": false,
            "patch_size": 13,
            "test_ratio": 0.95,
            "batch_size": 64,
            "num_classes": 16,
            "pca": 30,
            "dim_heads": 64,
            "spectral_size": 30,
            "append_dim": true
        },
        "net": {
            "trainer": "ssftt",
            "conv2d_out": 64,
            "dim": 64
        },
        "train": {
            "epochs": 50,
            "lr": 0.001,
            "weight_decay": 0
        },
        "uniq_name": "indian_ssftt.json_10_1"
    },
    "eval": {
        "classification": "                              precision    recall  f1-score   support\n\n                     Alfalfa     0.9231    1.0000    0.9600        36\n                 Corn-notill     0.8626    0.6375    0.7332      1418\n                Corn-mintill     0.8508    0.8207    0.8355       820\n                        Corn     0.5553    0.9515    0.7013       227\n               Grass-pasture     0.8902    0.9260    0.9078       473\n                 Grass-trees     0.8779    0.9083    0.8928       720\n         Grass-pasture-mowed     0.4500    1.0000    0.6207        18\n               Hay-windrowed     0.9915    1.0000    0.9957       468\n                        Oats     0.1064    1.0000    0.1923        10\n              Soybean-notill     0.6812    0.7640    0.7202       962\n             Soybean-mintill     0.8450    0.6888    0.7589      2445\n               Soybean-clean     0.7887    0.8834    0.8333       583\n                       Wheat     0.7708    1.0000    0.8705       195\n                       Woods     0.9104    0.9793    0.9436      1255\nBuildings-Grass-Trees-Drives     0.7343    0.9920    0.8439       376\n\n                   micro avg     0.8192    0.8143    0.8168     10006\n                   macro avg     0.7492    0.9034    0.7873     10006\n                weighted avg     0.8351    0.8143    0.8170     10006\n",
        "oa": 81.5839032609773,
        "confusion": "[[  36    0    0    0    0    0    0    0    0    0    0    0    0    0\n     0    0]\n [   3  904    7    0    1   17    0    1    7  146  237    1    0   46\n    36   12]\n [   0    4  673   33   12    0    0    0   15    2    1   25   55    0\n     0    0]\n [   0    6    0  216    0    0    0    0    0    0    0    1    0    0\n     3    1]\n [   0    0    8    0  438    0    8    0    0    0    0    1    0   18\n     0    0]\n [   0    2    0    0    0  654    0    0   60    0    0    0    0    4\n     0    0]\n [   0    0    0    0    0    0   18    0    0    0    0    0    0    0\n     0    0]\n [   0    0    0    0    0    0    0  468    0    0    0    0    0    0\n     0    0]\n [   0    0    0    0    0    0    0    0   10    0    0    0    0    0\n     0    0]\n [   0   55   45    0   24    0    0    0    0  735   69    3    0   17\n    14    0]\n [   0   77   56  133   15   74   14    1    2  191 1684  107    3   36\n    52    0]\n [   0    0    1    7    0    0    0    0    0    3    0  515    0    0\n    10   47]\n [   0    0    0    0    0    0    0    0    0    0    0    0  195    0\n     0    0]\n [   0    0    0    0    0    0    0    2    0    2    2    0    0 1229\n    20    0]\n [   0    0    1    0    2    0    0    0    0    0    0    0    0    0\n   373    0]\n [   0    0    0    0    0    0    0    0    0    0    0    0    0    0\n     0   83]]",
        "each_acc": "[100.          63.75176305  82.07317073  95.15418502  92.60042283\n  90.83333333 100.         100.         100.          76.4033264\n  68.87525562  88.33619211 100.          97.92828685  99.20212766\n 100.        ]",
        "aa": 90.94737897597386,
        "kappa": 79.24878717066015
    }
}