{
    "epoch_loss": {
        "type": "index_value",
        "index": [
            1,
            2,
            3,
            4,
            5,
            6,
            7,
            8,
            9,
            10,
            11,
            12,
            13,
            14,
            15,
            16,
            17,
            18,
            19,
            20,
            21,
            22,
            23,
            24,
            25,
            26,
            27,
            28,
            29,
            30,
            31,
            32,
            33,
            34,
            35,
            36,
            37,
            38,
            39,
            40,
            41,
            42,
            43,
            44,
            45,
            46,
            47,
            48,
            49,
            50
        ],
        "value": [
            1.6840328379235423,
            0.6001326575984277,
            0.2680168238739982,
            0.14567302377620087,
            0.10442821890925415,
            0.055897497666402174,
            0.04286266114395365,
            0.027457363666069295,
            0.03307640779658358,
            0.037369060765099375,
            0.018972500006482394,
            0.014822591972014748,
            0.013621254155534935,
            0.018552126643435723,
            0.014824485800899526,
            0.005867726725205981,
            0.009178222324932725,
            0.00720080801445403,
            0.009441629926554368,
            0.006296803351966596,
            0.003982104853480712,
            0.003992686737153597,
            0.009341647243175885,
            0.005796324897191585,
            0.01286223446590244,
            0.009487499863438721,
            0.03964857267392965,
            0.06180775709169972,
            0.020552410204021907,
            0.010965954286825834,
            0.012136546958772157,
            0.005996559738778084,
            0.005153430206360551,
            0.0032649030863933165,
            0.0024148970652593527,
            0.0013379308579016629,
            0.0007857398567682321,
            0.0006522550669721597,
            0.0007132050436395907,
            0.000517605824799636,
            0.00048131792038015424,
            0.0004561801075223977,
            0.0003720230078108146,
            0.0003828424118279675,
            0.0003394571615071858,
            0.00030607086519164286,
            0.00027172082373721557,
            0.0003292900407189297,
            0.0002742953439264548,
            0.00023812742436646756
        ]
    },
    "train_oa": {
        "type": "index_value",
        "index": [
            10,
            20,
            30,
            40,
            50
        ],
        "value": [
            94.36074042186827,
            96.16874730951356,
            95.12483857081361,
            95.66293585880327,
            95.81360309944039
        ]
    },
    "train_aa": {
        "type": "index_value",
        "index": [
            10,
            20,
            30,
            40,
            50
        ],
        "value": [
            95.84808412178587,
            97.61874168083379,
            96.97135971694303,
            97.25811477557814,
            97.2856254758375
        ]
    },
    "train_kappa": {
        "type": "index_value",
        "index": [
            10,
            20,
            30,
            40,
            50
        ],
        "value": [
            93.46218162948028,
            95.58482026367334,
            94.38814200565453,
            95.00810709559192,
            95.17921989073334
        ]
    },
    "param": {
        "data": {
            "data_sign": "Indian",
            "data_file": "Indian_70",
            "diffusion_sign": false,
            "patch_size": 13,
            "test_ratio": 0.95,
            "batch_size": 64,
            "num_classes": 16,
            "pca": 30,
            "dim_heads": 64,
            "spectral_size": 30,
            "append_dim": true
        },
        "net": {
            "trainer": "ssftt",
            "conv2d_out": 64,
            "dim": 64
        },
        "train": {
            "epochs": 50,
            "lr": 0.001,
            "weight_decay": 0
        },
        "uniq_name": "indian_ssftt.json_70_0"
    },
    "eval": {
        "classification": "                              precision    recall  f1-score   support\n\n                     Alfalfa     0.7188    1.0000    0.8364        23\n                 Corn-notill     0.9608    0.9205    0.9402      1358\n                Corn-mintill     0.9840    0.9711    0.9775       760\n                        Corn     0.8107    1.0000    0.8954       167\n               Grass-pasture     0.9778    0.9588    0.9682       413\n                 Grass-trees     0.9369    0.9894    0.9624       660\n         Grass-pasture-mowed     0.9333    1.0000    0.9655        14\n               Hay-windrowed     1.0000    1.0000    1.0000       408\n                        Oats     1.0000    1.0000    1.0000        10\n              Soybean-notill     0.8952    0.9379    0.9161       902\n             Soybean-mintill     0.9818    0.9522    0.9668      2385\n               Soybean-clean     0.9477    0.9006    0.9235       523\n                       Wheat     1.0000    0.9926    0.9963       135\n                       Woods     0.9810    0.9925    0.9867      1195\nBuildings-Grass-Trees-Drives     0.9602    0.9937    0.9767       316\n\n                   micro avg     0.9602    0.9581    0.9592      9269\n                   macro avg     0.9392    0.9739    0.9541      9269\n                weighted avg     0.9616    0.9581    0.9594      9269\n",
        "oa": 95.81360309944039,
        "confusion": "[[  23    0    0    0    0    0    0    0    0    0    0    0    0    0\n     0    0]\n [   6 1250    0    0    0    6    0    0    0   64   13    9    0    5\n     5    0]\n [   0    0  738   17    0    0    0    0    0    0    0    5    0    0\n     0    0]\n [   0    0    0  167    0    0    0    0    0    0    0    0    0    0\n     0    0]\n [   0    0    0    0  396    0    1    0    0    0    0    2    0   14\n     0    0]\n [   0    0    0    2    0  653    0    0    0    0    4    0    0    1\n     0    0]\n [   0    0    0    0    0    0   14    0    0    0    0    0    0    0\n     0    0]\n [   0    0    0    0    0    0    0  408    0    0    0    0    0    0\n     0    0]\n [   0    0    0    0    0    0    0    0   10    0    0    0    0    0\n     0    0]\n [   3   14   11    0    0    0    0    0    0  846   21    4    0    3\n     0    0]\n [   0   37    0    0    6   38    0    0    0   30 2271    3    0    0\n     0    0]\n [   0    0    0   20    0    0    0    0    0    5    3  471    0    0\n     3   21]\n [   0    0    1    0    0    0    0    0    0    0    0    0  134    0\n     0    0]\n [   0    0    0    0    3    0    0    0    0    0    1    0    0 1186\n     5    0]\n [   0    0    0    0    0    0    0    0    0    0    0    2    0    0\n   314    0]\n [   0    0    0    0    0    0    0    0    0    0    0    1    0    0\n     0   22]]",
        "each_acc": "[100.          92.04712813  97.10526316 100.          95.88377724\n  98.93939394 100.         100.         100.          93.79157428\n  95.22012579  90.05736138  99.25925926  99.24686192  99.36708861\n  95.65217391]",
        "aa": 97.2856254758375,
        "kappa": 95.17921989073334
    }
}