{
    "epoch_loss": {
        "type": "index_value",
        "index": [
            1,
            2,
            3,
            4,
            5,
            6,
            7,
            8,
            9,
            10,
            11,
            12,
            13,
            14,
            15,
            16,
            17,
            18,
            19,
            20,
            21,
            22,
            23,
            24,
            25,
            26,
            27,
            28,
            29,
            30,
            31,
            32,
            33,
            34,
            35,
            36,
            37,
            38,
            39,
            40,
            41,
            42,
            43,
            44,
            45,
            46,
            47,
            48,
            49,
            50
        ],
        "value": [
            2.2229713609626702,
            1.2605950821627367,
            0.7948772477674054,
            0.4332066300484511,
            0.22558360365596977,
            0.12856235529656881,
            0.07894098637877284,
            0.0415705145747812,
            0.027815583254302945,
            0.01933200893973982,
            0.015402232775011578,
            0.010445955477923423,
            0.009132719875590221,
            0.008919659448233811,
            0.008324567824266516,
            0.007552887619313624,
            0.005214583441229151,
            0.004475465359015239,
            0.004751542180373862,
            0.00542653159464936,
            0.004167394974764,
            0.003732290764985321,
            0.0036377112091695134,
            0.0028900514725964887,
            0.002471345053096344,
            0.002518038384968767,
            0.0021344979696378513,
            0.002545453737036803,
            0.0020167883422628446,
            0.0017994207734879743,
            0.0019311821056731246,
            0.001701895660418715,
            0.0013768617860838636,
            0.0015496467785523819,
            0.0013833489847948422,
            0.0013240851264715464,
            0.001620348078316195,
            0.0014631647662771447,
            0.0011124645584254518,
            0.0011441211440592065,
            0.001315906934381404,
            0.0009585523438799355,
            0.001079152518073684,
            0.001023464475397591,
            0.0010256066090880416,
            0.0009022436009275283,
            0.0008049635525985814,
            0.0009255039407074586,
            0.0007227424564687451,
            0.0007987205318787748
        ]
    },
    "train_oa": {
        "type": "index_value",
        "index": [
            10,
            20,
            30,
            40,
            50
        ],
        "value": [
            93.85007649158592,
            94.67618561958184,
            94.49260581336053,
            94.2682304946456,
            94.5945945945946
        ]
    },
    "train_aa": {
        "type": "index_value",
        "index": [
            10,
            20,
            30,
            40,
            50
        ],
        "value": [
            96.46102118634731,
            96.87958796340305,
            96.85522373080929,
            96.6447447882097,
            96.90472893701158
        ]
    },
    "train_kappa": {
        "type": "index_value",
        "index": [
            10,
            20,
            30,
            40,
            50
        ],
        "value": [
            92.95774983407148,
            93.91075793105514,
            93.70511983586682,
            93.44918466011633,
            93.82178064231962
        ]
    },
    "param": {
        "data": {
            "data_sign": "Indian",
            "data_file": "Indian_30",
            "diffusion_sign": false,
            "patch_size": 13,
            "test_ratio": 0.95,
            "batch_size": 64,
            "num_classes": 16,
            "pca": 30,
            "dim_heads": 64,
            "spectral_size": 30,
            "append_dim": true
        },
        "net": {
            "trainer": "ssftt",
            "conv2d_out": 64,
            "dim": 64
        },
        "train": {
            "epochs": 50,
            "lr": 0.001,
            "weight_decay": 0
        },
        "uniq_name": "indian_ssftt.json_30_3"
    },
    "eval": {
        "classification": "                              precision    recall  f1-score   support\n\n                     Alfalfa     0.9412    1.0000    0.9697        16\n                 Corn-notill     0.9596    0.9342    0.9467      1398\n                Corn-mintill     0.9333    0.9613    0.9470       800\n                        Corn     0.9409    1.0000    0.9696       207\n               Grass-pasture     0.9775    0.9603    0.9688       453\n                 Grass-trees     0.9392    0.9929    0.9653       700\n         Grass-pasture-mowed     1.0000    1.0000    1.0000        14\n               Hay-windrowed     0.9846    1.0000    0.9922       448\n                        Oats     0.5000    1.0000    0.6667        10\n              Soybean-notill     0.9241    0.8524    0.8868       942\n             Soybean-mintill     0.9724    0.9303    0.9509      2425\n               Soybean-clean     0.8514    0.8952    0.8727       563\n                       Wheat     0.9067    1.0000    0.9511       175\n                       Woods     0.9831    0.9895    0.9863      1235\nBuildings-Grass-Trees-Drives     0.8866    0.9888    0.9349       356\n\n                   micro avg     0.9487    0.9456    0.9472      9742\n                   macro avg     0.9134    0.9670    0.9339      9742\n                weighted avg     0.9500    0.9456    0.9471      9742\n",
        "oa": 94.5945945945946,
        "confusion": "[[  16    0    0    0    0    0    0    0    0    0    0    0    0    0\n     0    0]\n [   1 1306    6    0    0   10    0    0    0   14   14   23    0    6\n    18    0]\n [   0    0  769    1    4    0    0    0    6    7    0    0    9    0\n     4    0]\n [   0    0    0  207    0    0    0    0    0    0    0    0    0    0\n     0    0]\n [   0    0   13    0  435    0    0    0    0    0    0    5    0    0\n     0    0]\n [   0    0    0    0    0  695    0    0    0    0    1    0    0    1\n     3    0]\n [   0    0    0    0    0    0   14    0    0    0    0    0    0    0\n     0    0]\n [   0    0    0    0    0    0    0  448    0    0    0    0    0    0\n     0    0]\n [   0    0    0    0    0    0    0    0   10    0    0    0    0    0\n     0    0]\n [   0   31    0    0    6    0    0    5    0  803   37   39    0    5\n     2   14]\n [   0   24   14    0    0   32    0    0    0   45 2256   19    9    9\n    17    0]\n [   0    0   21   12    0    3    0    0    4    0    2  504    0    0\n     0   17]\n [   0    0    0    0    0    0    0    0    0    0    0    0  175    0\n     0    0]\n [   0    0    0    0    0    0    0    2    0    0   10    0    0 1222\n     1    0]\n [   0    0    1    0    0    0    0    0    0    0    0    2    0    0\n   352    1]\n [   0    0    0    0    0    0    0    0    0    0    0    0    0    0\n     0   63]]",
        "each_acc": "[100.          93.41917024  96.125      100.          96.02649007\n  99.28571429 100.         100.         100.          85.24416136\n  93.03092784  89.52042629 100.          98.94736842  98.87640449\n 100.        ]",
        "aa": 96.90472893701158,
        "kappa": 93.82178064231962
    }
}