{
    "epoch_loss": {
        "type": "index_value",
        "index": [
            1,
            2,
            3,
            4,
            5,
            6,
            7,
            8,
            9,
            10,
            11,
            12,
            13,
            14,
            15,
            16,
            17,
            18,
            19,
            20,
            21,
            22,
            23,
            24,
            25,
            26,
            27,
            28,
            29,
            30,
            31,
            32,
            33,
            34,
            35,
            36,
            37,
            38,
            39,
            40,
            41,
            42,
            43,
            44,
            45,
            46,
            47,
            48,
            49,
            50
        ],
        "value": [
            1.791569437196494,
            0.717063737102979,
            0.3477803493569523,
            0.1733635187311213,
            0.09014102740904728,
            0.06280143925201648,
            0.04129138243178575,
            0.023926939288246588,
            0.018976601228081907,
            0.021779468446348354,
            0.019427193560724247,
            0.01426441296754898,
            0.01967516006561764,
            0.012687620897737964,
            0.007084242859911601,
            0.005827393531438949,
            0.012088898993620903,
            0.011130051405823361,
            0.014033189050159546,
            0.020157310041005495,
            0.010243839229273518,
            0.01131211560525838,
            0.008807259777891917,
            0.004320801559783869,
            0.0025450623458523882,
            0.0018869564346822728,
            0.0013025717299089215,
            0.001474124485876821,
            0.0013373329273471215,
            0.0008725807503735176,
            0.00079905794038997,
            0.0009006701078026037,
            0.0007356301311402387,
            0.0006237425911775199,
            0.000689368228514779,
            0.0006648131542469734,
            0.0005599925129256575,
            0.000521264541311417,
            0.0006474453594888636,
            0.000502987843078078,
            0.000510699884288076,
            0.0005639786591320924,
            0.0004670731497727483,
            0.0004486094429588425,
            0.0005595266835962815,
            0.00035582640299240204,
            0.00045788115604995707,
            0.0003652349415662031,
            0.000351843128440155,
            0.0003788567046725508
        ]
    },
    "train_oa": {
        "type": "index_value",
        "index": [
            10,
            20,
            30,
            40,
            50
        ],
        "value": [
            96.70982806198259,
            95.78645722776481,
            96.81596264062831,
            96.83718955635746,
            96.92209721927404
        ]
    },
    "train_aa": {
        "type": "index_value",
        "index": [
            10,
            20,
            30,
            40,
            50
        ],
        "value": [
            98.43133589031919,
            97.99290064677595,
            98.52822112255996,
            98.5907915147538,
            98.59974848628768
        ]
    },
    "train_kappa": {
        "type": "index_value",
        "index": [
            10,
            20,
            30,
            40,
            50
        ],
        "value": [
            96.22311830164278,
            95.16448656434328,
            96.34426543597253,
            96.3695899166579,
            96.4663530435044
        ]
    },
    "param": {
        "data": {
            "data_sign": "Indian",
            "data_file": "Indian_60",
            "diffusion_sign": false,
            "patch_size": 13,
            "test_ratio": 0.95,
            "batch_size": 64,
            "num_classes": 16,
            "pca": 30,
            "dim_heads": 64,
            "spectral_size": 30,
            "append_dim": true
        },
        "net": {
            "trainer": "ssftt",
            "conv2d_out": 64,
            "dim": 64
        },
        "train": {
            "epochs": 50,
            "lr": 0.001,
            "weight_decay": 0
        },
        "uniq_name": "indian_ssftt.json_60_3"
    },
    "eval": {
        "classification": "                              precision    recall  f1-score   support\n\n                     Alfalfa     0.8846    1.0000    0.9388        23\n                 Corn-notill     0.9722    0.9722    0.9722      1368\n                Corn-mintill     0.9700    0.9649    0.9674       770\n                        Corn     0.9465    1.0000    0.9725       177\n               Grass-pasture     0.9741    0.9764    0.9752       423\n                 Grass-trees     0.9640    1.0000    0.9817       670\n         Grass-pasture-mowed     0.9333    1.0000    0.9655        14\n               Hay-windrowed     0.9929    1.0000    0.9964       418\n                        Oats     0.5263    1.0000    0.6897        10\n              Soybean-notill     0.8826    0.9814    0.9294       912\n             Soybean-mintill     0.9960    0.9286    0.9611      2395\n               Soybean-clean     0.9695    0.9550    0.9622       533\n                       Wheat     1.0000    1.0000    1.0000       145\n                       Woods     1.0000    0.9975    0.9988      1205\nBuildings-Grass-Trees-Drives     0.9702    1.0000    0.9849       326\n\n                   micro avg     0.9705    0.9691    0.9698      9389\n                   macro avg     0.9322    0.9851    0.9531      9389\n                weighted avg     0.9724    0.9691    0.9700      9389\n",
        "oa": 96.92209721927404,
        "confusion": "[[  23    0    0    0    0    0    0    0    0    0    0    0    0    0\n     0    0]\n [   1 1330    0    0    0   15    0    0    0    6    2    4    0    0\n     1    9]\n [   0    2  743    0   11    0    0    0    8    0    0    6    0    0\n     0    0]\n [   0    0    0  177    0    0    0    0    0    0    0    0    0    0\n     0    0]\n [   0    0    0    0  413    0    1    0    0    9    0    0    0    0\n     0    0]\n [   0    0    0    0    0  670    0    0    0    0    0    0    0    0\n     0    0]\n [   0    0    0    0    0    0   14    0    0    0    0    0    0    0\n     0    0]\n [   0    0    0    0    0    0    0  418    0    0    0    0    0    0\n     0    0]\n [   0    0    0    0    0    0    0    0   10    0    0    0    0    0\n     0    0]\n [   2    6    0    0    0    0    0    0    0  895    7    2    0    0\n     0    0]\n [   0   30   23    0    0   10    0    0    0  104 2224    4    0    0\n     0    0]\n [   0    0    0   10    0    0    0    0    1    0    0  509    0    0\n     9    4]\n [   0    0    0    0    0    0    0    0    0    0    0    0  145    0\n     0    0]\n [   0    0    0    0    0    0    0    3    0    0    0    0    0 1202\n     0    0]\n [   0    0    0    0    0    0    0    0    0    0    0    0    0    0\n   326    0]\n [   0    0    0    0    0    0    0    0    0    0    0    0    0    0\n     0   33]]",
        "each_acc": "[100.          97.22222222  96.49350649 100.          97.63593381\n 100.         100.         100.         100.          98.13596491\n  92.86012526  95.49718574 100.          99.75103734 100.\n 100.        ]",
        "aa": 98.59974848628768,
        "kappa": 96.4663530435044
    }
}