{
    "epoch_loss": {
        "type": "index_value",
        "index": [
            1,
            2,
            3,
            4,
            5,
            6,
            7,
            8,
            9,
            10,
            11,
            12,
            13,
            14,
            15,
            16,
            17,
            18,
            19,
            20,
            21,
            22,
            23,
            24,
            25,
            26,
            27,
            28,
            29,
            30,
            31,
            32,
            33,
            34,
            35,
            36,
            37,
            38,
            39,
            40,
            41,
            42,
            43,
            44,
            45,
            46,
            47,
            48,
            49,
            50
        ],
        "value": [
            2.4400158113048924,
            1.565336142047759,
            1.0962764532335343,
            0.7484942305472589,
            0.5361879119949956,
            0.3687812924385071,
            0.2500362831738687,
            0.1524368833149633,
            0.11644537573860538,
            0.07192211054986523,
            0.05263861929697375,
            0.03545577038199671,
            0.02358178913352951,
            0.018327360287789377,
            0.01432495380361234,
            0.012521902748173283,
            0.010052850037332504,
            0.009868929721415043,
            0.007608333007702904,
            0.007465446259706251,
            0.006951824188112251,
            0.006292125600720605,
            0.005278049175056719,
            0.006224613181585747,
            0.003861233802332032,
            0.004592053865593288,
            0.004213724675918779,
            0.0042360093925268415,
            0.004166873023214359,
            0.0032159130404432936,
            0.003607791145482371,
            0.00335313942013008,
            0.0027195214894750424,
            0.0028073865229323986,
            0.0027726049805360457,
            0.0026425335916780658,
            0.002185207895273643,
            0.002048424963328627,
            0.002268255632671137,
            0.0024513325278436946,
            0.002056440560808105,
            0.0020692327705722664,
            0.0020469347195279214,
            0.0015260201022629777,
            0.0018231953441676112,
            0.001698767643181547,
            0.0016227261621444937,
            0.001840116109158243,
            0.0013241874316947595,
            0.0016409401053322419
        ]
    },
    "train_oa": {
        "type": "index_value",
        "index": [
            10,
            20,
            30,
            40,
            50
        ],
        "value": [
            83.80118724217728,
            88.27849884294194,
            87.91628936512727,
            87.98671898581347,
            87.64463225676627
        ]
    },
    "train_aa": {
        "type": "index_value",
        "index": [
            10,
            20,
            30,
            40,
            50
        ],
        "value": [
            91.03334332794523,
            93.56473486935434,
            93.64719111384572,
            93.75336081751749,
            93.59469885540616
        ]
    },
    "train_kappa": {
        "type": "index_value",
        "index": [
            10,
            20,
            30,
            40,
            50
        ],
        "value": [
            81.64132389613255,
            86.66806453775298,
            86.29871717743866,
            86.37306527677782,
            85.99265458277408
        ]
    },
    "param": {
        "data": {
            "data_sign": "Indian",
            "data_file": "Indian_20",
            "diffusion_sign": false,
            "patch_size": 13,
            "test_ratio": 0.95,
            "batch_size": 64,
            "num_classes": 16,
            "pca": 30,
            "dim_heads": 64,
            "spectral_size": 30,
            "append_dim": true
        },
        "net": {
            "trainer": "ssftt",
            "conv2d_out": 64,
            "dim": 64
        },
        "train": {
            "epochs": 50,
            "lr": 0.001,
            "weight_decay": 0
        },
        "uniq_name": "indian_ssftt.json_20_4"
    },
    "eval": {
        "classification": "                              precision    recall  f1-score   support\n\n                     Alfalfa     0.8387    1.0000    0.9123        26\n                 Corn-notill     0.8111    0.8722    0.8405      1408\n                Corn-mintill     0.9332    0.8790    0.9053       810\n                        Corn     0.5913    1.0000    0.7432       217\n               Grass-pasture     0.8789    0.9244    0.9011       463\n                 Grass-trees     0.9124    0.9676    0.9392       710\n         Grass-pasture-mowed     0.4444    1.0000    0.6154         8\n               Hay-windrowed     0.9724    1.0000    0.9860       458\n                        Oats     0.2041    1.0000    0.3390        10\n              Soybean-notill     0.8495    0.8897    0.8692       952\n             Soybean-mintill     0.9463    0.8029    0.8687      2435\n               Soybean-clean     0.8714    0.7923    0.8300       573\n                       Wheat     0.8222    1.0000    0.9024       185\n                       Woods     0.9944    0.8498    0.9164      1245\nBuildings-Grass-Trees-Drives     0.6939    0.9973    0.8184       366\n\n                   micro avg     0.8768    0.8755    0.8762      9866\n                   macro avg     0.7843    0.9317    0.8258      9866\n                weighted avg     0.8930    0.8755    0.8789      9866\n",
        "oa": 87.64463225676627,
        "confusion": "[[  26    0    0    0    0    0    0    0    0    0    0    0    0    0\n     0    0]\n [   1 1228    6  103    0    3    0    0    0   20   25   11    2    0\n     9    0]\n [   0   17  712    0   15    0    0    0   19    3   13    0   30    1\n     0    0]\n [   0    0    0  217    0    0    0    0    0    0    0    0    0    0\n     0    0]\n [   0    0   14    0  428    0    6    0    1    5    0    0    8    1\n     0    0]\n [   0    2    8    0    2  687    0    0   11    0    0    0    0    0\n     0    0]\n [   0    0    0    0    0    0    8    0    0    0    0    0    0    0\n     0    0]\n [   0    0    0    0    0    0    0  458    0    0    0    0    0    0\n     0    0]\n [   0    0    0    0    0    0    0    0   10    0    0    0    0    0\n     0    0]\n [   4   62    0    0    0    1    0    0    0  847   38    0    0    0\n     0    0]\n [   0  192   19    3    4   59    4    8    4  122 1955   56    0    4\n     5    0]\n [   0    0    4   44    3    3    0    0    4    0   29  454    0    0\n    18   14]\n [   0    0    0    0    0    0    0    0    0    0    0    0  185    0\n     0    0]\n [   0   12    0    0   35    0    0    5    0    0    6    0    0 1058\n   129    0]\n [   0    1    0    0    0    0    0    0    0    0    0    0    0    0\n   365    0]\n [   0    0    0    0    0    0    0    0    0    0    0    0    0    0\n     0   73]]",
        "each_acc": "[100.          87.21590909  87.90123457 100.          92.44060475\n  96.76056338 100.         100.         100.          88.97058824\n  80.28747433  79.23211169 100.          84.97991968  99.72677596\n 100.        ]",
        "aa": 93.59469885540616,
        "kappa": 85.99265458277408
    }
}