{
    "epoch_loss": {
        "type": "index_value",
        "index": [
            1,
            2,
            3,
            4,
            5,
            6,
            7,
            8,
            9,
            10,
            11,
            12,
            13,
            14,
            15,
            16,
            17,
            18,
            19,
            20,
            21,
            22,
            23,
            24,
            25,
            26,
            27,
            28,
            29,
            30,
            31,
            32,
            33,
            34,
            35,
            36,
            37,
            38,
            39,
            40,
            41,
            42,
            43,
            44,
            45,
            46,
            47,
            48,
            49,
            50
        ],
        "value": [
            2.1662958958377576,
            1.0609357324365067,
            0.5566598683187406,
            0.32063465044923023,
            0.19629599623484154,
            0.15231232875830505,
            0.10274546754176486,
            0.07310502425040284,
            0.04574700557205775,
            0.03039951204028848,
            0.023219488459090665,
            0.020596049317758377,
            0.017413875266705472,
            0.04896241538736918,
            0.11789351313898008,
            0.12760467112880863,
            0.0980854863173341,
            0.05397698061209019,
            0.02996667699046331,
            0.06453871002344236,
            0.08488294359755842,
            0.03633513720068213,
            0.04859075215581345,
            0.02484750824227725,
            0.03154833665857577,
            0.03138348210143716,
            0.024777614007614655,
            0.009627369066623792,
            0.010755117038545543,
            0.021827692293549236,
            0.007732535356796053,
            0.01290790651197711,
            0.010919021812510001,
            0.04972035664911956,
            0.05101326610637854,
            0.05196569512968194,
            0.009054290513469749,
            0.013291743150210544,
            0.009427203694741204,
            0.0049890781408303405,
            0.00396115321359814,
            0.003981898666346726,
            0.0060188323323142855,
            0.07730367210731931,
            0.03693585773955469,
            0.05379488569212287,
            0.03740616836776472,
            0.05485020912163062,
            0.03750917710976241,
            0.011616179770598672
        ]
    },
    "train_oa": {
        "type": "index_value",
        "index": [
            10,
            20,
            30,
            40,
            50
        ],
        "value": [
            94.43352302121055,
            90.17071908949819,
            94.7646145887222,
            94.24728401448526,
            93.71960682876357
        ]
    },
    "train_aa": {
        "type": "index_value",
        "index": [
            10,
            20,
            30,
            40,
            50
        ],
        "value": [
            97.3509450433133,
            96.15266847610928,
            97.18008389052274,
            97.40067330891497,
            97.29147978666279
        ]
    },
    "train_kappa": {
        "type": "index_value",
        "index": [
            10,
            20,
            30,
            40,
            50
        ],
        "value": [
            93.63827296184954,
            88.86315787558527,
            94.00187618213445,
            93.4289708486655,
            92.8391028531915
        ]
    },
    "param": {
        "data": {
            "data_sign": "Indian",
            "data_file": "Indian_40",
            "diffusion_sign": false,
            "patch_size": 13,
            "test_ratio": 0.95,
            "batch_size": 64,
            "num_classes": 16,
            "pca": 30,
            "dim_heads": 64,
            "spectral_size": 30,
            "append_dim": true
        },
        "net": {
            "trainer": "ssftt",
            "conv2d_out": 64,
            "dim": 64
        },
        "train": {
            "epochs": 50,
            "lr": 0.001,
            "weight_decay": 0
        },
        "uniq_name": "indian_ssftt.json_40_3"
    },
    "eval": {
        "classification": "                              precision    recall  f1-score   support\n\n                     Alfalfa     0.4615    1.0000    0.6316         6\n                 Corn-notill     0.9646    0.8826    0.9217      1388\n                Corn-mintill     0.8877    0.9608    0.9228       790\n                        Corn     0.7606    1.0000    0.8640       197\n               Grass-pasture     0.9379    0.9887    0.9626       443\n                 Grass-trees     0.9885    0.9957    0.9921       690\n         Grass-pasture-mowed     1.0000    1.0000    1.0000        14\n               Hay-windrowed     0.9977    1.0000    0.9989       438\n                        Oats     1.0000    1.0000    1.0000        10\n              Soybean-notill     0.8403    0.9485    0.8911       932\n             Soybean-mintill     0.9967    0.8841    0.9370      2415\n               Soybean-clean     0.9062    0.9439    0.9247       553\n                       Wheat     0.8639    1.0000    0.9270       165\n                       Woods     0.9809    0.9624    0.9716      1225\nBuildings-Grass-Trees-Drives     0.8715    1.0000    0.9314       346\n\n                   micro avg     0.9398    0.9368    0.9383      9612\n                   macro avg     0.8972    0.9711    0.9251      9612\n                weighted avg     0.9455    0.9368    0.9389      9612\n",
        "oa": 93.71960682876357,
        "confusion": "[[   6    0    0    0    0    0    0    0    0    0    0    0    0    0\n     0    0]\n [   2 1225   13   51    0    0    0    0    0   51    5   23    0    2\n     6   10]\n [   0    3  759    9    0    0    0    0    0    5    0    6    6    0\n     2    0]\n [   0    0    0  197    0    0    0    0    0    0    0    0    0    0\n     0    0]\n [   0    0    3    0  438    0    0    0    0    2    0    0    0    0\n     0    0]\n [   0    0    0    0    0  687    0    0    0    0    2    0    0    1\n     0    0]\n [   0    0    0    0    0    0   14    0    0    0    0    0    0    0\n     0    0]\n [   0    0    0    0    0    0    0  438    0    0    0    0    0    0\n     0    0]\n [   0    0    0    0    0    0    0    0   10    0    0    0    0    0\n     0    0]\n [   2   20    4    0    0    0    0    0    0  884    0   10    0    6\n     6    0]\n [   0   22   69    0   17    8    0    1    0  110 2135   15   20   14\n     4    0]\n [   0    0    7    2    0    0    0    0    0    0    0  522    0    0\n     2   20]\n [   0    0    0    0    0    0    0    0    0    0    0    0  165    0\n     0    0]\n [   3    0    0    0   12    0    0    0    0    0    0    0    0 1179\n    31    0]\n [   0    0    0    0    0    0    0    0    0    0    0    0    0    0\n   346    0]\n [   0    0    0    0    0    0    0    0    0    0    0    0    0    0\n     0   53]]",
        "each_acc": "[100.          88.25648415  96.07594937 100.          98.87133183\n  99.56521739 100.         100.         100.          94.84978541\n  88.4057971   94.39421338 100.          96.24489796 100.\n 100.        ]",
        "aa": 97.29147978666279,
        "kappa": 92.8391028531915
    }
}