{
    "epoch_loss": {
        "type": "index_value",
        "index": [
            1,
            2,
            3,
            4,
            5,
            6,
            7,
            8,
            9,
            10,
            11,
            12,
            13,
            14,
            15,
            16,
            17,
            18,
            19,
            20,
            21,
            22,
            23,
            24,
            25,
            26,
            27,
            28,
            29,
            30,
            31,
            32,
            33,
            34,
            35,
            36,
            37,
            38,
            39,
            40,
            41,
            42,
            43,
            44,
            45,
            46,
            47,
            48,
            49,
            50
        ],
        "value": [
            1.5309636791364358,
            0.5060357974556026,
            0.2150285466477316,
            0.10835871199127065,
            0.07219195758312145,
            0.038282379364079036,
            0.02910562353114415,
            0.025857397626739307,
            0.018636541241024242,
            0.01508297658034471,
            0.007378435359536066,
            0.0055558084985352675,
            0.010710546866371172,
            0.021289770189833784,
            0.007145185446689675,
            0.003837249572273162,
            0.0023549663637856427,
            0.0018205466352937795,
            0.0016130933586487473,
            0.0010590376826658632,
            0.0010619076388042417,
            0.0010258334178199929,
            0.0009015193753108972,
            0.000762036273767015,
            0.000743882351771482,
            0.0007141888205462377,
            0.0006634964926379091,
            0.0005633153092341451,
            0.0006460432282785209,
            0.0008491237710804954,
            0.0006143313704545609,
            0.0005616688861069548,
            0.0005068365336574011,
            0.0004732257623581872,
            0.00045869897672111426,
            0.00043679728657765467,
            0.00042376512747093874,
            0.0003194526234856295,
            0.00032025534619355324,
            0.00033764834112527144,
            0.0003223983646999563,
            0.0003546965639955144,
            0.00031801577350733034,
            0.00023940648626974802,
            0.00024414126170988057,
            0.00024864394466464235,
            0.0002641918660521082,
            0.0002644969450003359,
            0.00022547204911345985,
            0.00030910881258846754
        ]
    },
    "train_oa": {
        "type": "index_value",
        "index": [
            10,
            20,
            30,
            40,
            50
        ],
        "value": [
            95.36127483082296,
            96.5073128137961,
            96.48548351888235,
            96.52914210870989,
            96.616459288365
        ]
    },
    "train_aa": {
        "type": "index_value",
        "index": [
            10,
            20,
            30,
            40,
            50
        ],
        "value": [
            98.37235009934938,
            98.60864154958887,
            98.29175492124497,
            98.68979121499615,
            98.72122680364505
        ]
    },
    "train_kappa": {
        "type": "index_value",
        "index": [
            10,
            20,
            30,
            40,
            50
        ],
        "value": [
            94.67202170549271,
            95.97821102984514,
            95.95527351531862,
            96.00494837937613,
            96.10484687652254
        ]
    },
    "param": {
        "data": {
            "data_sign": "Indian",
            "data_file": "Indian_80",
            "diffusion_sign": false,
            "patch_size": 13,
            "test_ratio": 0.95,
            "batch_size": 64,
            "num_classes": 16,
            "pca": 30,
            "dim_heads": 64,
            "spectral_size": 30,
            "append_dim": true
        },
        "net": {
            "trainer": "ssftt",
            "conv2d_out": 64,
            "dim": 64
        },
        "train": {
            "epochs": 50,
            "lr": 0.001,
            "weight_decay": 0
        },
        "uniq_name": "indian_ssftt.json_80_3"
    },
    "eval": {
        "classification": "                              precision    recall  f1-score   support\n\n                     Alfalfa     0.8519    1.0000    0.9200        23\n                 Corn-notill     0.9666    0.9666    0.9666      1348\n                Corn-mintill     0.9973    0.9840    0.9906       750\n                        Corn     0.9812    1.0000    0.9905       157\n               Grass-pasture     0.9852    0.9926    0.9889       403\n                 Grass-trees     0.9282    0.9938    0.9599       650\n         Grass-pasture-mowed     1.0000    1.0000    1.0000        14\n               Hay-windrowed     0.9827    1.0000    0.9913       398\n                        Oats     1.0000    1.0000    1.0000        10\n              Soybean-notill     0.8587    0.9809    0.9158       892\n             Soybean-mintill     0.9963    0.9120    0.9523      2375\n               Soybean-clean     0.9822    0.9688    0.9755       513\n                       Wheat     0.9843    1.0000    0.9921       125\n                       Woods     0.9966    0.9966    0.9966      1185\nBuildings-Grass-Trees-Drives     0.9563    1.0000    0.9776       306\n\n                   micro avg     0.9674    0.9661    0.9668      9149\n                   macro avg     0.9645    0.9864    0.9745      9149\n                weighted avg     0.9698    0.9661    0.9670      9149\n",
        "oa": 96.616459288365,
        "confusion": "[[  23    0    0    0    0    0    0    0    0    0    0    0    0    0\n     0    0]\n [   2 1303    0    0    0    8    0    0    0   24    3    0    0    2\n     6    0]\n [   0    6  738    0    0    0    0    0    0    0    0    6    0    0\n     0    0]\n [   0    0    0  157    0    0    0    0    0    0    0    0    0    0\n     0    0]\n [   0    0    0    0  400    0    0    0    0    3    0    0    0    0\n     0    0]\n [   0    2    0    0    0  646    0    0    0    0    0    0    0    1\n     1    0]\n [   0    0    0    0    0    0   14    0    0    0    0    0    0    0\n     0    0]\n [   0    0    0    0    0    0    0  398    0    0    0    0    0    0\n     0    0]\n [   0    0    0    0    0    0    0    0   10    0    0    0    0    0\n     0    0]\n [   0    6    0    0    0    0    0    0    0  875    5    1    0    1\n     4    0]\n [   0   31    2    0    6   42    0    6    0  117 2166    2    2    0\n     1    0]\n [   0    0    0    3    0    0    0    0    0    0    0  497    0    0\n     1   12]\n [   0    0    0    0    0    0    0    0    0    0    0    0  125    0\n     0    0]\n [   2    0    0    0    0    0    0    1    0    0    0    0    0 1181\n     1    0]\n [   0    0    0    0    0    0    0    0    0    0    0    0    0    0\n   306    0]\n [   0    0    0    0    0    0    0    0    0    0    0    0    0    0\n     0   13]]",
        "each_acc": "[100.          96.66172107  98.4        100.          99.25558313\n  99.38461538 100.         100.         100.          98.0941704\n  91.2         96.88109162 100.          99.66244726 100.\n 100.        ]",
        "aa": 98.72122680364505,
        "kappa": 96.10484687652254
    }
}