{
    "epoch_loss": {
        "type": "index_value",
        "index": [
            1,
            2,
            3,
            4,
            5,
            6,
            7,
            8,
            9,
            10,
            11,
            12,
            13,
            14,
            15,
            16,
            17,
            18,
            19,
            20,
            21,
            22,
            23,
            24,
            25,
            26,
            27,
            28,
            29,
            30,
            31,
            32,
            33,
            34,
            35,
            36,
            37,
            38,
            39,
            40,
            41,
            42,
            43,
            44,
            45,
            46,
            47,
            48,
            49,
            50
        ],
        "value": [
            1.5951767009995679,
            0.5083559643761654,
            0.20168166569919901,
            0.09487735990712483,
            0.0743470629942779,
            0.05111738316296654,
            0.04712604383467641,
            0.022067742149766256,
            0.017240394635096863,
            0.008239863595472033,
            0.0048154294259482935,
            0.0039008733576117384,
            0.003873187334472939,
            0.009655870304879044,
            0.007808813751566377,
            0.014594511359650727,
            0.048807136241514525,
            0.04033683357621511,
            0.015625439495364036,
            0.005249090871851627,
            0.0021603236462417116,
            0.0016841111756542486,
            0.0014279370237717606,
            0.0010875762458899243,
            0.0009896755809150294,
            0.0009600066268973382,
            0.0008398135283297029,
            0.0006869093298052267,
            0.0005892561709265402,
            0.0006215835747111113,
            0.0006058289716148744,
            0.0005083656881609461,
            0.0005792700424777531,
            0.0005087527417157551,
            0.0005169148993204591,
            0.00039437869246153757,
            0.0005288545597899832,
            0.0003268171165317551,
            0.00037107319386227,
            0.00029063925860113815,
            0.00030990941059628286,
            0.00027873784674973276,
            0.000290846632295648,
            0.00028823321734620607,
            0.0002807285954743939,
            0.0002254540612326726,
            0.00028309840545914604,
            0.0002642079231066016,
            0.00024312767930043537,
            0.0003202231278382336
        ]
    },
    "train_oa": {
        "type": "index_value",
        "index": [
            10,
            20,
            30,
            40,
            50
        ],
        "value": [
            96.96572800698537,
            96.518227461253,
            97.15127701375246,
            97.30408207814888,
            97.19493560358
        ]
    },
    "train_aa": {
        "type": "index_value",
        "index": [
            10,
            20,
            30,
            40,
            50
        ],
        "value": [
            98.39053087261792,
            98.59044028429217,
            98.68028539391455,
            98.7299099188768,
            98.66273349653306
        ]
    },
    "train_kappa": {
        "type": "index_value",
        "index": [
            10,
            20,
            30,
            40,
            50
        ],
        "value": [
            96.49508808054925,
            95.99224705759374,
            96.71572054382737,
            96.89106324141346,
            96.76562978663328
        ]
    },
    "param": {
        "data": {
            "data_sign": "Indian",
            "data_file": "Indian_80",
            "diffusion_sign": false,
            "patch_size": 13,
            "test_ratio": 0.95,
            "batch_size": 64,
            "num_classes": 16,
            "pca": 30,
            "dim_heads": 64,
            "spectral_size": 30,
            "append_dim": true
        },
        "net": {
            "trainer": "ssftt",
            "conv2d_out": 64,
            "dim": 64
        },
        "train": {
            "epochs": 50,
            "lr": 0.001,
            "weight_decay": 0
        },
        "uniq_name": "indian_ssftt.json_80_0"
    },
    "eval": {
        "classification": "                              precision    recall  f1-score   support\n\n                     Alfalfa     0.9583    1.0000    0.9787        23\n                 Corn-notill     0.9798    0.9711    0.9754      1348\n                Corn-mintill     0.9986    0.9547    0.9761       750\n                        Corn     0.9937    1.0000    0.9968       157\n               Grass-pasture     0.9776    0.9727    0.9751       403\n                 Grass-trees     0.9264    0.9877    0.9561       650\n         Grass-pasture-mowed     0.6364    1.0000    0.7778        14\n               Hay-windrowed     0.9925    1.0000    0.9962       398\n                        Oats     1.0000    1.0000    1.0000        10\n              Soybean-notill     0.9335    0.9922    0.9620       892\n             Soybean-mintill     0.9898    0.9415    0.9650      2375\n               Soybean-clean     0.9822    0.9688    0.9755       513\n                       Wheat     0.8446    1.0000    0.9158       125\n                       Woods     0.9850    0.9975    0.9912      1185\nBuildings-Grass-Trees-Drives     0.9903    1.0000    0.9951       306\n\n                   micro avg     0.9737    0.9719    0.9728      9149\n                   macro avg     0.9459    0.9857    0.9625      9149\n                weighted avg     0.9751    0.9719    0.9730      9149\n",
        "oa": 97.19493560358,
        "confusion": "[[  23    0    0    0    0    0    0    0    0    0    0    0    0    0\n     0    0]\n [   1 1309    1    0    0    7    0    0    0   13    8    1    0    4\n     3    1]\n [   0    3  716    1    3    0    0    0    0    0    9    8   10    0\n     0    0]\n [   0    0    0  157    0    0    0    0    0    0    0    0    0    0\n     0    0]\n [   0    0    0    0  392    0    0    0    0    9    2    0    0    0\n     0    0]\n [   0    0    0    0    0  642    0    0    0    0    0    0    0    8\n     0    0]\n [   0    0    0    0    0    0   14    0    0    0    0    0    0    0\n     0    0]\n [   0    0    0    0    0    0    0  398    0    0    0    0    0    0\n     0    0]\n [   0    0    0    0    0    0    0    0   10    0    0    0    0    0\n     0    0]\n [   0    0    0    0    0    0    0    0    0  885    4    0    0    3\n     0    0]\n [   0   24    0    0    6   44    8    0    0   41 2236    0   13    3\n     0    0]\n [   0    0    0    0    0    0    0    0    0    0    0  497    0    0\n     0   16]\n [   0    0    0    0    0    0    0    0    0    0    0    0  125    0\n     0    0]\n [   0    0    0    0    0    0    0    3    0    0    0    0    0 1182\n     0    0]\n [   0    0    0    0    0    0    0    0    0    0    0    0    0    0\n   306    0]\n [   0    0    0    0    0    0    0    0    0    0    0    0    0    0\n     0   13]]",
        "each_acc": "[100.          97.10682493  95.46666667 100.          97.27047146\n  98.76923077 100.         100.         100.          99.21524664\n  94.14736842  96.88109162 100.          99.74683544 100.\n 100.        ]",
        "aa": 98.66273349653306,
        "kappa": 96.76562978663328
    }
}