{
    "epoch_loss": {
        "type": "index_value",
        "index": [
            1,
            2,
            3,
            4,
            5,
            6,
            7,
            8,
            9,
            10,
            11,
            12,
            13,
            14,
            15,
            16,
            17,
            18,
            19,
            20,
            21,
            22,
            23,
            24,
            25,
            26,
            27,
            28,
            29,
            30,
            31,
            32,
            33,
            34,
            35,
            36,
            37,
            38,
            39,
            40,
            41,
            42,
            43,
            44,
            45,
            46,
            47,
            48,
            49,
            50
        ],
        "value": [
            2.7450838565826414,
            1.9571178913116456,
            1.5777399301528932,
            1.2532416582107544,
            1.0064151525497436,
            0.8137391090393067,
            0.6213229060173034,
            0.44675532579421995,
            0.33100346326828,
            0.2305007189512253,
            0.16169383823871614,
            0.1156928226351738,
            0.09212165474891662,
            0.06221458315849304,
            0.050568516552448275,
            0.042686011642217636,
            0.02924911230802536,
            0.02663533166050911,
            0.018622324615716935,
            0.015366437658667565,
            0.01534041464328766,
            0.015537983551621438,
            0.01381240002810955,
            0.010344787500798702,
            0.009995297715067863,
            0.010290398076176644,
            0.008184350095689297,
            0.008324280008673668,
            0.009684164822101594,
            0.006386664509773254,
            0.007247019559144974,
            0.00665157875046134,
            0.005437146406620741,
            0.0057112411595880985,
            0.00654803067445755,
            0.005735992826521397,
            0.004151042923331261,
            0.005012013018131256,
            0.005843125097453594,
            0.0047699867747724055,
            0.0045266995206475254,
            0.003928803745657206,
            0.004646715801209211,
            0.005439153127372265,
            0.004143831040710211,
            0.0037280368618667127,
            0.0030775681138038636,
            0.0035178296733647586,
            0.0030833258759230377,
            0.0033537764102220535
        ]
    },
    "train_oa": {
        "type": "index_value",
        "index": [
            10,
            20,
            30,
            40,
            50
        ],
        "value": [
            83.74467241550204,
            81.21716721181484,
            82.17861036772722,
            83.71493706016454,
            83.76449598572702
        ]
    },
    "train_aa": {
        "type": "index_value",
        "index": [
            10,
            20,
            30,
            40,
            50
        ],
        "value": [
            90.64835418965885,
            89.98625910617399,
            90.57405931105976,
            90.90859353660753,
            91.19271164300507
        ]
    },
    "train_kappa": {
        "type": "index_value",
        "index": [
            10,
            20,
            30,
            40,
            50
        ],
        "value": [
            81.66164597687614,
            78.92727244931599,
            79.95748915683801,
            81.64340056397488,
            81.71644790615828
        ]
    },
    "param": {
        "data": {
            "data_sign": "Indian",
            "data_file": "Indian_10",
            "diffusion_sign": false,
            "patch_size": 13,
            "test_ratio": 0.95,
            "batch_size": 64,
            "num_classes": 16,
            "pca": 30,
            "dim_heads": 64,
            "spectral_size": 30,
            "append_dim": true
        },
        "net": {
            "trainer": "ssftt",
            "conv2d_out": 64,
            "dim": 64
        },
        "train": {
            "epochs": 50,
            "lr": 0.001,
            "weight_decay": 0
        },
        "uniq_name": "indian_ssftt.json_10_4"
    },
    "eval": {
        "classification": "                              precision    recall  f1-score   support\n\n                     Alfalfa     0.8372    1.0000    0.9114        36\n                 Corn-notill     0.8313    0.7750    0.8022      1418\n                Corn-mintill     0.8581    0.8110    0.8339       820\n                        Corn     0.5833    0.8634    0.6963       227\n               Grass-pasture     0.7810    0.9577    0.8604       473\n                 Grass-trees     0.9307    0.9139    0.9222       720\n         Grass-pasture-mowed     0.4865    1.0000    0.6545        18\n               Hay-windrowed     0.9853    1.0000    0.9926       468\n                        Oats     0.1493    1.0000    0.2597        10\n              Soybean-notill     0.7750    0.8306    0.8018       962\n             Soybean-mintill     0.9306    0.7076    0.8039      2445\n               Soybean-clean     0.6132    0.7667    0.6814       583\n                       Wheat     0.8228    1.0000    0.9028       195\n                       Woods     0.9524    0.9729    0.9626      1255\nBuildings-Grass-Trees-Drives     0.7853    0.9920    0.8766       376\n\n                   micro avg     0.8406    0.8363    0.8384     10006\n                   macro avg     0.7548    0.9061    0.7975     10006\n                weighted avg     0.8580    0.8363    0.8405     10006\n",
        "oa": 83.76449598572702,
        "confusion": "[[  36    0    0    0    0    0    0    0    0    0    0    0    0    0\n     0    0]\n [   3 1099    7    0   18   14    0    0    1   78  113   22    0   17\n    46    0]\n [   0    3  665   55   11    0    0    0    9    5    0   28   42    0\n     2    0]\n [   0   23    0  196    0    0    0    0    0    0    0    4    0    0\n     4    0]\n [   0    0    2    0  453    0    5    0    0    0    0    2    0   11\n     0    0]\n [   0    0    0    0   20  658    0    0   39    0    1    0    0    1\n     1    0]\n [   0    0    0    0    0    0   18    0    0    0    0    0    0    0\n     0    0]\n [   0    0    0    0    0    0    0  468    0    0    0    0    0    0\n     0    0]\n [   0    0    0    0    0    0    0    0   10    0    0    0    0    0\n     0    0]\n [   2   66   18    0   45    0    0    0    8  799    9    3    0   12\n     0    0]\n [   2  129   68   27   28   35   14    5    0  145 1730  223    0   20\n    19    0]\n [   0    0   15   58    0    0    0    0    0    4    0  447    0    0\n    10   49]\n [   0    0    0    0    0    0    0    0    0    0    0    0  195    0\n     0    0]\n [   0    2    0    0    2    0    0    2    0    0    6    0    0 1221\n    20    2]\n [   0    0    0    0    3    0    0    0    0    0    0    0    0    0\n   373    0]\n [   0    0    0    0    0    0    0    0    0    0    0    0    0    0\n     0   83]]",
        "each_acc": "[100.          77.50352609  81.09756098  86.34361233  95.77167019\n  91.38888889 100.         100.         100.          83.05613306\n  70.75664622  76.67238422 100.          97.29083665  99.20212766\n 100.        ]",
        "aa": 91.19271164300507,
        "kappa": 81.71644790615828
    }
}