{
    "epoch_loss": {
        "type": "index_value",
        "index": [
            1,
            2,
            3,
            4,
            5,
            6,
            7,
            8,
            9,
            10,
            11,
            12,
            13,
            14,
            15,
            16,
            17,
            18,
            19,
            20,
            21,
            22,
            23,
            24,
            25,
            26,
            27,
            28,
            29,
            30,
            31,
            32,
            33,
            34,
            35,
            36,
            37,
            38,
            39,
            40,
            41,
            42,
            43,
            44,
            45,
            46,
            47,
            48,
            49,
            50
        ],
        "value": [
            1.730770619777555,
            0.7285743889814421,
            0.36930554930431525,
            0.18653961172847677,
            0.09569307906776126,
            0.06337256242206912,
            0.048117340683144265,
            0.034140389849586096,
            0.027024105387180142,
            0.017282970291320258,
            0.016803246018495928,
            0.023071641891861408,
            0.015625904364896512,
            0.008893010369811698,
            0.027506497519106537,
            0.015546481232603668,
            0.022354139854057164,
            0.014164452802529502,
            0.008261739185131735,
            0.007694908359201744,
            0.009242759033544339,
            0.003633791397516013,
            0.00207390214224766,
            0.0014608763939585028,
            0.001240978546315599,
            0.0011802592465120223,
            0.0009252747808393888,
            0.0010425060972832638,
            0.0016749367599872176,
            0.001641310572944032,
            0.0009308503654941988,
            0.0011069919661187454,
            0.0008827267771957278,
            0.0006620984044750339,
            0.0005949587031056995,
            0.0005803272415835415,
            0.0005425387373230135,
            0.0005233356768705689,
            0.0004994482857185306,
            0.0004588407218684876,
            0.0004747807902513137,
            0.0004071955726185798,
            0.0006060137523170966,
            0.00042793395317541357,
            0.0004599439849465536,
            0.00039535284368518375,
            0.00034515990072156346,
            0.0004433877550756971,
            0.00033493834256167506,
            0.0003406365444695638
        ]
    },
    "train_oa": {
        "type": "index_value",
        "index": [
            10,
            20,
            30,
            40,
            50
        ],
        "value": [
            96.62492039906601,
            95.81829760135852,
            96.67798768838888,
            97.12375291870092,
            97.02823179791976
        ]
    },
    "train_aa": {
        "type": "index_value",
        "index": [
            10,
            20,
            30,
            40,
            50
        ],
        "value": [
            98.35577832150415,
            97.98370262337535,
            98.48915568320008,
            98.6539820272835,
            98.66620062991242
        ]
    },
    "train_kappa": {
        "type": "index_value",
        "index": [
            10,
            20,
            30,
            40,
            50
        ],
        "value": [
            96.12409594889482,
            95.19867116262097,
            96.1884276308527,
            96.69743980129813,
            96.58894638181243
        ]
    },
    "param": {
        "data": {
            "data_sign": "Indian",
            "data_file": "Indian_60",
            "diffusion_sign": false,
            "patch_size": 13,
            "test_ratio": 0.95,
            "batch_size": 64,
            "num_classes": 16,
            "pca": 30,
            "dim_heads": 64,
            "spectral_size": 30,
            "append_dim": true
        },
        "net": {
            "trainer": "ssftt",
            "conv2d_out": 64,
            "dim": 64
        },
        "train": {
            "epochs": 50,
            "lr": 0.001,
            "weight_decay": 0
        },
        "uniq_name": "indian_ssftt.json_60_1"
    },
    "eval": {
        "classification": "                              precision    recall  f1-score   support\n\n                     Alfalfa     0.7667    1.0000    0.8679        23\n                 Corn-notill     0.9632    0.9759    0.9695      1368\n                Corn-mintill     0.9934    0.9779    0.9856       770\n                        Corn     0.9888    1.0000    0.9944       177\n               Grass-pasture     0.9722    0.9929    0.9825       423\n                 Grass-trees     0.9639    0.9955    0.9794       670\n         Grass-pasture-mowed     0.9333    1.0000    0.9655        14\n               Hay-windrowed     0.9905    1.0000    0.9952       418\n                        Oats     0.5556    1.0000    0.7143        10\n              Soybean-notill     0.8803    0.9836    0.9291       912\n             Soybean-mintill     0.9959    0.9228    0.9580      2395\n               Soybean-clean     0.9886    0.9775    0.9830       533\n                       Wheat     0.9236    1.0000    0.9603       145\n                       Woods     0.9992    0.9909    0.9950      1205\nBuildings-Grass-Trees-Drives     0.9790    1.0000    0.9894       326\n\n                   micro avg     0.9710    0.9703    0.9706      9389\n                   macro avg     0.9263    0.9878    0.9513      9389\n                weighted avg     0.9732    0.9703    0.9709      9389\n",
        "oa": 97.02823179791976,
        "confusion": "[[  23    0    0    0    0    0    0    0    0    0    0    0    0    0\n     0    0]\n [   3 1335    0    0    0   14    0    0    0   13    1    0    0    0\n     0    2]\n [   0    5  753    0    1    0    0    0    8    0    0    3    0    0\n     0    0]\n [   0    0    0  177    0    0    0    0    0    0    0    0    0    0\n     0    0]\n [   0    0    0    0  420    0    1    0    0    0    0    2    0    0\n     0    0]\n [   0    0    0    0    0  667    0    0    0    0    3    0    0    0\n     0    0]\n [   0    0    0    0    0    0   14    0    0    0    0    0    0    0\n     0    0]\n [   0    0    0    0    0    0    0  418    0    0    0    0    0    0\n     0    0]\n [   0    0    0    0    0    0    0    0   10    0    0    0    0    0\n     0    0]\n [   4    3    2    0    0    0    0    0    0  897    5    0    0    0\n     1    0]\n [   0   41    0    0    6   11    0    0    0  109 2210    0   12    1\n     5    0]\n [   0    0    3    2    0    0    0    0    0    0    0  521    0    0\n     1    6]\n [   0    0    0    0    0    0    0    0    0    0    0    0  145    0\n     0    0]\n [   0    2    0    0    5    0    0    4    0    0    0    0    0 1194\n     0    0]\n [   0    0    0    0    0    0    0    0    0    0    0    0    0    0\n   326    0]\n [   0    0    0    0    0    0    0    0    0    0    0    1    0    0\n     0   32]]",
        "each_acc": "[100.          97.5877193   97.79220779 100.          99.29078014\n  99.55223881 100.         100.         100.          98.35526316\n  92.27557411  97.74859287 100.          99.08713693 100.\n  96.96969697]",
        "aa": 98.66620062991242,
        "kappa": 96.58894638181243
    }
}