{
    "epoch_loss": {
        "type": "index_value",
        "index": [
            1,
            2,
            3,
            4,
            5,
            6,
            7,
            8,
            9,
            10,
            11,
            12,
            13,
            14,
            15,
            16,
            17,
            18,
            19,
            20,
            21,
            22,
            23,
            24,
            25,
            26,
            27,
            28,
            29,
            30,
            31,
            32,
            33,
            34,
            35,
            36,
            37,
            38,
            39,
            40,
            41,
            42,
            43,
            44,
            45,
            46,
            47,
            48,
            49,
            50
        ],
        "value": [
            2.40721529991396,
            1.5921086642049973,
            1.028009948807378,
            0.7027604072324691,
            0.44551279083375006,
            0.2908751224317858,
            0.19108037780369483,
            0.12803887657580837,
            0.09696260099449465,
            0.052793587263553376,
            0.0385933457843719,
            0.023579103932265314,
            0.022668897937382422,
            0.016220586584700693,
            0.012441618434123454,
            0.010122340184546287,
            0.009372975551072629,
            0.008941070110567155,
            0.007506809816245109,
            0.007749966015258143,
            0.00663293685703989,
            0.005563762334866389,
            0.005322009706569295,
            0.004726770676432118,
            0.004685318779440657,
            0.004675017231174054,
            0.0043754528186494305,
            0.002953066373424184,
            0.003416514417697345,
            0.003006804390479961,
            0.003381225753635649,
            0.0027601206870449166,
            0.0026257105306872436,
            0.0023257309570908547,
            0.002399688349255631,
            0.002479674625060251,
            0.002750796761604086,
            0.0020520687155846148,
            0.0023998336070367404,
            0.0025337587531295514,
            0.0022133674555187745,
            0.0021301032149142795,
            0.0017124893293986396,
            0.0017701769623184396,
            0.002023065186315967,
            0.001699335722913665,
            0.0017866669282797843,
            0.0018613210413604975,
            0.0020609820809876244,
            0.0014030301552866735
        ]
    },
    "train_oa": {
        "type": "index_value",
        "index": [
            10,
            20,
            30,
            40,
            50
        ],
        "value": [
            86.39702183318241,
            86.59824932085724,
            87.39309789717275,
            87.3327296508703,
            87.3528523996378
        ]
    },
    "train_aa": {
        "type": "index_value",
        "index": [
            10,
            20,
            30,
            40,
            50
        ],
        "value": [
            92.35760330112674,
            92.99670779986747,
            93.55407947055126,
            93.23331289422619,
            93.39684961552635
        ]
    },
    "train_kappa": {
        "type": "index_value",
        "index": [
            10,
            20,
            30,
            40,
            50
        ],
        "value": [
            84.51988686102806,
            84.80897115545194,
            85.72157504322458,
            85.63853356093858,
            85.6716734346275
        ]
    },
    "param": {
        "data": {
            "data_sign": "Indian",
            "data_file": "Indian_20",
            "diffusion_sign": false,
            "patch_size": 13,
            "test_ratio": 0.95,
            "batch_size": 64,
            "num_classes": 16,
            "pca": 30,
            "dim_heads": 64,
            "spectral_size": 30,
            "append_dim": true
        },
        "net": {
            "trainer": "ssftt",
            "conv2d_out": 64,
            "dim": 64
        },
        "train": {
            "epochs": 50,
            "lr": 0.001,
            "weight_decay": 0
        }
    },
    "eval": {
        "classification": "                              precision    recall  f1-score   support\n\n                     Alfalfa     0.6047    1.0000    0.7536        26\n                 Corn-notill     0.8529    0.8771    0.8648      1408\n                Corn-mintill     0.8809    0.8580    0.8693       810\n                        Corn     0.6556    1.0000    0.7920       217\n               Grass-pasture     0.9602    0.9374    0.9486       463\n                 Grass-trees     0.9520    0.9493    0.9506       710\n         Grass-pasture-mowed     0.6667    1.0000    0.8000         8\n               Hay-windrowed     0.9871    1.0000    0.9935       458\n                        Oats     0.1351    1.0000    0.2381        10\n              Soybean-notill     0.8244    0.8876    0.8548       952\n             Soybean-mintill     0.9419    0.7922    0.8606      2435\n               Soybean-clean     0.7508    0.7731    0.7618       573\n                       Wheat     0.8486    1.0000    0.9181       185\n                       Woods     0.9927    0.8715    0.9281      1245\nBuildings-Grass-Trees-Drives     0.6460    0.9973    0.7841       366\n\n                   micro avg     0.8731    0.8726    0.8729      9866\n                   macro avg     0.7800    0.9296    0.8212      9866\n                weighted avg     0.8909    0.8726    0.8767      9866\n",
        "oa": 87.3528523996378,
        "confusion": "[[  26    0    0    0    0    0    0    0    0    0    0    0    0    0\n     0    0]\n [   7 1235    0   81    0    4    0    0    0   27   35   14    0    0\n     5    0]\n [   0   17  695    0   14    0    0    0   35    0   27    0   20    2\n     0    0]\n [   0    0    0  217    0    0    0    0    0    0    0    0    0    0\n     0    0]\n [   0    0   13    0  434    0    4    0    0    5    1    0    6    0\n     0    0]\n [   4    0   11    0    0  674    0    0   15    0    0    0    6    0\n     0    0]\n [   0    0    0    0    0    0    8    0    0    0    0    0    0    0\n     0    0]\n [   0    0    0    0    0    0    0  458    0    0    0    0    0    0\n     0    0]\n [   0    0    0    0    0    0    0    0   10    0    0    0    0    0\n     0    0]\n [   5   72    0    0    0    0    0    0    0  845   26    1    0    0\n     3    0]\n [   0  120   49    0    4   29    0    4    0  148 1929  132    1    6\n    13    0]\n [   1    0   21   33    0    1    0    0   14    0   26  443    0    0\n    28    6]\n [   0    0    0    0    0    0    0    0    0    0    0    0  185    0\n     0    0]\n [   0    3    0    0    0    0    0    2    0    0    4    0    0 1085\n   151    0]\n [   0    1    0    0    0    0    0    0    0    0    0    0    0    0\n   365    0]\n [   0    0    0    0    0    0    0    0    0    0    0    0    0    0\n     0   73]]",
        "each_acc": "[100.          87.71306818  85.80246914 100.          93.73650108\n  94.92957746 100.         100.         100.          88.7605042\n  79.21971253  77.31239092 100.          87.14859438  99.72677596\n 100.        ]",
        "aa": 93.39684961552635,
        "kappa": 85.6716734346275
    }
}