{
    "epoch_loss": {
        "type": "index_value",
        "index": [
            1,
            2,
            3,
            4,
            5,
            6,
            7,
            8,
            9,
            10,
            11,
            12,
            13,
            14,
            15,
            16,
            17,
            18,
            19,
            20,
            21,
            22,
            23,
            24,
            25,
            26,
            27,
            28,
            29,
            30,
            31,
            32,
            33,
            34,
            35,
            36,
            37,
            38,
            39,
            40,
            41,
            42,
            43,
            44,
            45,
            46,
            47,
            48,
            49,
            50
        ],
        "value": [
            1.6727295281869616,
            0.5850741778234703,
            0.24071908890889604,
            0.11962157396002125,
            0.07843701632512401,
            0.043253551004697785,
            0.031290253898753645,
            0.027917920522267232,
            0.02125056374082371,
            0.015405335209586403,
            0.02206764544448898,
            0.015455862456619304,
            0.008558367645657984,
            0.007928285015456947,
            0.008341514162403942,
            0.0059958817468919135,
            0.006657721001806677,
            0.003431665220384485,
            0.0024821958390269876,
            0.0015641618678161374,
            0.001453781663342851,
            0.0012274928758472649,
            0.0010100528979800493,
            0.0008869489201523612,
            0.0008469998494448489,
            0.0009512981348680751,
            0.0008706607148605968,
            0.0007730774476086816,
            0.0006774206889808848,
            0.0006176461249126692,
            0.0006365699489742552,
            0.0005612773714925755,
            0.0005389459376673963,
            0.000578817465430653,
            0.0005246941183300547,
            0.0005310961247135689,
            0.0004814270237371201,
            0.00048427855813814485,
            0.000723853768957701,
            0.0004418727104825064,
            0.00040755201348973596,
            0.0005091647727000396,
            0.00040529162479506644,
            0.00035208547790145525,
            0.00033657452361142437,
            0.000341081863333439,
            0.00031548000694471025,
            0.00039219525637218967,
            0.00029582259390705586,
            0.0003079821886717368
        ]
    },
    "train_oa": {
        "type": "index_value",
        "index": [
            10,
            20,
            30,
            40,
            50
        ],
        "value": [
            95.41541110632802,
            96.7498923805424,
            96.7606543263022,
            96.60998708566508,
            96.69608265174344
        ]
    },
    "train_aa": {
        "type": "index_value",
        "index": [
            10,
            20,
            30,
            40,
            50
        ],
        "value": [
            95.83821393676119,
            97.9114013139449,
            97.94324907320572,
            97.88840729157936,
            97.98602945976236
        ]
    },
    "train_kappa": {
        "type": "index_value",
        "index": [
            10,
            20,
            30,
            40,
            50
        ],
        "value": [
            94.71045035734132,
            96.25235139180425,
            96.26456352270203,
            96.09154933244889,
            96.19131079506008
        ]
    },
    "param": {
        "data": {
            "data_sign": "Indian",
            "data_file": "Indian_70",
            "diffusion_sign": false,
            "patch_size": 13,
            "test_ratio": 0.95,
            "batch_size": 64,
            "num_classes": 16,
            "pca": 30,
            "dim_heads": 64,
            "spectral_size": 30,
            "append_dim": true
        },
        "net": {
            "trainer": "ssftt",
            "conv2d_out": 64,
            "dim": 64
        },
        "train": {
            "epochs": 50,
            "lr": 0.001,
            "weight_decay": 0
        },
        "uniq_name": "indian_ssftt.json_70_3"
    },
    "eval": {
        "classification": "                              precision    recall  f1-score   support\n\n                     Alfalfa     0.8519    1.0000    0.9200        23\n                 Corn-notill     0.9656    0.9308    0.9479      1358\n                Corn-mintill     0.9815    0.9776    0.9796       760\n                        Corn     0.8836    1.0000    0.9382       167\n               Grass-pasture     0.9779    0.9637    0.9707       413\n                 Grass-trees     0.9706    1.0000    0.9851       660\n         Grass-pasture-mowed     0.7778    1.0000    0.8750        14\n               Hay-windrowed     1.0000    1.0000    1.0000       408\n                        Oats     0.6667    1.0000    0.8000        10\n              Soybean-notill     0.9144    0.9479    0.9309       902\n             Soybean-mintill     0.9835    0.9719    0.9776      2385\n               Soybean-clean     0.9791    0.8967    0.9361       523\n                       Wheat     1.0000    1.0000    1.0000       135\n                       Woods     0.9842    0.9891    0.9866      1195\nBuildings-Grass-Trees-Drives     0.9576    1.0000    0.9783       316\n\n                   micro avg     0.9692    0.9669    0.9680      9269\n                   macro avg     0.9263    0.9785    0.9484      9269\n                weighted avg     0.9700    0.9669    0.9681      9269\n",
        "oa": 96.69608265174344,
        "confusion": "[[  23    0    0    0    0    0    0    0    0    0    0    0    0    0\n     0    0]\n [   2 1264    0    0    0    9    0    0    0   57   15    0    0    7\n     4    0]\n [   0    1  743    8    0    0    0    0    0    0    0    8    0    0\n     0    0]\n [   0    0    0  167    0    0    0    0    0    0    0    0    0    0\n     0    0]\n [   0    0    3    0  398    0    4    0    0    0    0    0    0    8\n     0    0]\n [   0    0    0    0    0  660    0    0    0    0    0    0    0    0\n     0    0]\n [   0    0    0    0    0    0   14    0    0    0    0    0    0    0\n     0    0]\n [   0    0    0    0    0    0    0  408    0    0    0    0    0    0\n     0    0]\n [   0    0    0    0    0    0    0    0   10    0    0    0    0    0\n     0    0]\n [   2   14    9    0    0    0    0    0    0  855   17    1    0    4\n     0    0]\n [   0   30    0    0    6   11    0    0    0   19 2318    1    0    0\n     0    0]\n [   0    0    2   14    0    0    0    0    5    4    7  469    0    0\n     0   22]\n [   0    0    0    0    0    0    0    0    0    0    0    0  135    0\n     0    0]\n [   0    0    0    0    3    0    0    0    0    0    0    0    0 1182\n    10    0]\n [   0    0    0    0    0    0    0    0    0    0    0    0    0    0\n   316    0]\n [   0    0    0    0    0    0    0    0    0    0    0    0    0    0\n     0   23]]",
        "each_acc": "[100.          93.07805596  97.76315789 100.          96.36803874\n 100.         100.         100.         100.          94.78935698\n  97.19077568  89.6749522  100.          98.91213389 100.\n 100.        ]",
        "aa": 97.98602945976236,
        "kappa": 96.19131079506008
    }
}