{
    "epoch_loss": {
        "type": "index_value",
        "index": [
            1,
            2,
            3,
            4,
            5,
            6,
            7,
            8,
            9,
            10,
            11,
            12,
            13,
            14,
            15,
            16,
            17,
            18,
            19,
            20,
            21,
            22,
            23,
            24,
            25,
            26,
            27,
            28,
            29,
            30,
            31,
            32,
            33,
            34,
            35,
            36,
            37,
            38,
            39,
            40,
            41,
            42,
            43,
            44,
            45,
            46,
            47,
            48,
            49,
            50
        ],
        "value": [
            1.942044824575591,
            0.8796009606918269,
            0.40818770920358055,
            0.22164746684956244,
            0.1091363557335123,
            0.058286417836865875,
            0.05767157844333259,
            0.030617033933133014,
            0.020455716987550686,
            0.013814774488861882,
            0.011921623586095774,
            0.008529416778508355,
            0.005956751124070185,
            0.004760675063795026,
            0.003722841767901541,
            0.00339818739070366,
            0.0027201007467051873,
            0.0027574158455358775,
            0.002527669189902693,
            0.0022230312552896344,
            0.0018485810734943581,
            0.0017396457060046462,
            0.0015458187689320578,
            0.001638325045507941,
            0.0017471739803835045,
            0.0013908348652538196,
            0.0014980446588691628,
            0.0011400303518108307,
            0.001129260688380123,
            0.0011708823819691517,
            0.001026324204762481,
            0.0009436336595002546,
            0.0009968113645221744,
            0.0009072902520525255,
            0.001022003214589856,
            0.0008228486365407513,
            0.0007342299772326272,
            0.0008230923217857574,
            0.0007952127688854312,
            0.000760301947009107,
            0.0006816641644205914,
            0.0006555502786143407,
            0.0006071833692894584,
            0.0005952075418249211,
            0.0006050213938328428,
            0.000510762618748415,
            0.0005955567905462883,
            0.00041442858350865404,
            0.0005240423592820315,
            0.0004835382600063044
        ]
    },
    "train_oa": {
        "type": "index_value",
        "index": [
            10,
            20,
            30,
            40,
            50
        ],
        "value": [
            95.69723618090453,
            96.26256281407035,
            95.87520938023451,
            96.38819095477386,
            96.36725293132329
        ]
    },
    "train_aa": {
        "type": "index_value",
        "index": [
            10,
            20,
            30,
            40,
            50
        ],
        "value": [
            97.88921164181534,
            98.15867161217334,
            97.93982578133786,
            98.22298046274862,
            98.1851961253558
        ]
    },
    "train_kappa": {
        "type": "index_value",
        "index": [
            10,
            20,
            30,
            40,
            50
        ],
        "value": [
            95.06802781979282,
            95.71208943633958,
            95.27026092960914,
            95.85574312971752,
            95.83133953186281
        ]
    },
    "param": {
        "data": {
            "data_sign": "Indian",
            "data_file": "Indian_50",
            "diffusion_sign": false,
            "patch_size": 13,
            "test_ratio": 0.95,
            "batch_size": 64,
            "num_classes": 16,
            "pca": 30,
            "dim_heads": 64,
            "spectral_size": 30,
            "append_dim": true
        },
        "net": {
            "trainer": "ssftt",
            "conv2d_out": 64,
            "dim": 64
        },
        "train": {
            "epochs": 50,
            "lr": 0.001,
            "weight_decay": 0
        },
        "uniq_name": "indian_ssftt.json_50_2"
    },
    "eval": {
        "classification": "                              precision    recall  f1-score   support\n\n                     Alfalfa     1.0000    1.0000    1.0000        23\n                 Corn-notill     0.9751    0.9666    0.9708      1378\n                Corn-mintill     0.9630    0.9679    0.9655       780\n                        Corn     0.9492    1.0000    0.9740       187\n               Grass-pasture     0.9705    0.9885    0.9794       433\n                 Grass-trees     0.9196    0.9926    0.9547       680\n         Grass-pasture-mowed     0.7778    1.0000    0.8750        14\n               Hay-windrowed     0.9977    1.0000    0.9988       428\n                        Oats     1.0000    1.0000    1.0000        10\n              Soybean-notill     0.9481    0.9121    0.9298       922\n             Soybean-mintill     0.9716    0.9380    0.9545      2405\n               Soybean-clean     0.9471    0.9558    0.9514       543\n                       Wheat     0.9451    1.0000    0.9718       155\n                       Woods     0.9901    0.9909    0.9905      1215\nBuildings-Grass-Trees-Drives     0.9437    0.9970    0.9696       336\n\n                   micro avg     0.9650    0.9635    0.9643      9509\n                   macro avg     0.9532    0.9806    0.9657      9509\n                weighted avg     0.9655    0.9635    0.9642      9509\n",
        "oa": 96.36725293132329,
        "confusion": "[[  23    0    0    0    0    0    0    0    0    0    0    0    0    0\n     0    0]\n [   0 1332    0    0    0   16    0    0    0    8    9    4    0    7\n     2    0]\n [   0    6  755    1    0    0    0    0    0    0    5    4    9    0\n     0    0]\n [   0    0    0  187    0    0    0    0    0    0    0    0    0    0\n     0    0]\n [   0    0    1    0  428    0    4    0    0    0    0    0    0    0\n     0    0]\n [   0    0    0    0    0  675    0    0    0    0    1    0    0    1\n     3    0]\n [   0    0    0    0    0    0   14    0    0    0    0    0    0    0\n     0    0]\n [   0    0    0    0    0    0    0  428    0    0    0    0    0    0\n     0    0]\n [   0    0    0    0    0    0    0    0   10    0    0    0    0    0\n     0    0]\n [   0   18    0    0    6    0    0    0    0  841   50    3    0    4\n     0    0]\n [   0    9   28    0    7   43    0    0    0   38 2256   18    0    0\n     6    0]\n [   0    0    0    9    0    0    0    0    0    0    0  519    0    0\n     0   15]\n [   0    0    0    0    0    0    0    0    0    0    0    0  155    0\n     0    0]\n [   0    0    0    0    0    0    0    1    0    0    1    0    0 1204\n     9    0]\n [   0    1    0    0    0    0    0    0    0    0    0    0    0    0\n   335    0]\n [   0    0    0    0    0    0    0    0    0    0    0    0    0    0\n     0   43]]",
        "each_acc": "[100.          96.66182874  96.79487179 100.          98.84526559\n  99.26470588 100.         100.         100.          91.21475054\n  93.8045738   95.5801105  100.          99.09465021  99.70238095\n 100.        ]",
        "aa": 98.1851961253558,
        "kappa": 95.83133953186281
    }
}