{
    "epoch_loss": {
        "type": "index_value",
        "index": [
            1,
            2,
            3,
            4,
            5,
            6,
            7,
            8,
            9,
            10,
            11,
            12,
            13,
            14,
            15,
            16,
            17,
            18,
            19,
            20,
            21,
            22,
            23,
            24,
            25,
            26,
            27,
            28,
            29,
            30,
            31,
            32,
            33,
            34,
            35,
            36,
            37,
            38,
            39,
            40,
            41,
            42,
            43,
            44,
            45,
            46,
            47,
            48,
            49,
            50
        ],
        "value": [
            2.340907024568127,
            1.4579812857412522,
            1.0000599068980063,
            0.699061305292191,
            0.48110799289518785,
            0.3013875316227636,
            0.1971884782275846,
            0.11941828285494159,
            0.07595940636050316,
            0.05084542603262009,
            0.03333290166431858,
            0.031449778245822076,
            0.019748406448671894,
            0.02162322463287461,
            0.018025371083809482,
            0.013306973814483612,
            0.009172613372004802,
            0.009898460749536753,
            0.007756197191173992,
            0.00621764675503777,
            0.0056251623006837986,
            0.00568390607593521,
            0.0044887521424360815,
            0.004195973174946924,
            0.004836095659242522,
            0.004347104335864705,
            0.0035406012388487017,
            0.003632746665408054,
            0.0035930578566847307,
            0.003025982997590496,
            0.003208518391775508,
            0.002921639342281607,
            0.002518821671424854,
            0.0024447385416997056,
            0.0023839259865663705,
            0.00229156696568093,
            0.0024947757261895363,
            0.002788227580247387,
            0.0022785788236726677,
            0.002081154676664981,
            0.0022346285276956136,
            0.001813667466593606,
            0.0022092758497643857,
            0.0016861972534247943,
            0.0018355968535967893,
            0.0017250362032603832,
            0.0019330792279253083,
            0.001404527958572632,
            0.0017807159047093122,
            0.0016873371839943912
        ]
    },
    "train_oa": {
        "type": "index_value",
        "index": [
            10,
            20,
            30,
            40,
            50
        ],
        "value": [
            85.22990240466848,
            87.37297514840527,
            87.37297514840527,
            87.34279102525406,
            87.29248415333535
        ]
    },
    "train_aa": {
        "type": "index_value",
        "index": [
            10,
            20,
            30,
            40,
            50
        ],
        "value": [
            92.87235576358532,
            93.13820620483047,
            93.3178559923935,
            93.32062581501414,
            93.42140318796044
        ]
    },
    "train_kappa": {
        "type": "index_value",
        "index": [
            10,
            20,
            30,
            40,
            50
        ],
        "value": [
            83.33860356906202,
            85.67299450988475,
            85.6855716455762,
            85.65857866680568,
            85.61357828895065
        ]
    },
    "param": {
        "data": {
            "data_sign": "Indian",
            "data_file": "Indian_20",
            "diffusion_sign": false,
            "patch_size": 13,
            "test_ratio": 0.95,
            "batch_size": 64,
            "num_classes": 16,
            "pca": 30,
            "dim_heads": 64,
            "spectral_size": 30,
            "append_dim": true
        },
        "net": {
            "trainer": "ssftt",
            "conv2d_out": 64,
            "dim": 64
        },
        "train": {
            "epochs": 50,
            "lr": 0.001,
            "weight_decay": 0
        },
        "uniq_name": "indian_ssftt.json_20_1"
    },
    "eval": {
        "classification": "                              precision    recall  f1-score   support\n\n                     Alfalfa     0.6500    1.0000    0.7879        26\n                 Corn-notill     0.7846    0.8587    0.8199      1408\n                Corn-mintill     0.9298    0.8827    0.9056       810\n                        Corn     0.6078    1.0000    0.7561       217\n               Grass-pasture     0.9081    0.8963    0.9022       463\n                 Grass-trees     0.9536    0.9549    0.9543       710\n         Grass-pasture-mowed     0.3636    1.0000    0.5333         8\n               Hay-windrowed     0.9871    1.0000    0.9935       458\n                        Oats     0.1515    1.0000    0.2632        10\n              Soybean-notill     0.8791    0.9013    0.8900       952\n             Soybean-mintill     0.9551    0.7778    0.8574      2435\n               Soybean-clean     0.7914    0.8010    0.7962       573\n                       Wheat     0.8222    1.0000    0.9024       185\n                       Woods     0.9928    0.8884    0.9377      1245\nBuildings-Grass-Trees-Drives     0.6606    1.0000    0.7957       366\n\n                   micro avg     0.8727    0.8721    0.8724      9866\n                   macro avg     0.7625    0.9307    0.8064      9866\n                weighted avg     0.8926    0.8721    0.8764      9866\n",
        "oa": 87.29248415333535,
        "confusion": "[[  26    0    0    0    0    0    0    0    0    0    0    0    0    0\n     0    0]\n [  11 1209    1   78    0    3    0    0    1   31   50   12    0    5\n     7    0]\n [   0   14  715    0   14    0    0    0   31    0    2    3   30    0\n     1    0]\n [   0    0    0  217    0    0    0    0    0    0    0    0    0    0\n     0    0]\n [   0    0   14    0  415    0   10    0    2   13    0    0    9    0\n     0    0]\n [   0    0   11    1    2  678    0    0   14    2    0    0    0    1\n     0    1]\n [   0    0    0    0    0    0    8    0    0    0    0    0    0    0\n     0    0]\n [   0    0    0    0    0    0    0  458    0    0    0    0    0    0\n     0    0]\n [   0    0    0    0    0    0    0    0   10    0    0    0    0    0\n     0    0]\n [   3   77    0    0    0    0    0    0    0  858   14    0    0    0\n     0    0]\n [   0  240   20   10   22   30    4    1    0   72 1894  105    1    2\n    34    0]\n [   0    1    8   51    0    0    0    0    8    0   22  459    0    0\n    17    7]\n [   0    0    0    0    0    0    0    0    0    0    0    0  185    0\n     0    0]\n [   0    0    0    0    4    0    0    5    0    0    1    0    0 1106\n   129    0]\n [   0    0    0    0    0    0    0    0    0    0    0    0    0    0\n   366    0]\n [   0    0    0    0    0    0    0    0    0    0    0    1    0    0\n     0   72]]",
        "each_acc": "[100.          85.86647727  88.27160494 100.          89.63282937\n  95.49295775 100.         100.         100.          90.12605042\n  77.78234086  80.10471204 100.          88.83534137 100.\n  98.63013699]",
        "aa": 93.42140318796044,
        "kappa": 85.61357828895065
    }
}