{
    "epoch_loss": {
        "type": "index_value",
        "index": [
            1,
            2,
            3,
            4,
            5,
            6,
            7,
            8,
            9,
            10,
            11,
            12,
            13,
            14,
            15,
            16,
            17,
            18,
            19,
            20,
            21,
            22,
            23,
            24,
            25,
            26,
            27,
            28,
            29,
            30,
            31,
            32,
            33,
            34,
            35,
            36,
            37,
            38,
            39,
            40,
            41,
            42,
            43,
            44,
            45,
            46,
            47,
            48,
            49,
            50
        ],
        "value": [
            2.008332615029322,
            1.0049801877100173,
            0.5225944221019745,
            0.27494667245917126,
            0.1715853598019848,
            0.17834320756262295,
            0.13907696735369016,
            0.11118085988580365,
            0.06649564716913929,
            0.06934293308486678,
            0.05641801859418007,
            0.0604676678776741,
            0.039923414128692186,
            0.018565199452720275,
            0.013954833991927644,
            0.012037411076973563,
            0.006959061431762291,
            0.006072771544121716,
            0.005132965552174065,
            0.005687092494678824,
            0.00829827798249787,
            0.06780423320931932,
            0.05442925001660438,
            0.018124498528976962,
            0.0167601626519471,
            0.02167244097345496,
            0.09895370181088578,
            0.10251751480853721,
            0.03752241936856753,
            0.0356905438924489,
            0.025198150732337613,
            0.011382416809258396,
            0.010794435921188903,
            0.08059507299673883,
            0.07872769966313284,
            0.016673579888596926,
            0.00913621555401446,
            0.006631864770634534,
            0.010429261481925233,
            0.0046963519480538694,
            0.003337352625923614,
            0.002972939842674014,
            0.0013583511088604797,
            0.0013750055677270237,
            0.001443148475803741,
            0.0011620241383167162,
            0.0010738351592819576,
            0.001158719515581041,
            0.0012618418932854108,
            0.0009796707061667965
        ]
    },
    "train_oa": {
        "type": "index_value",
        "index": [
            10,
            20,
            30,
            40,
            50
        ],
        "value": [
            92.85049146404553,
            94.41282979824108,
            92.26073460941542,
            93.71960682876357,
            94.019658561821
        ]
    },
    "train_aa": {
        "type": "index_value",
        "index": [
            10,
            20,
            30,
            40,
            50
        ],
        "value": [
            96.40356468261466,
            97.09948062903179,
            95.81437907683872,
            96.8961890271714,
            97.01225914031639
        ]
    },
    "train_kappa": {
        "type": "index_value",
        "index": [
            10,
            20,
            30,
            40,
            50
        ],
        "value": [
            91.83192243874656,
            93.60842931476486,
            91.17074235343875,
            92.82758768578796,
            93.16512932637255
        ]
    },
    "param": {
        "data": {
            "data_sign": "Indian",
            "data_file": "Indian_40",
            "diffusion_sign": false,
            "patch_size": 13,
            "test_ratio": 0.95,
            "batch_size": 64,
            "num_classes": 16,
            "pca": 30,
            "dim_heads": 64,
            "spectral_size": 30,
            "append_dim": true
        },
        "net": {
            "trainer": "ssftt",
            "conv2d_out": 64,
            "dim": 64
        },
        "train": {
            "epochs": 50,
            "lr": 0.001,
            "weight_decay": 0
        },
        "uniq_name": "indian_ssftt.json_40_1"
    },
    "eval": {
        "classification": "                              precision    recall  f1-score   support\n\n                     Alfalfa     1.0000    1.0000    1.0000         6\n                 Corn-notill     0.9352    0.8833    0.9085      1388\n                Corn-mintill     0.9397    0.9671    0.9532       790\n                        Corn     0.9065    0.9848    0.9440       197\n               Grass-pasture     0.9596    0.9661    0.9629       443\n                 Grass-trees     0.9787    0.9986    0.9885       690\n         Grass-pasture-mowed     1.0000    1.0000    1.0000        14\n               Hay-windrowed     0.9910    1.0000    0.9955       438\n                        Oats     0.9091    1.0000    0.9524        10\n              Soybean-notill     0.7740    0.9517    0.8537       932\n             Soybean-mintill     0.9890    0.8928    0.9384      2415\n               Soybean-clean     0.9636    0.9096    0.9358       553\n                       Wheat     0.9066    1.0000    0.9510       165\n                       Woods     0.9782    0.9869    0.9825      1225\nBuildings-Grass-Trees-Drives     0.9326    1.0000    0.9651       346\n\n                   micro avg     0.9413    0.9400    0.9407      9612\n                   macro avg     0.9443    0.9694    0.9554      9612\n                weighted avg     0.9463    0.9400    0.9413      9612\n",
        "oa": 94.019658561821,
        "confusion": "[[   6    0    0    0    0    0    0    0    0    0    0    0    0    0\n     0    0]\n [   0 1226   12    5    0    0    0    0    0  110   24    4    0    3\n     4    0]\n [   0   20  764    3    1    0    0    0    0    2    0    0    0    0\n     0    0]\n [   0    3    0  194    0    0    0    0    0    0    0    0    0    0\n     0    0]\n [   0    0    5    0  428    0    0    0    0    1    0    0    8    1\n     0    0]\n [   0    1    0    0    0  689    0    0    0    0    0    0    0    0\n     0    0]\n [   0    0    0    0    0    0   14    0    0    0    0    0    0    0\n     0    0]\n [   0    0    0    0    0    0    0  438    0    0    0    0    0    0\n     0    0]\n [   0    0    0    0    0    0    0    0   10    0    0    0    0    0\n     0    0]\n [   0   18    7    0    0    0    0    0    0  887    0   11    0    3\n     6    0]\n [   0   43    3    0   15   15    0    4    0  146 2156    3    9   20\n     1    0]\n [   0    0   22   12    0    0    0    0    1    0    0  503    0    0\n     0   15]\n [   0    0    0    0    0    0    0    0    0    0    0    0  165    0\n     0    0]\n [   0    0    0    0    2    0    0    0    0    0    0    0    0 1209\n    14    0]\n [   0    0    0    0    0    0    0    0    0    0    0    0    0    0\n   346    0]\n [   0    0    0    0    0    0    0    0    0    0    0    1    0    0\n     0   52]]",
        "each_acc": "[100.          88.32853026  96.70886076  98.47715736  96.61399549\n  99.85507246 100.         100.         100.          95.17167382\n  89.27536232  90.95840868 100.          98.69387755 100.\n  98.11320755]",
        "aa": 97.01225914031639,
        "kappa": 93.16512932637255
    }
}