{
    "epoch_loss": {
        "type": "index_value",
        "index": [
            1,
            2,
            3,
            4,
            5,
            6,
            7,
            8,
            9,
            10,
            11,
            12,
            13,
            14,
            15,
            16,
            17,
            18,
            19,
            20,
            21,
            22,
            23,
            24,
            25,
            26,
            27,
            28,
            29,
            30,
            31,
            32,
            33,
            34,
            35,
            36,
            37,
            38,
            39,
            40,
            41,
            42,
            43,
            44,
            45,
            46,
            47,
            48,
            49,
            50
        ],
        "value": [
            1.9652098328345475,
            0.8793982420453382,
            0.45621930184631126,
            0.2615839303651533,
            0.14324081211298748,
            0.09549979522418087,
            0.053636920391187774,
            0.03239771846676488,
            0.028366754780198785,
            0.022455774095320975,
            0.01862379097228755,
            0.01777457266276331,
            0.013941640133195833,
            0.0076827651131604205,
            0.009227055901263331,
            0.004823540774317007,
            0.003511459398961264,
            0.00291442404029466,
            0.0026888090972167307,
            0.0028660381777369692,
            0.0023136281126434014,
            0.0020858817134210184,
            0.0018778053642460378,
            0.002190413550938743,
            0.0021296075954124697,
            0.001954445221569587,
            0.0016402739697768001,
            0.0015525601452171076,
            0.0011151019143745026,
            0.001270040866706408,
            0.0012723106265915198,
            0.0011331356179645256,
            0.001025359543311641,
            0.001009031704916262,
            0.0008533547110113996,
            0.0007746957708150148,
            0.00085721454744119,
            0.0007059994324710397,
            0.0007947615352479295,
            0.0008433594826376399,
            0.0006540042876501112,
            0.000614116607712237,
            0.0006492764471396751,
            0.0006601942678575418,
            0.0006687236299078212,
            0.0006337340388692904,
            0.0005210238169655578,
            0.0005358641659353233,
            0.0006578919014938902,
            0.00047669973446709643
        ]
    },
    "train_oa": {
        "type": "index_value",
        "index": [
            10,
            20,
            30,
            40,
            50
        ],
        "value": [
            94.54564489112228,
            95.92755443886098,
            95.8856783919598,
            95.93802345058626,
            95.80192629815745
        ]
    },
    "train_aa": {
        "type": "index_value",
        "index": [
            10,
            20,
            30,
            40,
            50
        ],
        "value": [
            96.53530807809946,
            97.83173260912564,
            97.80971190786407,
            97.79213530205143,
            97.75075434519134
        ]
    },
    "train_kappa": {
        "type": "index_value",
        "index": [
            10,
            20,
            30,
            40,
            50
        ],
        "value": [
            93.70139562924552,
            95.32845285199531,
            95.28026085188243,
            95.33992008832858,
            95.18608737687664
        ]
    },
    "param": {
        "data": {
            "data_sign": "Indian",
            "data_file": "Indian_50",
            "diffusion_sign": false,
            "patch_size": 13,
            "test_ratio": 0.95,
            "batch_size": 64,
            "num_classes": 16,
            "pca": 30,
            "dim_heads": 64,
            "spectral_size": 30,
            "append_dim": true
        },
        "net": {
            "trainer": "ssftt",
            "conv2d_out": 64,
            "dim": 64
        },
        "train": {
            "epochs": 50,
            "lr": 0.001,
            "weight_decay": 0
        },
        "uniq_name": "indian_ssftt.json_50_4"
    },
    "eval": {
        "classification": "                              precision    recall  f1-score   support\n\n                     Alfalfa     0.9583    1.0000    0.9787        23\n                 Corn-notill     0.9759    0.9412    0.9583      1378\n                Corn-mintill     0.9882    0.9641    0.9760       780\n                        Corn     0.9487    0.9893    0.9686       187\n               Grass-pasture     0.9743    0.9630    0.9686       433\n                 Grass-trees     0.9404    0.9971    0.9679       680\n         Grass-pasture-mowed     0.5833    1.0000    0.7368        14\n               Hay-windrowed     0.9885    1.0000    0.9942       428\n                        Oats     1.0000    1.0000    1.0000        10\n              Soybean-notill     0.9137    0.9187    0.9162       922\n             Soybean-mintill     0.9741    0.9380    0.9557      2405\n               Soybean-clean     0.9214    0.9503    0.9356       543\n                       Wheat     0.8564    1.0000    0.9226       155\n                       Woods     0.9909    0.9844    0.9876      1215\nBuildings-Grass-Trees-Drives     0.9151    0.9940    0.9529       336\n\n                   micro avg     0.9607    0.9578    0.9592      9509\n                   macro avg     0.9286    0.9760    0.9480      9509\n                weighted avg     0.9619    0.9578    0.9594      9509\n",
        "oa": 95.80192629815745,
        "confusion": "[[  23    0    0    0    0    0    0    0    0    0    0    0    0    0\n     0    0]\n [   1 1297    3    0    0   12    0    0    0    4   11   22    0    3\n    16    9]\n [   0    6  752    2    0    0    0    0    0    4    0    3   13    0\n     0    0]\n [   0    0    0  185    0    0    0    0    0    0    0    2    0    0\n     0    0]\n [   0    0    0    0  417    0   10    0    0    0    1    2    3    0\n     0    0]\n [   0    0    0    0    0  678    0    0    0    0    1    0    0    1\n     0    0]\n [   0    0    0    0    0    0   14    0    0    0    0    0    0    0\n     0    0]\n [   0    0    0    0    0    0    0  428    0    0    0    0    0    0\n     0    0]\n [   0    0    0    0    0    0    0    0   10    0    0    0    0    0\n     0    0]\n [   0   18    0    0    0    0    0    0    0  847   47    6    0    4\n     0    0]\n [   0    6    6    0   11   31    0    0    0   72 2256    9   10    3\n     1    0]\n [   0    0    0    8    0    0    0    0    0    0    0  516    0    0\n     0   19]\n [   0    0    0    0    0    0    0    0    0    0    0    0  155    0\n     0    0]\n [   0    0    0    0    0    0    0    5    0    0    0    0    0 1196\n    14    0]\n [   0    2    0    0    0    0    0    0    0    0    0    0    0    0\n   334    0]\n [   0    0    0    0    0    0    0    0    0    0    0    0    0    0\n     0   43]]",
        "each_acc": "[100.          94.12191582  96.41025641  98.93048128  96.30484988\n  99.70588235 100.         100.         100.          91.86550976\n  93.8045738   95.02762431 100.          98.43621399  99.4047619\n 100.        ]",
        "aa": 97.75075434519134,
        "kappa": 95.18608737687664
    }
}