{
    "epoch_loss": {
        "type": "index_value",
        "index": [
            1,
            2,
            3,
            4,
            5,
            6,
            7,
            8,
            9,
            10,
            11,
            12,
            13,
            14,
            15,
            16,
            17,
            18,
            19,
            20,
            21,
            22,
            23,
            24,
            25,
            26,
            27,
            28,
            29,
            30,
            31,
            32,
            33,
            34,
            35,
            36,
            37,
            38,
            39,
            40,
            41,
            42,
            43,
            44,
            45,
            46,
            47,
            48,
            49,
            50
        ],
        "value": [
            1.7447822187658952,
            0.7432958854513272,
            0.31957358637196265,
            0.17504351426641193,
            0.09593085090583585,
            0.07605037457132859,
            0.054775150202241746,
            0.024755347227315084,
            0.0181718390725526,
            0.009699720037400614,
            0.0073892473729671925,
            0.005175347983873165,
            0.004448772805034574,
            0.0037126982170174027,
            0.0038907052256491265,
            0.0030978153571779273,
            0.0027441073309274295,
            0.0031239712177837738,
            0.0178403354237507,
            0.013336218970105899,
            0.03110963152102144,
            0.025637271416518823,
            0.020358816879894923,
            0.015006390370951094,
            0.020975243268667426,
            0.020338364463511227,
            0.01167164503302799,
            0.01100416788088097,
            0.007198291063813229,
            0.04245756135886353,
            0.031998686340413404,
            0.01714286958503716,
            0.006881281238008728,
            0.003722227768332865,
            0.0019835848279608167,
            0.001269079275353797,
            0.0009709292157871835,
            0.000722385594253051,
            0.0011670677697788834,
            0.0006981709573438736,
            0.0008588572168027916,
            0.0007242068077241631,
            0.0007257814933458611,
            0.0005321835678061211,
            0.00043086452171585984,
            0.0004053305744932809,
            0.0004198042016494411,
            0.000432019716268349,
            0.0003909023678060587,
            0.00035317027674590384
        ]
    },
    "train_oa": {
        "type": "index_value",
        "index": [
            10,
            20,
            30,
            40,
            50
        ],
        "value": [
            95.6378688176608,
            92.46444491615368,
            93.15431967735088,
            96.95393759286776,
            96.96455105073233
        ]
    },
    "train_aa": {
        "type": "index_value",
        "index": [
            10,
            20,
            30,
            40,
            50
        ],
        "value": [
            98.26176511943967,
            96.43936135419189,
            97.30026427003234,
            98.85709004724173,
            98.88332967715955
        ]
    },
    "train_kappa": {
        "type": "index_value",
        "index": [
            10,
            20,
            30,
            40,
            50
        ],
        "value": [
            95.00151060548832,
            91.40028290434162,
            92.18501027156144,
            96.50300284857465,
            96.51631280446881
        ]
    },
    "param": {
        "data": {
            "data_sign": "Indian",
            "data_file": "Indian_60",
            "diffusion_sign": false,
            "patch_size": 13,
            "test_ratio": 0.95,
            "batch_size": 64,
            "num_classes": 16,
            "pca": 30,
            "dim_heads": 64,
            "spectral_size": 30,
            "append_dim": true
        },
        "net": {
            "trainer": "ssftt",
            "conv2d_out": 64,
            "dim": 64
        },
        "train": {
            "epochs": 50,
            "lr": 0.001,
            "weight_decay": 0
        },
        "uniq_name": "indian_ssftt.json_60_2"
    },
    "eval": {
        "classification": "                              precision    recall  f1-score   support\n\n                     Alfalfa     0.8519    1.0000    0.9200        23\n                 Corn-notill     0.9618    0.9766    0.9692      1368\n                Corn-mintill     0.9947    0.9701    0.9822       770\n                        Corn     0.9944    0.9944    0.9944       177\n               Grass-pasture     0.9724    1.0000    0.9860       423\n                 Grass-trees     0.9696    0.9985    0.9838       670\n         Grass-pasture-mowed     1.0000    1.0000    1.0000        14\n               Hay-windrowed     0.9976    1.0000    0.9988       418\n                        Oats     0.6667    1.0000    0.8000        10\n              Soybean-notill     0.8543    0.9836    0.9144       912\n             Soybean-mintill     0.9982    0.9169    0.9558      2395\n               Soybean-clean     0.9796    0.9887    0.9841       533\n                       Wheat     0.9667    1.0000    0.9831       145\n                       Woods     0.9967    0.9925    0.9946      1205\nBuildings-Grass-Trees-Drives     0.9849    1.0000    0.9924       326\n\n                   micro avg     0.9698    0.9695    0.9697      9389\n                   macro avg     0.9459    0.9881    0.9639      9389\n                weighted avg     0.9724    0.9695    0.9700      9389\n",
        "oa": 96.96455105073233,
        "confusion": "[[  23    0    0    0    0    0    0    0    0    0    0    0    0    0\n     0    0]\n [   3 1336    0    0    0   11    0    0    0   17    0    0    0    0\n     1    0]\n [   0    8  747    0    1    0    0    0    3    0    1    7    2    1\n     0    0]\n [   0    0    0  176    0    0    0    0    0    0    0    1    0    0\n     0    0]\n [   0    0    0    0  423    0    0    0    0    0    0    0    0    0\n     0    0]\n [   0    1    0    0    0  669    0    0    0    0    0    0    0    0\n     0    0]\n [   0    0    0    0    0    0   14    0    0    0    0    0    0    0\n     0    0]\n [   0    0    0    0    0    0    0  418    0    0    0    0    0    0\n     0    0]\n [   0    0    0    0    0    0    0    0   10    0    0    0    0    0\n     0    0]\n [   1    8    0    0    0    0    0    0    0  897    2    3    0    1\n     0    0]\n [   0   32    4    0    8   10    0    0    0  136 2196    0    3    2\n     4    0]\n [   0    0    0    1    0    0    0    0    2    0    0  527    0    0\n     0    3]\n [   0    0    0    0    0    0    0    0    0    0    0    0  145    0\n     0    0]\n [   0    4    0    0    3    0    0    1    0    0    1    0    0 1196\n     0    0]\n [   0    0    0    0    0    0    0    0    0    0    0    0    0    0\n   326    0]\n [   0    0    0    0    0    0    0    0    0    0    0    0    0    0\n     0   33]]",
        "each_acc": "[100.          97.66081871  97.01298701  99.43502825 100.\n  99.85074627 100.         100.         100.          98.35526316\n  91.69102296  98.87429644 100.          99.25311203 100.\n 100.        ]",
        "aa": 98.88332967715955,
        "kappa": 96.51631280446881
    }
}