{
    "epoch_loss": {
        "type": "index_value",
        "index": [
            1,
            2,
            3,
            4,
            5,
            6,
            7,
            8,
            9,
            10,
            11,
            12,
            13,
            14,
            15,
            16,
            17,
            18,
            19,
            20,
            21,
            22,
            23,
            24,
            25,
            26,
            27,
            28,
            29,
            30,
            31,
            32,
            33,
            34,
            35,
            36,
            37,
            38,
            39,
            40,
            41,
            42,
            43,
            44,
            45,
            46,
            47,
            48,
            49,
            50
        ],
        "value": [
            1.5556111824874386,
            0.5458443454897721,
            0.2411683141335283,
            0.09399472818930103,
            0.061022342814144565,
            0.04586285000912016,
            0.04356172416280362,
            0.029168444282093395,
            0.03136353405482087,
            0.04144586702224412,
            0.024840069795926997,
            0.028666468948920932,
            0.023771711922462312,
            0.01554576764371599,
            0.006028838017432785,
            0.00831545873270083,
            0.008184961130261669,
            0.04083473733502073,
            0.028557840021877192,
            0.016795418695602377,
            0.005647142951504397,
            0.004606542261034634,
            0.0027840999225492947,
            0.008082564582614693,
            0.019583703920274302,
            0.003310372495938953,
            0.0022291456449437604,
            0.001163692838189354,
            0.0013535331691899735,
            0.000849007118804759,
            0.0006129351728780001,
            0.0005677566011526245,
            0.0006510421588525121,
            0.0005817169563676871,
            0.0006669764719704695,
            0.0005521757650063155,
            0.0004744358445535283,
            0.0005295975638742849,
            0.0004350779426653408,
            0.00041328621380825345,
            0.0004262749089680787,
            0.0003994665967652672,
            0.0003251598066977622,
            0.0002988333368694055,
            0.0003558145186447443,
            0.00030666894612280376,
            0.0002951600248340634,
            0.0002644664544807944,
            0.00029060550357963506,
            0.00032428881047330386
        ]
    },
    "train_oa": {
        "type": "index_value",
        "index": [
            10,
            20,
            30,
            40,
            50
        ],
        "value": [
            94.4007858546169,
            95.76511678672779,
            96.41999563414102,
            96.47456887142545,
            96.54005675616678
        ]
    },
    "train_aa": {
        "type": "index_value",
        "index": [
            10,
            20,
            30,
            40,
            50
        ],
        "value": [
            97.81967206231165,
            97.83628208379663,
            98.50921576726613,
            98.54201254606735,
            98.55831647633165
        ]
    },
    "train_kappa": {
        "type": "index_value",
        "index": [
            10,
            20,
            30,
            40,
            50
        ],
        "value": [
            93.57532268751861,
            95.12276363994978,
            95.87599325741003,
            95.93890184825207,
            96.01409209017643
        ]
    },
    "param": {
        "data": {
            "data_sign": "Indian",
            "data_file": "Indian_80",
            "diffusion_sign": false,
            "patch_size": 13,
            "test_ratio": 0.95,
            "batch_size": 64,
            "num_classes": 16,
            "pca": 30,
            "dim_heads": 64,
            "spectral_size": 30,
            "append_dim": true
        },
        "net": {
            "trainer": "ssftt",
            "conv2d_out": 64,
            "dim": 64
        },
        "train": {
            "epochs": 50,
            "lr": 0.001,
            "weight_decay": 0
        },
        "uniq_name": "indian_ssftt.json_80_2"
    },
    "eval": {
        "classification": "                              precision    recall  f1-score   support\n\n                     Alfalfa     0.9200    1.0000    0.9583        23\n                 Corn-notill     0.9708    0.9622    0.9665      1348\n                Corn-mintill     0.9973    0.9707    0.9838       750\n                        Corn     1.0000    1.0000    1.0000       157\n               Grass-pasture     0.9900    0.9876    0.9888       403\n                 Grass-trees     0.9481    0.9831    0.9653       650\n         Grass-pasture-mowed     1.0000    1.0000    1.0000        14\n               Hay-windrowed     0.9684    1.0000    0.9839       398\n                        Oats     1.0000    1.0000    1.0000        10\n              Soybean-notill     0.8615    0.9832    0.9183       892\n             Soybean-mintill     0.9887    0.9192    0.9527      2375\n               Soybean-clean     0.9745    0.9669    0.9706       513\n                       Wheat     1.0000    1.0000    1.0000       125\n                       Woods     0.9924    0.9966    0.9945      1185\nBuildings-Grass-Trees-Drives     0.9387    1.0000    0.9684       306\n\n                   micro avg     0.9668    0.9654    0.9661      9149\n                   macro avg     0.9700    0.9846    0.9767      9149\n                weighted avg     0.9689    0.9654    0.9663      9149\n",
        "oa": 96.54005675616678,
        "confusion": "[[  23    0    0    0    0    0    0    0    0    0    0    0    0    0\n     0    0]\n [   2 1297    2    0    0    7    0    0    0   22    6    3    0    2\n     5    2]\n [   0    2  728    0    0    0    0    0    0    0   10   10    0    0\n     0    0]\n [   0    0    0  157    0    0    0    0    0    0    0    0    0    0\n     0    0]\n [   0    0    0    0  398    0    0    0    0    5    0    0    0    0\n     0    0]\n [   0    2    0    0    0  639    0    0    0    0    1    0    0    6\n     2    0]\n [   0    0    0    0    0    0   14    0    0    0    0    0    0    0\n     0    0]\n [   0    0    0    0    0    0    0  398    0    0    0    0    0    0\n     0    0]\n [   0    0    0    0    0    0    0    0   10    0    0    0    0    0\n     0    0]\n [   0    0    0    0    0    0    0    0    0  877    8    0    0    1\n     6    0]\n [   0   35    0    0    4   28    0    9    0  114 2183    0    0    0\n     2    0]\n [   0    0    0    0    0    0    0    0    0    0    0  496    0    0\n     5   12]\n [   0    0    0    0    0    0    0    0    0    0    0    0  125    0\n     0    0]\n [   0    0    0    0    0    0    0    4    0    0    0    0    0 1181\n     0    0]\n [   0    0    0    0    0    0    0    0    0    0    0    0    0    0\n   306    0]\n [   0    0    0    0    0    0    0    0    0    0    0    0    0    0\n     0   13]]",
        "each_acc": "[100.          96.21661721  97.06666667 100.          98.75930521\n  98.30769231 100.         100.         100.          98.31838565\n  91.91578947  96.68615984 100.          99.66244726 100.\n 100.        ]",
        "aa": 98.55831647633165,
        "kappa": 96.01409209017643
    }
}