{
    "epoch_loss": {
        "type": "index_value",
        "index": [
            1,
            2,
            3,
            4,
            5,
            6,
            7,
            8,
            9,
            10,
            11,
            12,
            13,
            14,
            15,
            16,
            17,
            18,
            19,
            20,
            21,
            22,
            23,
            24,
            25,
            26,
            27,
            28,
            29,
            30,
            31,
            32,
            33,
            34,
            35,
            36,
            37,
            38,
            39,
            40,
            41,
            42,
            43,
            44,
            45,
            46,
            47,
            48,
            49,
            50
        ],
        "value": [
            2.659354591369629,
            1.9524555683135987,
            1.5448022603988647,
            1.1909779906272888,
            0.9538408994674683,
            0.7331525325775147,
            0.5505486607551575,
            0.3998409152030945,
            0.28201502561569214,
            0.17796902358531952,
            0.1298181891441345,
            0.0930327296257019,
            0.07126947119832039,
            0.048039241880178454,
            0.05284793078899384,
            0.03069177269935608,
            0.02308376468718052,
            0.02502000592648983,
            0.02194688357412815,
            0.017582326754927637,
            0.012993317469954491,
            0.011450836434960365,
            0.011960149556398392,
            0.009112541563808918,
            0.009120310097932816,
            0.008455044217407703,
            0.006663373671472073,
            0.007283055782318115,
            0.00669975932687521,
            0.008078702725470066,
            0.006322631053626538,
            0.0054483355954289435,
            0.0051852547563612465,
            0.005399928614497185,
            0.0052302957512438296,
            0.0043072493746876715,
            0.005213218554854393,
            0.0037242243997752666,
            0.004390134382992983,
            0.004217865224927664,
            0.004117247741669416,
            0.003969424404203892,
            0.003650915902107954,
            0.0032988736405968667,
            0.0040336080826818945,
            0.0035784094594419,
            0.003316007927060127,
            0.003964847326278687,
            0.002874628687277436,
            0.0027909371070563792
        ]
    },
    "train_oa": {
        "type": "index_value",
        "index": [
            10,
            20,
            30,
            40,
            50
        ],
        "value": [
            81.13787293091485,
            81.77222717811478,
            82.22816929328972,
            82.21825750817723,
            82.4065814253147
        ]
    },
    "train_aa": {
        "type": "index_value",
        "index": [
            10,
            20,
            30,
            40,
            50
        ],
        "value": [
            89.53966698891969,
            91.13844520603149,
            91.35697439026684,
            91.27506788580209,
            91.38218707027471
        ]
    },
    "train_kappa": {
        "type": "index_value",
        "index": [
            10,
            20,
            30,
            40,
            50
        ],
        "value": [
            78.7285290243003,
            79.51441885762429,
            80.06190630774806,
            80.03467478416617,
            80.24854180862219
        ]
    },
    "param": {
        "data": {
            "data_sign": "Indian",
            "data_file": "Indian_10",
            "diffusion_sign": false,
            "patch_size": 13,
            "test_ratio": 0.95,
            "batch_size": 64,
            "num_classes": 16,
            "pca": 30,
            "dim_heads": 64,
            "spectral_size": 30,
            "append_dim": true
        },
        "net": {
            "trainer": "ssftt",
            "conv2d_out": 64,
            "dim": 64
        },
        "train": {
            "epochs": 50,
            "lr": 0.001,
            "weight_decay": 0
        },
        "uniq_name": "indian_ssftt.json_10_3"
    },
    "eval": {
        "classification": "                              precision    recall  f1-score   support\n\n                     Alfalfa     1.0000    1.0000    1.0000        36\n                 Corn-notill     0.8154    0.7165    0.7628      1418\n                Corn-mintill     0.8319    0.8451    0.8385       820\n                        Corn     0.6541    0.9163    0.7633       227\n               Grass-pasture     0.8803    0.9175    0.8986       473\n                 Grass-trees     0.8619    0.9444    0.9013       720\n         Grass-pasture-mowed     0.6000    1.0000    0.7500        18\n               Hay-windrowed     0.9853    1.0000    0.9926       468\n                        Oats     0.1613    1.0000    0.2778        10\n              Soybean-notill     0.7539    0.8597    0.8033       962\n             Soybean-mintill     0.9410    0.6462    0.7662      2445\n               Soybean-clean     0.6746    0.8250    0.7423       583\n                       Wheat     0.7738    1.0000    0.8725       195\n                       Woods     0.8831    0.9689    0.9240      1255\nBuildings-Grass-Trees-Drives     0.6649    0.9814    0.7927       376\n\n                   micro avg     0.8268    0.8226    0.8247     10006\n                   macro avg     0.7654    0.9081    0.8057     10006\n                weighted avg     0.8457    0.8226    0.8235     10006\n",
        "oa": 82.4065814253147,
        "confusion": "[[  36    0    0    0    0    0    0    0    0    0    0    0    0    0\n     0    0]\n [   0 1016    2    8    0   18    0    0    0  116   94    0    0  120\n    44    0]\n [   0    9  693   22   19    0    0    0   13    7    0   12   45    0\n     0    0]\n [   0   16    0  208    0    0    0    0    0    0    0    3    0    0\n     0    0]\n [   0    0   11    1  434    0    8    0    0    0    0    2    0   16\n     1    0]\n [   0    1    0    0    0  680    0    0   39    0    0    0    0    0\n     0    0]\n [   0    0    0    0    0    0   18    0    0    0    0    0    0    0\n     0    0]\n [   0    0    0    0    0    0    0  468    0    0    0    0    0    0\n     0    0]\n [   0    0    0    0    0    0    0    0   10    0    0    0    0    0\n     0    0]\n [   0   55    2    0   27    0    2    0    0  827    0    7    0   15\n    27    0]\n [   0  149  113   51   10   91    2    5    0  145 1580  208   12   10\n    69    0]\n [   0    0    8   28    0    0    0    0    0    2    0  481    0    0\n    13   51]\n [   0    0    0    0    0    0    0    0    0    0    0    0  195    0\n     0    0]\n [   0    0    0    0    0    0    0    2    0    0    5    0    0 1216\n    32    0]\n [   0    0    4    0    3    0    0    0    0    0    0    0    0    0\n   369    0]\n [   0    0    0    0    0    0    0    0    0    0    0    0    0    0\n     0   83]]",
        "each_acc": "[100.          71.65021157  84.51219512  91.62995595  91.75475687\n  94.44444444 100.         100.         100.          85.96673597\n  64.62167689  82.50428816 100.          96.89243028  98.13829787\n 100.        ]",
        "aa": 91.38218707027471,
        "kappa": 80.24854180862219
    }
}