{
    "epoch_loss": {
        "type": "index_value",
        "index": [
            1,
            2,
            3,
            4,
            5,
            6,
            7,
            8,
            9,
            10,
            11,
            12,
            13,
            14,
            15,
            16,
            17,
            18,
            19,
            20,
            21,
            22,
            23,
            24,
            25,
            26,
            27,
            28,
            29,
            30,
            31,
            32,
            33,
            34,
            35,
            36,
            37,
            38,
            39,
            40,
            41,
            42,
            43,
            44,
            45,
            46,
            47,
            48,
            49,
            50
        ],
        "value": [
            2.460318954529301,
            1.5595042782445108,
            1.051313196074578,
            0.7153536811951668,
            0.4526693997844573,
            0.3189509726339771,
            0.2009987424458227,
            0.10603051863370404,
            0.08050786319278902,
            0.0577871544707206,
            0.03851051147907011,
            0.02187654698087323,
            0.02248372047418548,
            0.018038986196681376,
            0.013095915413671924,
            0.009593845897864911,
            0.009393896571090144,
            0.009791661747881483,
            0.006294076871727744,
            0.006931350518378519,
            0.006999908273498858,
            0.006616334022293168,
            0.004944417334251827,
            0.005418193526566029,
            0.004616794933474833,
            0.004061692460410057,
            0.003717724191806009,
            0.003597530536353588,
            0.00384786433329986,
            0.0031513446386182502,
            0.0030061538721765243,
            0.0029671830710985008,
            0.0031220743447662362,
            0.0025708831561308716,
            0.002443973662992639,
            0.0023224316176868255,
            0.0022156184298857567,
            0.0022063530320602077,
            0.002065699591091083,
            0.0024639139117132274,
            0.001987024268976623,
            0.002047847995474454,
            0.0017646501621892375,
            0.0023699039833680277,
            0.001597374911990858,
            0.0015786208640483598,
            0.0014331742955912506,
            0.0015983666706409665,
            0.0016596464019629264,
            0.0014625193400969428
        ]
    },
    "train_oa": {
        "type": "index_value",
        "index": [
            10,
            20,
            30,
            40,
            50
        ],
        "value": [
            86.09518060167018,
            88.68095381829157,
            89.33494315323473,
            89.21420666062984,
            89.27457490693229
        ]
    },
    "train_aa": {
        "type": "index_value",
        "index": [
            10,
            20,
            30,
            40,
            50
        ],
        "value": [
            92.22685831961186,
            93.69918442074038,
            94.11373329373893,
            93.9472762074407,
            93.88271912368181
        ]
    },
    "train_kappa": {
        "type": "index_value",
        "index": [
            10,
            20,
            30,
            40,
            50
        ],
        "value": [
            84.2064506960163,
            87.15573873339844,
            87.8922911838153,
            87.75639629734286,
            87.81518090038547
        ]
    },
    "param": {
        "data": {
            "data_sign": "Indian",
            "data_file": "Indian_20",
            "diffusion_sign": false,
            "patch_size": 13,
            "test_ratio": 0.95,
            "batch_size": 64,
            "num_classes": 16,
            "pca": 30,
            "dim_heads": 64,
            "spectral_size": 30,
            "append_dim": true
        },
        "net": {
            "trainer": "ssftt",
            "conv2d_out": 64,
            "dim": 64
        },
        "train": {
            "epochs": 50,
            "lr": 0.001,
            "weight_decay": 0
        },
        "uniq_name": "indian_ssftt.json_20_2"
    },
    "eval": {
        "classification": "                              precision    recall  f1-score   support\n\n                     Alfalfa     0.8125    1.0000    0.8966        26\n                 Corn-notill     0.8644    0.8423    0.8532      1408\n                Corn-mintill     0.9382    0.8802    0.9083       810\n                        Corn     0.5452    1.0000    0.7057       217\n               Grass-pasture     0.9197    0.9158    0.9177       463\n                 Grass-trees     0.9374    0.9704    0.9536       710\n         Grass-pasture-mowed     0.3810    1.0000    0.5517         8\n               Hay-windrowed     0.9913    1.0000    0.9957       458\n                        Oats     0.1471    1.0000    0.2564        10\n              Soybean-notill     0.8795    0.8897    0.8846       952\n             Soybean-mintill     0.9543    0.8752    0.9130      2435\n               Soybean-clean     0.9241    0.7644    0.8367       573\n                       Wheat     0.8186    1.0000    0.9002       185\n                       Woods     0.9964    0.8859    0.9379      1245\nBuildings-Grass-Trees-Drives     0.6784    0.9973    0.8075       366\n\n                   micro avg     0.8934    0.8920    0.8927      9866\n                   macro avg     0.7859    0.9347    0.8213      9866\n                weighted avg     0.9119    0.8920    0.8973      9866\n",
        "oa": 89.27457490693229,
        "confusion": "[[  26    0    0    0    0    0    0    0    0    0    0    0    0    0\n     0    0]\n [   3 1186    2  106    1    8    0    0    0   25   62    7    0    0\n     8    0]\n [   0   18  713    1   14    0    0    0   23    1    9    0   31    0\n     0    0]\n [   0    0    0  217    0    0    0    0    0    0    0    0    0    0\n     0    0]\n [   0    0   10    0  424    0   10    0    0   11    0    0    8    0\n     0    0]\n [   0    3    0    0    0  689    0    0   12    0    0    2    0    0\n     0    4]\n [   0    0    0    0    0    0    8    0    0    0    0    0    0    0\n     0    0]\n [   0    0    0    0    0    0    0  458    0    0    0    0    0    0\n     0    0]\n [   0    0    0    0    0    0    0    0   10    0    0    0    0    0\n     0    0]\n [   3   71    0    0    1    0    0    0    0  847   23    1    0    0\n     6    0]\n [   0   81   24   36    1   33    3    2    0   77 2131   26    2    4\n    15    0]\n [   0    0   11   38    0    5    0    0   23    2    6  438    0    0\n    38   12]\n [   0    0    0    0    0    0    0    0    0    0    0    0  185    0\n     0    0]\n [   0   12    0    0   20    0    0    2    0    0    2    0    0 1103\n   106    0]\n [   0    1    0    0    0    0    0    0    0    0    0    0    0    0\n   365    0]\n [   0    0    0    0    0    0    0    0    0    0    0    0    0    0\n     0   73]]",
        "each_acc": "[100.          84.23295455  88.02469136 100.          91.57667387\n  97.04225352 100.         100.         100.          88.97058824\n  87.51540041  76.43979058 100.          88.59437751  99.72677596\n 100.        ]",
        "aa": 93.88271912368181,
        "kappa": 87.81518090038547
    }
}