{
    "epoch_loss": {
        "type": "index_value",
        "index": [
            1,
            2,
            3,
            4,
            5,
            6,
            7,
            8,
            9,
            10,
            11,
            12,
            13,
            14,
            15,
            16,
            17,
            18,
            19,
            20,
            21,
            22,
            23,
            24,
            25,
            26,
            27,
            28,
            29,
            30,
            31,
            32,
            33,
            34,
            35,
            36,
            37,
            38,
            39,
            40,
            41,
            42,
            43,
            44,
            45,
            46,
            47,
            48,
            49,
            50
        ],
        "value": [
            2.693529987335205,
            1.9908960819244386,
            1.4903869867324828,
            1.161274254322052,
            0.934606409072876,
            0.6759488701820373,
            0.49098206162452696,
            0.34024341106414796,
            0.24444270133972168,
            0.1585683673620224,
            0.09621164947748184,
            0.07784894406795502,
            0.05962361395359039,
            0.03992205485701561,
            0.02652503103017807,
            0.025662310421466827,
            0.019428226351737975,
            0.022294291853904726,
            0.01338803619146347,
            0.013671952113509179,
            0.014447857439517976,
            0.010386844351887702,
            0.009643576107919216,
            0.008039138279855251,
            0.007736431248486042,
            0.006545303296297789,
            0.0056272043846547605,
            0.005801589041948318,
            0.005095644015818834,
            0.006141756381839514,
            0.005594843067228794,
            0.004516644589602947,
            0.005835019424557686,
            0.0034934379160404204,
            0.003579584788531065,
            0.004155125189572573,
            0.0033516415394842626,
            0.003991727437824011,
            0.0031178588047623633,
            0.003440834395587444,
            0.003597360756248236,
            0.002863842435181141,
            0.003262826427817345,
            0.003432167042046785,
            0.0029994811862707137,
            0.003455888945609331,
            0.0036738709546625613,
            0.004094436904415489,
            0.0029937262181192635,
            0.0029546577017754315
        ]
    },
    "train_oa": {
        "type": "index_value",
        "index": [
            10,
            20,
            30,
            40,
            50
        ],
        "value": [
            81.01893150956488,
            81.19734364158985,
            82.57508177222718,
            82.52552284666469,
            82.57508177222718
        ]
    },
    "train_aa": {
        "type": "index_value",
        "index": [
            10,
            20,
            30,
            40,
            50
        ],
        "value": [
            90.2211505730559,
            90.60862224840527,
            90.9504188199781,
            91.17127666953478,
            91.14696460461047
        ]
    },
    "train_kappa": {
        "type": "index_value",
        "index": [
            10,
            20,
            30,
            40,
            50
        ],
        "value": [
            78.68574190978292,
            78.88825663782268,
            80.3705799844496,
            80.34957132079013,
            80.40283261852936
        ]
    },
    "param": {
        "data": {
            "data_sign": "Indian",
            "data_file": "Indian_10",
            "diffusion_sign": false,
            "patch_size": 13,
            "test_ratio": 0.95,
            "batch_size": 64,
            "num_classes": 16,
            "pca": 30,
            "dim_heads": 64,
            "spectral_size": 30,
            "append_dim": true
        },
        "net": {
            "trainer": "ssftt",
            "conv2d_out": 64,
            "dim": 64
        },
        "train": {
            "epochs": 50,
            "lr": 0.001,
            "weight_decay": 0
        },
        "uniq_name": "indian_ssftt.json_10_2"
    },
    "eval": {
        "classification": "                              precision    recall  f1-score   support\n\n                     Alfalfa     0.8372    1.0000    0.9114        36\n                 Corn-notill     0.8183    0.7052    0.7576      1418\n                Corn-mintill     0.7530    0.8293    0.7893       820\n                        Corn     0.9107    0.8987    0.9047       227\n               Grass-pasture     0.7888    0.8922    0.8373       473\n                 Grass-trees     0.9215    0.9125    0.9170       720\n         Grass-pasture-mowed     0.2903    1.0000    0.4500        18\n               Hay-windrowed     0.9892    0.9808    0.9850       468\n                        Oats     0.2222    1.0000    0.3636        10\n              Soybean-notill     0.6399    0.8607    0.7340       962\n             Soybean-mintill     0.9357    0.6663    0.7783      2445\n               Soybean-clean     0.6989    0.8799    0.7790       583\n                       Wheat     0.7959    1.0000    0.8864       195\n                       Woods     0.9542    0.9793    0.9666      1255\nBuildings-Grass-Trees-Drives     0.8270    0.9787    0.8965       376\n\n                   micro avg     0.8283    0.8243    0.8263     10006\n                   macro avg     0.7589    0.9056    0.7971     10006\n                weighted avg     0.8491    0.8243    0.8270     10006\n",
        "oa": 82.57508177222718,
        "confusion": "[[  36    0    0    0    0    0    0    0    0    0    0    0    0    0\n     0    0]\n [   2 1000   36    0    0   22   21    0    0  183  112    8    0   12\n    22    0]\n [   0    6  680    4   10    0    0    0    4   11    0   52   50    0\n     3    0]\n [   0   16    0  204    4    0    0    0    0    0    0    2    0    0\n     1    0]\n [   0    0   25    0  422    0    7    0    0    0    0    2    0   17\n     0    0]\n [   0    0    0    0   34  657    0    0   28    0    0    0    0    0\n     1    0]\n [   0    0    0    0    0    0   18    0    0    0    0    0    0    0\n     0    0]\n [   5    0    0    0    4    0    0  459    0    0    0    0    0    0\n     0    0]\n [   0    0    0    0    0    0    0    0   10    0    0    0    0    0\n     0    0]\n [   0   55   20    0   32    6    0    0    0  828    0    2    0   11\n     8    0]\n [   0  145  138    8   19   28   16    4    3  265 1629  155    0   19\n    16    0]\n [   0    0    4    5    5    0    0    0    0    4    0  513    0    0\n     4   48]\n [   0    0    0    0    0    0    0    0    0    0    0    0  195    0\n     0    0]\n [   0    0    0    0    0    0    0    1    0    3    0    0    0 1229\n    22    0]\n [   0    0    0    3    5    0    0    0    0    0    0    0    0    0\n   368    0]\n [   0    0    0    0    0    0    0    0    0    0    0    0    0    0\n     0   83]]",
        "each_acc": "[100.          70.52186178  82.92682927  89.86784141  89.21775899\n  91.25       100.          98.07692308 100.          86.07068607\n  66.62576687  87.99313894 100.          97.92828685  97.87234043\n 100.        ]",
        "aa": 91.14696460461047,
        "kappa": 80.40283261852936
    }
}