{
    "epoch_loss": {
        "type": "index_value",
        "index": [
            1,
            2,
            3,
            4,
            5,
            6,
            7,
            8,
            9,
            10,
            11,
            12,
            13,
            14,
            15,
            16,
            17,
            18,
            19,
            20,
            21,
            22,
            23,
            24,
            25,
            26,
            27,
            28,
            29,
            30,
            31,
            32,
            33,
            34,
            35,
            36,
            37,
            38,
            39,
            40,
            41,
            42,
            43,
            44,
            45,
            46,
            47,
            48,
            49,
            50
        ],
        "value": [
            1.6304556839518412,
            0.5912558153318387,
            0.27126752705845586,
            0.1274521106945559,
            0.06405633926983288,
            0.05511032639104433,
            0.03833972755332975,
            0.03285373566144748,
            0.021615951084565904,
            0.01576853903105858,
            0.01637530348885536,
            0.00633859108620622,
            0.0040388375096404566,
            0.003096193569063237,
            0.002217734372559565,
            0.0019111293203819275,
            0.0017820919986498954,
            0.001607657743149798,
            0.001559741070173883,
            0.0012156756797561162,
            0.0012677826412857093,
            0.0017795576366071385,
            0.0013515080211931292,
            0.0011448956051132912,
            0.0008341869097392784,
            0.0010304474735305554,
            0.0009004268001511016,
            0.0008977875595814047,
            0.0006486843951978762,
            0.0009570221108644267,
            0.003599388871459697,
            0.013143047025717227,
            0.02303976006611263,
            0.04731346428581166,
            0.029629280107522086,
            0.054742334653840416,
            0.036836699575824174,
            0.02662279131912793,
            0.01783452100726769,
            0.005480257364120354,
            0.0018112077522495433,
            0.0012097225601487096,
            0.0005198674856236471,
            0.00046503164483657127,
            0.0005889703388599087,
            0.0004177408899538717,
            0.0003628577180513324,
            0.0004108479643550039,
            0.0003429289195039908,
            0.00030927516415650986
        ]
    },
    "train_oa": {
        "type": "index_value",
        "index": [
            10,
            20,
            30,
            40,
            50
        ],
        "value": [
            96.90055962117951,
            96.73913043478261,
            96.97589324149807,
            95.46922083512699,
            95.84588893671976
        ]
    },
    "train_aa": {
        "type": "index_value",
        "index": [
            10,
            20,
            30,
            40,
            50
        ],
        "value": [
            97.28159277089017,
            98.04949249707751,
            98.07199507295519,
            97.5377288517892,
            97.65895018772066
        ]
    },
    "train_kappa": {
        "type": "index_value",
        "index": [
            10,
            20,
            30,
            40,
            50
        ],
        "value": [
            96.42532839681236,
            96.24213093106708,
            96.51187469268271,
            94.78760236320252,
            95.21939309540696
        ]
    },
    "param": {
        "data": {
            "data_sign": "Indian",
            "data_file": "Indian_70",
            "diffusion_sign": false,
            "patch_size": 13,
            "test_ratio": 0.95,
            "batch_size": 64,
            "num_classes": 16,
            "pca": 30,
            "dim_heads": 64,
            "spectral_size": 30,
            "append_dim": true
        },
        "net": {
            "trainer": "ssftt",
            "conv2d_out": 64,
            "dim": 64
        },
        "train": {
            "epochs": 50,
            "lr": 0.001,
            "weight_decay": 0
        },
        "uniq_name": "indian_ssftt.json_70_2"
    },
    "eval": {
        "classification": "                              precision    recall  f1-score   support\n\n                     Alfalfa     0.6216    1.0000    0.7667        23\n                 Corn-notill     0.9634    0.9109    0.9364      1358\n                Corn-mintill     0.9740    0.9868    0.9804       760\n                        Corn     0.8653    1.0000    0.9278       167\n               Grass-pasture     0.9568    0.9661    0.9614       413\n                 Grass-trees     0.9429    1.0000    0.9706       660\n         Grass-pasture-mowed     0.9333    1.0000    0.9655        14\n               Hay-windrowed     1.0000    1.0000    1.0000       408\n                        Oats     0.7143    1.0000    0.8333        10\n              Soybean-notill     0.9125    0.9479    0.9299       902\n             Soybean-mintill     0.9847    0.9476    0.9658      2385\n               Soybean-clean     0.9914    0.8853    0.9354       523\n                       Wheat     0.9310    1.0000    0.9643       135\n                       Woods     0.9746    0.9967    0.9855      1195\nBuildings-Grass-Trees-Drives     0.9094    0.9842    0.9453       316\n\n                   micro avg     0.9607    0.9584    0.9595      9269\n                   macro avg     0.9117    0.9750    0.9379      9269\n                weighted avg     0.9625    0.9584    0.9596      9269\n",
        "oa": 95.84588893671976,
        "confusion": "[[  23    0    0    0    0    0    0    0    0    0    0    0    0    0\n     0    0]\n [  10 1237    9    0    1   10    0    0    0   46   11    0    0   12\n    22    0]\n [   0    0  750    7    0    0    0    0    0    0    0    3    0    0\n     0    0]\n [   0    0    0  167    0    0    0    0    0    0    0    0    0    0\n     0    0]\n [   0    0    1    0  399    0    1    0    0    0    0    0    0   12\n     0    0]\n [   0    0    0    0    0  660    0    0    0    0    0    0    0    0\n     0    0]\n [   0    0    0    0    0    0   14    0    0    0    0    0    0    0\n     0    0]\n [   0    0    0    0    0    0    0  408    0    0    0    0    0    0\n     0    0]\n [   0    0    0    0    0    0    0    0   10    0    0    0    0    0\n     0    0]\n [   4   13   10    0    0    0    0    0    0  855   13    0    0    7\n     0    0]\n [   0   34    0    0   17   30    0    0    0   28 2260    1   10    0\n     5    0]\n [   0    0    0   19    0    0    0    0    4    8    6  463    0    0\n     0   23]\n [   0    0    0    0    0    0    0    0    0    0    0    0  135    0\n     0    0]\n [   0    0    0    0    0    0    0    0    0    0    0    0    0 1191\n     4    0]\n [   0    0    0    0    0    0    0    0    0    0    5    0    0    0\n   311    0]\n [   0    0    0    0    0    0    0    0    0    0    0    0    0    0\n     0   23]]",
        "each_acc": "[100.          91.089838    98.68421053 100.          96.61016949\n 100.         100.         100.         100.          94.78935698\n  94.75890985  88.52772467 100.          99.66527197  98.41772152\n 100.        ]",
        "aa": 97.65895018772066,
        "kappa": 95.21939309540696
    }
}