{
    "epoch_loss": {
        "type": "index_value",
        "index": [
            1,
            2,
            3,
            4,
            5,
            6,
            7,
            8,
            9,
            10,
            11,
            12,
            13,
            14,
            15,
            16,
            17,
            18,
            19,
            20,
            21,
            22,
            23,
            24,
            25,
            26,
            27,
            28,
            29,
            30,
            31,
            32,
            33,
            34,
            35,
            36,
            37,
            38,
            39,
            40,
            41,
            42,
            43,
            44,
            45,
            46,
            47,
            48,
            49,
            50
        ],
        "value": [
            2.4553467842840377,
            1.659748617295296,
            1.146859130167192,
            0.7537879255510146,
            0.5089603485599641,
            0.31300399764891595,
            0.2022075972249431,
            0.11575837880373001,
            0.06733314092120816,
            0.057846297515976815,
            0.046399757963034416,
            0.039213480872492636,
            0.033639237476933384,
            0.01810343332829014,
            0.02789203924757819,
            0.014382505549057838,
            0.012720812042994845,
            0.013499559071515836,
            0.009611047594056975,
            0.0066878727306762045,
            0.007025332361339561,
            0.006241651633453946,
            0.00536781714387959,
            0.005024038101997107,
            0.0046225563472797795,
            0.004720335108258071,
            0.00456140672247256,
            0.00356758935977855,
            0.0032428088072206703,
            0.0032698019257476254,
            0.003074484736087822,
            0.002372829814351374,
            0.0028463180267041728,
            0.002156419122231103,
            0.0026097423907729886,
            0.002052383084270743,
            0.00245090039266694,
            0.002361900809281055,
            0.002236232458944282,
            0.0023953259396817415,
            0.0019109472001512205,
            0.002050199255257124,
            0.0020574223129980027,
            0.0017986901622686175,
            0.0016136134110931908,
            0.00217115129193952,
            0.0015952358878548107,
            0.0014474384967357882,
            0.001665240457852281,
            0.0013466125106318823
        ]
    },
    "train_oa": {
        "type": "index_value",
        "index": [
            10,
            20,
            30,
            40,
            50
        ],
        "value": [
            83.57983700573499,
            87.07113391689305,
            86.49763557701982,
            86.39702183318241,
            86.28634671496125
        ]
    },
    "train_aa": {
        "type": "index_value",
        "index": [
            10,
            20,
            30,
            40,
            50
        ],
        "value": [
            92.12915763574492,
            92.77358677431884,
            93.01632438063272,
            92.81314016507456,
            92.84472053010114
        ]
    },
    "train_kappa": {
        "type": "index_value",
        "index": [
            10,
            20,
            30,
            40,
            50
        ],
        "value": [
            81.47706928509571,
            85.2968565730282,
            84.70928475914587,
            84.59296286435388,
            84.47139483124802
        ]
    },
    "param": {
        "data": {
            "data_sign": "Indian",
            "data_file": "Indian_20",
            "diffusion_sign": false,
            "patch_size": 13,
            "test_ratio": 0.95,
            "batch_size": 64,
            "num_classes": 16,
            "pca": 30,
            "dim_heads": 64,
            "spectral_size": 30,
            "append_dim": true
        },
        "net": {
            "trainer": "ssftt",
            "conv2d_out": 64,
            "dim": 64
        },
        "train": {
            "epochs": 50,
            "lr": 0.001,
            "weight_decay": 0
        },
        "uniq_name": "indian_ssftt.json_20_0"
    },
    "eval": {
        "classification": "                              precision    recall  f1-score   support\n\n                     Alfalfa     0.7429    1.0000    0.8525        26\n                 Corn-notill     0.7821    0.8643    0.8212      1408\n                Corn-mintill     0.9048    0.8802    0.8924       810\n                        Corn     0.6478    1.0000    0.7862       217\n               Grass-pasture     0.8972    0.9050    0.9011       463\n                 Grass-trees     0.9281    0.9451    0.9365       710\n         Grass-pasture-mowed     0.3077    1.0000    0.4706         8\n               Hay-windrowed     0.9849    1.0000    0.9924       458\n                        Oats     0.1408    1.0000    0.2469        10\n              Soybean-notill     0.9061    0.8718    0.8887       952\n             Soybean-mintill     0.9354    0.7725    0.8462      2435\n               Soybean-clean     0.7214    0.7592    0.7398       573\n                       Wheat     0.8043    1.0000    0.8916       185\n                       Woods     0.9972    0.8570    0.9218      1245\nBuildings-Grass-Trees-Drives     0.6559    1.0000    0.7922       366\n\n                   micro avg     0.8629    0.8618    0.8624      9866\n                   macro avg     0.7571    0.9237    0.7987      9866\n                weighted avg     0.8826    0.8618    0.8664      9866\n",
        "oa": 86.28634671496125,
        "confusion": "[[  26    0    0    0    0    0    0    0    0    0    0    0    0    0\n     0    0]\n [   3 1217    6   67    0    3    0    0    0   21   62   18    0    0\n    11    0]\n [   0   17  713    0   15    0    0    0   24    4    0    0   37    0\n     0    0]\n [   0    0    0  217    0    0    0    0    0    0    0    0    0    0\n     0    0]\n [   0    0   19    0  419    0   12    0    0    3    2    0    8    0\n     0    0]\n [   0    7    0    0    2  671    3    0   27    0    0    0    0    0\n     0    0]\n [   0    0    0    0    0    0    8    0    0    0    0    0    0    0\n     0    0]\n [   0    0    0    0    0    0    0  458    0    0    0    0    0    0\n     0    0]\n [   0    0    0    0    0    0    0    0   10    0    0    0    0    0\n     0    0]\n [   6   77    0    0    0    0    0    0    0  830   36    0    0    0\n     3    0]\n [   0  225   28    6    6   45    0    5    0   57 1881  150    0    3\n    29    0]\n [   0    0   22   45    3    3    3    0   10    1   10  435    0    0\n    29   12]\n [   0    0    0    0    0    0    0    0    0    0    0    0  185    0\n     0    0]\n [   0   13    0    0   22    1    0    2    0    0   20    0    0 1067\n   120    0]\n [   0    0    0    0    0    0    0    0    0    0    0    0    0    0\n   366    0]\n [   0    0    0    0    0    0    0    0    0    0    0    0    0    0\n     0   73]]",
        "each_acc": "[100.          86.43465909  88.02469136 100.          90.49676026\n  94.50704225 100.         100.         100.          87.18487395\n  77.24845996  75.91623037 100.          85.70281124 100.\n 100.        ]",
        "aa": 92.84472053010114,
        "kappa": 84.47139483124802
    }
}