{
    "epoch_loss": {
        "type": "index_value",
        "index": [
            1,
            2,
            3,
            4,
            5,
            6,
            7,
            8,
            9,
            10,
            11,
            12,
            13,
            14,
            15,
            16,
            17,
            18,
            19,
            20,
            21,
            22,
            23,
            24,
            25,
            26,
            27,
            28,
            29,
            30,
            31,
            32,
            33,
            34,
            35,
            36,
            37,
            38,
            39,
            40,
            41,
            42,
            43,
            44,
            45,
            46,
            47,
            48,
            49,
            50
        ],
        "value": [
            1.9817775667530217,
            1.0192083953178093,
            0.5648498469836092,
            0.3389856219291687,
            0.1945058189026297,
            0.11596468254311444,
            0.09464464795916047,
            0.049525651417366444,
            0.10024605303594511,
            0.08513127287773237,
            0.05179179584837123,
            0.03919086656341814,
            0.026765980540889585,
            0.028503176756203175,
            0.015113089080542734,
            0.03287879724616874,
            0.02156889265122479,
            0.014936316248080502,
            0.009823214958026393,
            0.007408877381774252,
            0.004988130500973904,
            0.0046697502943036494,
            0.00646023046582529,
            0.06589071493442744,
            0.05831464790828424,
            0.03278523969323668,
            0.059752964197772825,
            0.01966305322026553,
            0.015569949139879174,
            0.006573911842392528,
            0.01175875522910732,
            0.012402252378643886,
            0.004293002463296719,
            0.007980811498957137,
            0.10482115135209201,
            0.04744442440059087,
            0.03232818627602434,
            0.012763183104665312,
            0.05944695018793214,
            0.03019638977026286,
            0.015569224950461967,
            0.00661176631278167,
            0.005978756443890807,
            0.022303682573343794,
            0.008628394754526958,
            0.004985196031119726,
            0.009381296853088352,
            0.0507383064864433,
            0.08335068607575273,
            0.040391662961816135
        ]
    },
    "train_oa": {
        "type": "index_value",
        "index": [
            10,
            20,
            30,
            40,
            50
        ],
        "value": [
            93.27470253491981,
            94.23693740300052,
            92.79875840662183,
            93.47128815312985,
            91.59855147439214
        ]
    },
    "train_aa": {
        "type": "index_value",
        "index": [
            10,
            20,
            30,
            40,
            50
        ],
        "value": [
            95.67561530749703,
            97.11496439607178,
            96.77777622920796,
            96.57013931070676,
            95.61501505521068
        ]
    },
    "train_kappa": {
        "type": "index_value",
        "index": [
            10,
            20,
            30,
            40,
            50
        ],
        "value": [
            92.29818684195992,
            93.40532749671344,
            91.78635035764536,
            92.53021506854968,
            90.41319152117434
        ]
    },
    "param": {
        "data": {
            "data_sign": "Indian",
            "data_file": "Indian_40",
            "diffusion_sign": false,
            "patch_size": 13,
            "test_ratio": 0.95,
            "batch_size": 64,
            "num_classes": 16,
            "pca": 30,
            "dim_heads": 64,
            "spectral_size": 30,
            "append_dim": true
        },
        "net": {
            "trainer": "ssftt",
            "conv2d_out": 64,
            "dim": 64
        },
        "train": {
            "epochs": 50,
            "lr": 0.001,
            "weight_decay": 0
        },
        "uniq_name": "indian_ssftt.json_40_2"
    },
    "eval": {
        "classification": "                              precision    recall  f1-score   support\n\n                     Alfalfa     0.8571    1.0000    0.9231         6\n                 Corn-notill     0.9430    0.8703    0.9052      1388\n                Corn-mintill     0.9940    0.8354    0.9078       790\n                        Corn     0.9946    0.9391    0.9661       197\n               Grass-pasture     0.9295    0.9819    0.9550       443\n                 Grass-trees     0.9582    0.9971    0.9773       690\n         Grass-pasture-mowed     0.7778    1.0000    0.8750        14\n               Hay-windrowed     1.0000    1.0000    1.0000       438\n                        Oats     0.1639    1.0000    0.2817        10\n              Soybean-notill     0.8406    0.9056    0.8719       932\n             Soybean-mintill     0.9611    0.8605    0.9080      2415\n               Soybean-clean     0.8908    0.9150    0.9028       553\n                       Wheat     0.8639    1.0000    0.9270       165\n                       Woods     0.9035    0.9935    0.9463      1225\nBuildings-Grass-Trees-Drives     0.7604    1.0000    0.8639       346\n\n                   micro avg     0.9197    0.9155    0.9176      9612\n                   macro avg     0.8559    0.9532    0.8807      9612\n                weighted avg     0.9289    0.9155    0.9192      9612\n",
        "oa": 91.59855147439214,
        "confusion": "[[   6    0    0    0    0    0    0    0    0    0    0    0    0    0\n     0    0]\n [   1 1208    0    0   16    2    0    0    0   45   23   43    0   13\n    25   12]\n [   0   17  660    1    9    1    0    0   32    2    4   15    9    1\n    36    3]\n [   0    0    0  185    0    0    0    0    0    0    0    2    0    0\n    10    0]\n [   0    0    0    0  435    0    0    0    0    0    0    0    1    7\n     0    0]\n [   0    2    0    0    0  688    0    0    0    0    0    0    0    0\n     0    0]\n [   0    0    0    0    0    0   14    0    0    0    0    0    0    0\n     0    0]\n [   0    0    0    0    0    0    0  438    0    0    0    0    0    0\n     0    0]\n [   0    0    0    0    0    0    0    0   10    0    0    0    0    0\n     0    0]\n [   0   11    0    0    0    0    0    0    0  844   57    1    0   10\n     9    0]\n [   0   43    0    0    2   27    4    0   16  113 2078    1   16   96\n    19    0]\n [   0    0    4    0    0    0    0    0    3    0    0  506    0    3\n     8   29]\n [   0    0    0    0    0    0    0    0    0    0    0    0  165    0\n     0    0]\n [   0    0    0    0    6    0    0    0    0    0    0    0    0 1217\n     2    0]\n [   0    0    0    0    0    0    0    0    0    0    0    0    0    0\n   346    0]\n [   0    0    0    0    0    0    0    0    0    0    0    0    0    0\n     0   53]]",
        "each_acc": "[100.          87.03170029  83.5443038   93.90862944  98.19413093\n  99.71014493 100.         100.         100.          90.55793991\n  86.04554865  91.50090416 100.          99.34693878 100.\n 100.        ]",
        "aa": 95.61501505521068,
        "kappa": 90.41319152117434
    }
}