{
    "epoch_loss": {
        "type": "index_value",
        "index": [
            1,
            2,
            3,
            4,
            5,
            6,
            7,
            8,
            9,
            10,
            11,
            12,
            13,
            14,
            15,
            16,
            17,
            18,
            19,
            20,
            21,
            22,
            23,
            24,
            25,
            26,
            27,
            28,
            29,
            30,
            31,
            32,
            33,
            34,
            35,
            36,
            37,
            38,
            39,
            40,
            41,
            42,
            43,
            44,
            45,
            46,
            47,
            48,
            49,
            50
        ],
        "value": [
            2.171550024737109,
            1.258573271669783,
            0.7371425064834388,
            0.4202974154068543,
            0.2171052306353509,
            0.12605221717207282,
            0.07761975169718803,
            0.05430182197072485,
            0.04613577879898183,
            0.034427456423506,
            0.01872184828158703,
            0.017830089791803748,
            0.013838697157733075,
            0.010567151773553173,
            0.008094000118272798,
            0.009096115869511891,
            0.006820447239521387,
            0.006219489999149028,
            0.005722268916632947,
            0.004809082242416906,
            0.005399276611504254,
            0.004352321525246979,
            0.003907502093981649,
            0.0035059221197960076,
            0.0035517621944817874,
            0.003224786234650392,
            0.0035561765816801033,
            0.0023675776204211754,
            0.002519255678110697,
            0.0021036329463141054,
            0.0024251031190123374,
            0.001710376302661324,
            0.0018439185281225422,
            0.0017827456892543548,
            0.0017189763419262999,
            0.0019406944970591917,
            0.002077888038747751,
            0.0019256322097184289,
            0.0016964198077550612,
            0.001399782120233385,
            0.0014290844860092343,
            0.0015356045400908402,
            0.0012675946786043209,
            0.0013821636156707599,
            0.0012390075014434285,
            0.00131749972566828,
            0.001337507673589563,
            0.0011322850692883,
            0.0007938678173960799,
            0.0008984611706329963
        ]
    },
    "train_oa": {
        "type": "index_value",
        "index": [
            10,
            20,
            30,
            40,
            50
        ],
        "value": [
            94.02345741968384,
            94.40081591024988,
            94.69658337582865,
            94.604793472718,
            94.67618561958184
        ]
    },
    "train_aa": {
        "type": "index_value",
        "index": [
            10,
            20,
            30,
            40,
            50
        ],
        "value": [
            96.42337605393519,
            96.57655478347584,
            96.71180906247453,
            96.77186391165259,
            96.72510601267041
        ]
    },
    "train_kappa": {
        "type": "index_value",
        "index": [
            10,
            20,
            30,
            40,
            50
        ],
        "value": [
            93.14179108477124,
            93.5784874674725,
            93.91781871549667,
            93.815464200543,
            93.89660427577917
        ]
    },
    "param": {
        "data": {
            "data_sign": "Indian",
            "data_file": "Indian_30",
            "diffusion_sign": false,
            "patch_size": 13,
            "test_ratio": 0.95,
            "batch_size": 64,
            "num_classes": 16,
            "pca": 30,
            "dim_heads": 64,
            "spectral_size": 30,
            "append_dim": true
        },
        "net": {
            "trainer": "ssftt",
            "conv2d_out": 64,
            "dim": 64
        },
        "train": {
            "epochs": 50,
            "lr": 0.001,
            "weight_decay": 0
        },
        "uniq_name": "indian_ssftt.json_30_4"
    },
    "eval": {
        "classification": "                              precision    recall  f1-score   support\n\n                     Alfalfa     0.6667    1.0000    0.8000        16\n                 Corn-notill     0.9792    0.9113    0.9441      1398\n                Corn-mintill     0.9015    0.9613    0.9304       800\n                        Corn     0.9358    0.9855    0.9600       207\n               Grass-pasture     0.9819    0.9581    0.9698       453\n                 Grass-trees     0.9544    0.9857    0.9698       700\n         Grass-pasture-mowed     1.0000    1.0000    1.0000        14\n               Hay-windrowed     1.0000    1.0000    1.0000       448\n                        Oats     0.4545    1.0000    0.6250        10\n              Soybean-notill     0.9245    0.8577    0.8899       942\n             Soybean-mintill     0.9338    0.9604    0.9469      2425\n               Soybean-clean     0.9767    0.8917    0.9322       563\n                       Wheat     0.8663    1.0000    0.9284       175\n                       Woods     0.9917    0.9644    0.9778      1235\nBuildings-Grass-Trees-Drives     0.8967    1.0000    0.9456       356\n\n                   micro avg     0.9479    0.9464    0.9471      9742\n                   macro avg     0.8976    0.9651    0.9213      9742\n                weighted avg     0.9500    0.9464    0.9473      9742\n",
        "oa": 94.67618561958184,
        "confusion": "[[  16    0    0    0    0    0    0    0    0    0    0    0    0    0\n     0    0]\n [   1 1274   17    0    0    6    0    0    0   26   48    5    0    2\n    19    0]\n [   0    0  769    0    2    0    0    0   11    7    5    0    6    0\n     0    0]\n [   0    0    3  204    0    0    0    0    0    0    0    0    0    0\n     0    0]\n [   0    0   18    0  434    0    0    0    0    0    0    0    0    1\n     0    0]\n [   0    0    0    0    0  690    0    0    0    0    2    0    0    6\n     2    0]\n [   0    0    0    0    0    0   14    0    0    0    0    0    0    0\n     0    0]\n [   0    0    0    0    0    0    0  448    0    0    0    0    0    0\n     0    0]\n [   0    0    0    0    0    0    0    0   10    0    0    0    0    0\n     0    0]\n [   7   24   13    0    0    0    0    0    0  808   78    7    0    1\n     4    0]\n [   0    3    2    0    6   27    0    0    0   33 2329    0   21    0\n     4    0]\n [   0    0   31   14    0    0    0    0    1    0    0  502    0    0\n     0   15]\n [   0    0    0    0    0    0    0    0    0    0    0    0  175    0\n     0    0]\n [   0    0    0    0    0    0    0    0    0    0   32    0    0 1191\n    12    0]\n [   0    0    0    0    0    0    0    0    0    0    0    0    0    0\n   356    0]\n [   0    0    0    0    0    0    0    0    0    0    0    0    0    0\n     0   63]]",
        "each_acc": "[100.          91.13018598  96.125       98.55072464  95.80573951\n  98.57142857 100.         100.         100.          85.77494692\n  96.04123711  89.1651865  100.          96.43724696 100.\n 100.        ]",
        "aa": 96.72510601267041,
        "kappa": 93.89660427577917
    }
}