{
    "epoch_loss": {
        "type": "index_value",
        "index": [
            1,
            2,
            3,
            4,
            5,
            6,
            7,
            8,
            9,
            10,
            11,
            12,
            13,
            14,
            15,
            16,
            17,
            18,
            19,
            20,
            21,
            22,
            23,
            24,
            25,
            26,
            27,
            28,
            29,
            30,
            31,
            32,
            33,
            34,
            35,
            36,
            37,
            38,
            39,
            40,
            41,
            42,
            43,
            44,
            45,
            46,
            47,
            48,
            49,
            50
        ],
        "value": [
            1.351421308958972,
            0.5374882049030728,
            0.2630067421330346,
            0.14992987005798905,
            0.09526310342329519,
            0.052413348025745814,
            0.03070047644001466,
            0.025969863696782676,
            0.014868221273300824,
            0.015385028664712553,
            0.014260594601984377,
            0.013138978897283474,
            0.011704702758126788,
            0.009345415931332994,
            0.012387088562051455,
            0.011848277643460919,
            0.05071065318253305,
            0.01540598481617592,
            0.01201687669036565,
            0.015710736207526037,
            0.008040382333651737,
            0.006810853240528592,
            0.00702797162036101,
            0.014555326373212867,
            0.08522524494263861,
            0.011911871629180731,
            0.008192657284369622,
            0.00476913202760948,
            0.0036022698230765483,
            0.0017570283039714451,
            0.004458327381009305,
            0.004258856173880674,
            0.0020175667496881,
            0.0023051784132365827,
            0.014239786341958851,
            0.006237852131878888,
            0.013935803860012029,
            0.029178721761261975,
            0.009334518553482161,
            0.005631547490203822,
            0.005344230173310886,
            0.012023745116743225,
            0.006913622368679003,
            0.0023018156902657617,
            0.0029159849268142824,
            0.0012620059148132526,
            0.0007560240786039719,
            0.0011030608546678668,
            0.0006066419313558274,
            0.0006379658132101651
        ]
    },
    "train_oa": {
        "type": "index_value",
        "index": [
            10,
            20,
            30,
            40,
            50
        ],
        "value": [
            97.26063074154749,
            97.49976323515484,
            97.72468983805285,
            97.772042807084,
            98.30476370868453
        ]
    },
    "train_aa": {
        "type": "index_value",
        "index": [
            10,
            20,
            30,
            40,
            50
        ],
        "value": [
            97.5735793950886,
            97.0793043361685,
            97.60258531692662,
            97.27864416678858,
            97.9346129092455
        ]
    },
    "train_kappa": {
        "type": "index_value",
        "index": [
            10,
            20,
            30,
            40,
            50
        ],
        "value": [
            96.37305875073159,
            96.68316909403397,
            96.97488015849147,
            97.0360611947101,
            97.74488204111476
        ]
    },
    "param": {
        "data": {
            "data_sign": "Pavia",
            "data_file": "Pavia_60",
            "diffusion_sign": false,
            "patch_size": 13,
            "test_ratio": 0.95,
            "batch_size": 64,
            "num_classes": 9,
            "pca": 30,
            "dim_heads": 64,
            "spectral_size": 30,
            "append_dim": true
        },
        "net": {
            "trainer": "ssftt",
            "conv2d_out": 64,
            "dim": 64
        },
        "train": {
            "epochs": 50,
            "lr": 0.001,
            "weight_decay": 0
        },
        "uniq_name": "pavia_ssftt.json_60_0"
    },
    "eval": {
        "classification": "                      precision    recall  f1-score   support\n\n             Asphalt     0.9869    0.9854    0.9861      6571\n             Meadows     0.9954    0.9926    0.9940     18589\n              Gravel     0.9474    0.9539    0.9506      2039\n               Trees     0.9725    0.9637    0.9681      3004\nPainted_metal_sheets     0.9984    1.0000    0.9992      1285\n           Bare_Soil     0.9727    0.9899    0.9812      4969\n             Bitumen     0.9603    0.9913    0.9756      1270\nSelf_Blocking_Bricks     0.9624    0.9406    0.9514      3622\n\n           micro avg     0.9834    0.9828    0.9831     41349\n           macro avg     0.9745    0.9772    0.9758     41349\n        weighted avg     0.9834    0.9828    0.9831     41349\n",
        "oa": 98.30476370868453,
        "confusion": "[[ 6475     8     5    10     0     7    52    13     1]\n [    0 18451     0    24     0   114     0     0     0]\n [    0     0  1945     0     0     0     0    88     6]\n [   24    32    10  2895     0     6     0    15    22]\n [    0     0     0     0  1285     0     0     0     0]\n [    0    33     0     0     0  4919     0    17     0]\n [    0     0     0     0     0    11  1259     0     0]\n [   61    12    93    48     0     0     0  3407     1]\n [    1     0     0     0     2     0     0     0   884]]",
        "each_acc": "[ 98.53903515  99.25762548  95.38989701  96.37150466 100.\n  98.99376132  99.13385827  94.06405301  99.66178129]",
        "aa": 97.9346129092455,
        "kappa": 97.74488204111476
    }
}