{
    "epoch_loss": {
        "type": "index_value",
        "index": [
            1,
            2,
            3,
            4,
            5,
            6,
            7,
            8,
            9,
            10,
            11,
            12,
            13,
            14,
            15,
            16,
            17,
            18,
            19,
            20,
            21,
            22,
            23,
            24,
            25,
            26,
            27,
            28,
            29,
            30,
            31,
            32,
            33,
            34,
            35,
            36,
            37,
            38,
            39,
            40,
            41,
            42,
            43,
            44,
            45,
            46,
            47,
            48,
            49,
            50
        ],
        "value": [
            1.6615699415736729,
            0.8344025511211819,
            0.45333052105373806,
            0.26399010923173694,
            0.2331321612993876,
            0.19203713099161784,
            0.13805560059017605,
            0.14732268227471246,
            0.11942111174265543,
            0.1844525059726503,
            0.10397848765055338,
            0.10032454384697809,
            0.0672161896692382,
            0.07259937829441494,
            0.06032671706544029,
            0.06900628036922879,
            0.08629193411933052,
            0.07271580378214518,
            0.07944201760821873,
            0.12352640291055043,
            0.04580041474766201,
            0.0498970439698961,
            0.054708599514431425,
            0.06944119373957316,
            0.06200418021943834,
            0.032561752133899266,
            0.04990703887409634,
            0.030062214533487955,
            0.07553032901551988,
            0.10631360054016113,
            0.041060196028815374,
            0.031799912717607286,
            0.07930933793385823,
            0.05270419465170966,
            0.06138146354092492,
            0.04933259460661146,
            0.03247264226277669,
            0.03301061703099145,
            0.04471153418223063,
            0.03998162839975622,
            0.027417494853337606,
            0.020115937458144294,
            0.021307241254382662,
            0.032764800124698214,
            0.02694807145330641,
            0.05580621851815118,
            0.04628256228235033,
            0.11310187975565593,
            0.06545904292000665,
            0.046413235399458144
        ]
    },
    "train_oa": {
        "type": "index_value",
        "index": [
            10,
            20,
            30,
            40,
            50
        ],
        "value": [
            93.91390634598119,
            94.55417473893115,
            94.61087747483816,
            95.05977413410197,
            97.9846902613051
        ]
    },
    "train_aa": {
        "type": "index_value",
        "index": [
            10,
            20,
            30,
            40,
            50
        ],
        "value": [
            92.42117426373721,
            94.66120720680738,
            95.22713411993965,
            96.82066967394469,
            97.16824222035397
        ]
    },
    "train_kappa": {
        "type": "index_value",
        "index": [
            10,
            20,
            30,
            40,
            50
        ],
        "value": [
            91.94650984824536,
            92.81485609804572,
            92.90475082827832,
            93.52265159293653,
            97.32005653730245
        ]
    },
    "param": {
        "data": {
            "data_sign": "Pavia",
            "data_file": "Pavia_50",
            "diffusion_sign": false,
            "patch_size": 13,
            "test_ratio": 0.95,
            "batch_size": 64,
            "num_classes": 9,
            "pca": 30,
            "dim_heads": 64,
            "spectral_size": 30,
            "append_dim": true
        },
        "net": {
            "trainer": "ssftt",
            "conv2d_out": 64,
            "dim": 64
        },
        "train": {
            "epochs": 50,
            "lr": 0.001,
            "weight_decay": 0
        },
        "uniq_name": "pavia_ssftt.json_50_1"
    },
    "eval": {
        "classification": "                      precision    recall  f1-score   support\n\n             Asphalt     0.9896    0.9670    0.9782      6581\n             Meadows     0.9945    0.9953    0.9949     18599\n              Gravel     0.9722    0.8868    0.9275      2049\n               Trees     0.9724    0.9463    0.9591      3014\nPainted_metal_sheets     0.9931    1.0000    0.9965      1295\n           Bare_Soil     0.9924    1.0000    0.9962      4979\n             Bitumen     0.9734    1.0000    0.9865      1280\nSelf_Blocking_Bricks     0.9179    0.9598    0.9384      3632\n\n           micro avg     0.9831    0.9796    0.9814     41429\n           macro avg     0.9757    0.9694    0.9722     41429\n        weighted avg     0.9833    0.9796    0.9813     41429\n",
        "oa": 97.9846902613051,
        "confusion": "[[ 6364    39    12     7     0     0    28    91    40]\n [    0 18512     0    41     0    22     0     0    24]\n [    0     1  1817     1     0     0     0   199    31]\n [   29    56     0  2852     0    16     7    22    32]\n [    0     0     0     0  1295     0     0     0     0]\n [    0     0     0     0     0  4979     0     0     0]\n [    0     0     0     0     0     0  1280     0     0]\n [   38     7    40    32     0     0     0  3486    29]\n [    0     0     0     0     9     0     0     0   888]]",
        "each_acc": "[ 96.70262878  99.53223292  88.67740361  94.62508295 100.\n 100.         100.          95.98017621  98.99665552]",
        "aa": 97.16824222035397,
        "kappa": 97.32005653730245
    }
}