{
    "epoch_loss": {
        "type": "index_value",
        "index": [
            1,
            2,
            3,
            4,
            5,
            6,
            7,
            8,
            9,
            10,
            11,
            12,
            13,
            14,
            15,
            16,
            17,
            18,
            19,
            20,
            21,
            22,
            23,
            24,
            25,
            26,
            27,
            28,
            29,
            30,
            31,
            32,
            33,
            34,
            35,
            36,
            37,
            38,
            39,
            40,
            41,
            42,
            43,
            44,
            45,
            46,
            47,
            48,
            49,
            50
        ],
        "value": [
            2.20386270682017,
            1.653979312049018,
            1.2773099819819131,
            1.0200929085413615,
            0.853101732995775,
            0.604950303501553,
            0.5107041531138949,
            0.3770761615700192,
            0.28538646631770664,
            0.22457860145303937,
            0.1681336992316776,
            0.10507936030626297,
            0.08906313743856219,
            0.06633271425962448,
            0.04251282579369015,
            0.03170158772004975,
            0.02346132944027583,
            0.017105675964719718,
            0.015003413955370585,
            0.014394874084326955,
            0.010812125996583037,
            0.010569249714414279,
            0.008179597722159492,
            0.006632548922465907,
            0.004925084455559651,
            0.00988492721484767,
            0.00559791126805875,
            0.005187148818125328,
            0.003872004456611143,
            0.004642709634370274,
            0.0033671791872216597,
            0.00257618418480787,
            0.002599663028700484,
            0.0021188652091142205,
            0.0021728063416149883,
            0.0024675623410277897,
            0.0025109300286405615,
            0.00209942605967323,
            0.0017031711707305578,
            0.002019876903957791,
            0.00253258952870965,
            0.0016424671203518907,
            0.0014404632047646576,
            0.0015649656040800943,
            0.001510616435876323,
            0.001209536528525253,
            0.0013441548449918627,
            0.0013968622389559945,
            0.0016194936754699383,
            0.0012338955679701434
        ]
    },
    "train_oa": {
        "type": "index_value",
        "index": [
            10,
            20,
            30,
            40,
            50
        ],
        "value": [
            80.43152321604273,
            83.97835355854379,
            84.49140233331771,
            85.59715129082134,
            85.81970669540364
        ]
    },
    "train_aa": {
        "type": "index_value",
        "index": [
            10,
            20,
            30,
            40,
            50
        ],
        "value": [
            82.99360948839056,
            85.59213874910019,
            86.86213378736478,
            87.03883016302414,
            87.14728626110467
        ]
    },
    "train_kappa": {
        "type": "index_value",
        "index": [
            10,
            20,
            30,
            40,
            50
        ],
        "value": [
            74.99701084276657,
            79.26807568220809,
            79.96611936241067,
            81.23683484643468,
            81.49969806431804
        ]
    },
    "param": {
        "data": {
            "data_sign": "Pavia",
            "data_file": "Pavia_10",
            "diffusion_sign": false,
            "patch_size": 13,
            "test_ratio": 0.95,
            "batch_size": 64,
            "num_classes": 9,
            "pca": 30,
            "dim_heads": 64,
            "spectral_size": 30,
            "append_dim": true
        },
        "net": {
            "trainer": "ssftt",
            "conv2d_out": 64,
            "dim": 64
        },
        "train": {
            "epochs": 50,
            "lr": 0.001,
            "weight_decay": 0
        },
        "uniq_name": "pavia_ssftt.json_10_1"
    },
    "eval": {
        "classification": "                      precision    recall  f1-score   support\n\n             Asphalt     0.8238    0.7173    0.7668      6621\n             Meadows     0.9782    0.9247    0.9507     18639\n              Gravel     0.6174    0.9277    0.7414      2089\n               Trees     0.7281    0.9411    0.8210      3054\nPainted_metal_sheets     0.9918    0.9985    0.9951      1335\n           Bare_Soil     0.8504    0.9175    0.8827      5019\n             Bitumen     0.7576    0.9947    0.8601      1320\nSelf_Blocking_Bricks     0.8347    0.4581    0.5915      3672\n\n           micro avg     0.8719    0.8558    0.8638     41749\n           macro avg     0.8228    0.8599    0.8262     41749\n        weighted avg     0.8828    0.8558    0.8604     41749\n",
        "oa": 85.81970669540364,
        "confusion": "[[ 4749    45   365   256     0    45   375    98   688]\n [    2 17236     0   675     0   714     0    10     2]\n [   15     1  1938    17     0     0     0   117     1]\n [   37    54     0  2874     0    16     0    34    39]\n [    0     0     0     0  1333     0     0     0     2]\n [   56   285     2     0     0  4605     0    71     0]\n [    6     0     0     0     0     1  1313     0     0]\n [  892     0   827   122     0    34    43  1682    72]\n [    8     0     7     3    11     0     2     3   903]]",
        "each_acc": "[71.72632533 92.47277214 92.77166108 94.10609037 99.85018727 91.75134489\n 99.46969697 45.80610022 96.37139808]",
        "aa": 87.14728626110467,
        "kappa": 81.49969806431804
    }
}