{
    "epoch_loss": {
        "type": "index_value",
        "index": [
            1,
            2,
            3,
            4,
            5,
            6,
            7,
            8,
            9,
            10,
            11,
            12,
            13,
            14,
            15,
            16,
            17,
            18,
            19,
            20,
            21,
            22,
            23,
            24,
            25,
            26,
            27,
            28,
            29,
            30,
            31,
            32,
            33,
            34,
            35,
            36,
            37,
            38,
            39,
            40,
            41,
            42,
            43,
            44,
            45,
            46,
            47,
            48,
            49,
            50
        ],
        "value": [
            1.1797118915451899,
            0.3677643126911587,
            0.1601765275001526,
            0.0898589829603831,
            0.07062605536646313,
            0.06501294862892892,
            0.056802144398291905,
            0.02720363529192077,
            0.016874950296348997,
            0.02492523719039228,
            0.01921346096528901,
            0.024419027732478248,
            0.006884488359921509,
            0.004466746550881201,
            0.002985634711674518,
            0.002671798825677898,
            0.002577003854740825,
            0.002389458178852995,
            0.0013835743483569887,
            0.0029035551344147987,
            0.0028204905244314836,
            0.0012117169797420501,
            0.001274854741576645,
            0.00110432512851225,
            0.0007033713161945343,
            0.000768036537596749,
            0.0006906796971129047,
            0.0006989060564794474,
            0.0007962336375688513,
            0.0006641796220921808,
            0.000628953816420916,
            0.0015134541550651192,
            0.004052100698592969,
            0.0009968712305029233,
            0.0016546763104593588,
            0.0009459473373782303,
            0.0007801903773927026,
            0.0019047528388909996,
            0.030353518425383502,
            0.025801275266955297,
            0.05486666923388839,
            0.046924868495100074,
            0.033037642151531245,
            0.02385784699064162,
            0.007891659014340904,
            0.0066875603205213945,
            0.0014029796733262224,
            0.0007623847030724088,
            0.0010030295544614396,
            0.0018300136111469732
        ]
    },
    "train_oa": {
        "type": "index_value",
        "index": [
            10,
            20,
            30,
            40,
            50
        ],
        "value": [
            96.72579417918965,
            97.97888529579608,
            97.90517405364277,
            94.7498573330797,
            98.25946357237967
        ]
    },
    "train_aa": {
        "type": "index_value",
        "index": [
            10,
            20,
            30,
            40,
            50
        ],
        "value": [
            96.38368899065318,
            97.66621384713926,
            97.88873263651836,
            95.25380552721846,
            98.2414024228081
        ]
    },
    "train_kappa": {
        "type": "index_value",
        "index": [
            10,
            20,
            30,
            40,
            50
        ],
        "value": [
            95.6437885641003,
            97.3042831649327,
            97.21143542398619,
            93.05442589923837,
            97.68489929581928
        ]
    },
    "param": {
        "data": {
            "data_sign": "Pavia",
            "data_file": "Pavia_80",
            "diffusion_sign": false,
            "patch_size": 13,
            "test_ratio": 0.95,
            "batch_size": 64,
            "num_classes": 9,
            "pca": 30,
            "dim_heads": 64,
            "spectral_size": 30,
            "append_dim": true
        },
        "net": {
            "trainer": "ssftt",
            "conv2d_out": 64,
            "dim": 64
        },
        "train": {
            "epochs": 50,
            "lr": 0.001,
            "weight_decay": 0
        },
        "uniq_name": "pavia_ssftt.json_80_4"
    },
    "eval": {
        "classification": "                      precision    recall  f1-score   support\n\n             Asphalt     0.9943    0.9530    0.9732      6551\n             Meadows     1.0000    0.9919    0.9959     18569\n              Gravel     0.9823    0.9599    0.9709      2019\n               Trees     0.9513    0.9698    0.9605      2984\nPainted_metal_sheets     0.9976    0.9984    0.9980      1265\n           Bare_Soil     0.9894    1.0000    0.9947      4949\n             Bitumen     1.0000    1.0000    1.0000      1250\nSelf_Blocking_Bricks     0.8997    0.9733    0.9351      3602\n\n           micro avg     0.9838    0.9823    0.9831     41189\n           macro avg     0.9768    0.9808    0.9785     41189\n        weighted avg     0.9846    0.9823    0.9832     41189\n",
        "oa": 98.25946357237967,
        "confusion": "[[ 6243     0     0    22     0     0     0   284     2]\n [    0 18418     0    84     0    53     0     0    14]\n [    0     0  1938     5     0     0     0    67     9]\n [   12     0     0  2894     0     0     0    39    39]\n [    0     0     0     0  1263     0     0     0     2]\n [    0     0     0     0     0  4949     0     0     0]\n [    0     0     0     0     0     0  1250     0     0]\n [   24     0    35    37     0     0     0  3506     0]\n [    0     0     0     0     3     0     0     1   863]]",
        "each_acc": "[ 95.29842772  99.18681674  95.98811293  96.98391421  99.84189723\n 100.         100.          97.33481399  99.53863899]",
        "aa": 98.2414024228081,
        "kappa": 97.68489929581928
    }
}