{
    "epoch_loss": {
        "type": "index_value",
        "index": [
            1,
            2,
            3,
            4,
            5,
            6,
            7,
            8,
            9,
            10,
            11,
            12,
            13,
            14,
            15,
            16,
            17,
            18,
            19,
            20,
            21,
            22,
            23,
            24,
            25,
            26,
            27,
            28,
            29,
            30,
            31,
            32,
            33,
            34,
            35,
            36,
            37,
            38,
            39,
            40,
            41,
            42,
            43,
            44,
            45,
            46,
            47,
            48,
            49,
            50
        ],
        "value": [
            1.7187548019267895,
            0.9170428324628759,
            0.5245404018296136,
            0.33648548324902855,
            0.181964729891883,
            0.10379935105641683,
            0.09851494365268283,
            0.0631261435923753,
            0.027407246579726537,
            0.02322260649115951,
            0.025051105726096364,
            0.019921509673198064,
            0.01198778915460463,
            0.03624106678697798,
            0.061211805404336364,
            0.034854051691514475,
            0.024181775652148105,
            0.04140273928642273,
            0.02562290143083643,
            0.01641412542236072,
            0.010905224595356871,
            0.034880732662147945,
            0.010644526514052241,
            0.023041678026870446,
            0.030477269490559896,
            0.06466268245820646,
            0.033410862640098286,
            0.06613517337375217,
            0.023560618967921644,
            0.04523027964212276,
            0.04458558824327257,
            0.04661295656804685,
            0.0823075060646429,
            0.0244571260418053,
            0.032054536272254255,
            0.013868089999865602,
            0.009560391513837708,
            0.006172518532171293,
            0.005127654852414573,
            0.02438454903938152,
            0.017768101338986996,
            0.04240194335407405,
            0.006312126504188335,
            0.017585764990912543,
            0.002871316247102287,
            0.0051218243660750215,
            0.006034816670472975,
            0.0021431147017412716,
            0.0018542276867837817,
            0.0029991745129572572
        ]
    },
    "train_oa": {
        "type": "index_value",
        "index": [
            10,
            20,
            30,
            40,
            50
        ],
        "value": [
            91.54237048887217,
            86.34310450289371,
            88.44398437867595,
            95.35594974827083,
            94.1914082717734
        ]
    },
    "train_aa": {
        "type": "index_value",
        "index": [
            10,
            20,
            30,
            40,
            50
        ],
        "value": [
            90.82120548510537,
            89.7595696344397,
            87.84819230924687,
            94.73236313531389,
            94.1626937756575
        ]
    },
    "train_kappa": {
        "type": "index_value",
        "index": [
            10,
            20,
            30,
            40,
            50
        ],
        "value": [
            88.80205722959475,
            82.24781725612247,
            84.80416275377173,
            93.84366386181948,
            92.33776359946026
        ]
    },
    "param": {
        "data": {
            "data_sign": "Pavia",
            "data_file": "Pavia_30",
            "diffusion_sign": false,
            "patch_size": 13,
            "test_ratio": 0.95,
            "batch_size": 64,
            "num_classes": 9,
            "pca": 30,
            "dim_heads": 64,
            "spectral_size": 30,
            "append_dim": true
        },
        "net": {
            "trainer": "ssftt",
            "conv2d_out": 64,
            "dim": 64
        },
        "train": {
            "epochs": 50,
            "lr": 0.001,
            "weight_decay": 0
        },
        "uniq_name": "pavia_ssftt.json_30_2"
    },
    "eval": {
        "classification": "                      precision    recall  f1-score   support\n\n             Asphalt     0.9691    0.8990    0.9327      6601\n             Meadows     0.9899    0.9604    0.9749     18619\n              Gravel     0.8395    0.8797    0.8591      2069\n               Trees     0.9863    0.9047    0.9438      3034\nPainted_metal_sheets     0.9977    0.9924    0.9950      1315\n           Bare_Soil     0.8477    0.9908    0.9137      4999\n             Bitumen     0.9040    0.9777    0.9394      1300\nSelf_Blocking_Bricks     0.8617    0.8820    0.8717      3652\n\n           micro avg     0.9444    0.9409    0.9427     41589\n           macro avg     0.9245    0.9358    0.9288     41589\n        weighted avg     0.9481    0.9409    0.9433     41589\n",
        "oa": 94.1914082717734,
        "confusion": "[[ 5934    81   118     0     0    58   128   221    61]\n [    0 17882     0    24     0   687     0    15    11]\n [    0     0  1820     0     0     0     0   242     7]\n [  107    45    38  2745     0     5     6    13    75]\n [    0     0     0     0  1305     0     0     0    10]\n [    0    46     0     0     0  4953     0     0     0]\n [    0     0     0     0     0     6  1271    23     0]\n [   82    11   188    14     0   134     0  3221     2]\n [    0     0     4     0     3     0     1     3   906]]",
        "each_acc": "[89.89547038 96.04167786 87.96520058 90.47462096 99.23954373 99.07981596\n 97.76923077 88.19824754 98.80043621]",
        "aa": 94.1626937756575,
        "kappa": 92.33776359946026
    }
}