{
    "epoch_loss": {
        "type": "index_value",
        "index": [
            1,
            2,
            3,
            4,
            5,
            6,
            7,
            8,
            9,
            10,
            11,
            12,
            13,
            14,
            15,
            16,
            17,
            18,
            19,
            20,
            21,
            22,
            23,
            24,
            25,
            26,
            27,
            28,
            29,
            30,
            31,
            32,
            33,
            34,
            35,
            36,
            37,
            38,
            39,
            40,
            41,
            42,
            43,
            44,
            45,
            46,
            47,
            48,
            49,
            50
        ],
        "value": [
            1.5706602372063532,
            0.8193583175871108,
            0.48694338851504854,
            0.3152728949652778,
            0.19432296488020157,
            0.15965414418114557,
            0.15687390115525987,
            0.14118302517467074,
            0.10352956083085801,
            0.09509347663985358,
            0.06305217420889271,
            0.050157979859246145,
            0.04517186774147881,
            0.06020064102278815,
            0.08336802111731635,
            0.0872503293885125,
            0.05201275904973348,
            0.1158590895930926,
            0.0862444904115465,
            0.06631881833076476,
            0.06242990035149786,
            0.04528469456566705,
            0.029985373016032907,
            0.031092755132251317,
            0.06469622691472371,
            0.04511523816320631,
            0.09083733611636692,
            0.06794433448049757,
            0.03923556235101488,
            0.0361728760931227,
            0.11708637396494548,
            0.07448137071397569,
            0.028892558415730796,
            0.06823709858788385,
            0.09378678480784099,
            0.044831848012076486,
            0.019822633349233204,
            0.025826333496305677,
            0.02551571594344245,
            0.07266208519538243,
            0.02287679758336809,
            0.09424893697102865,
            0.0251156481107076,
            0.04627735429339939,
            0.03169344526198175,
            0.045288165807724,
            0.02582883134484291,
            0.028305031326082017,
            0.0426305075486501,
            0.020090403821733264
        ]
    },
    "train_oa": {
        "type": "index_value",
        "index": [
            10,
            20,
            30,
            40,
            50
        ],
        "value": [
            94.09819023767896,
            89.17686528374993,
            91.07876955063082,
            94.70538203468317,
            96.285970798091
        ]
    },
    "train_aa": {
        "type": "index_value",
        "index": [
            10,
            20,
            30,
            40,
            50
        ],
        "value": [
            92.43164556207444,
            90.34527939758061,
            94.55105431798843,
            94.57754195196918,
            95.47588013463975
        ]
    },
    "train_kappa": {
        "type": "index_value",
        "index": [
            10,
            20,
            30,
            40,
            50
        ],
        "value": [
            92.16014217328126,
            85.59005601660674,
            88.51691710488939,
            93.00893365416061,
            95.08101795972912
        ]
    },
    "param": {
        "data": {
            "data_sign": "Pavia",
            "data_file": "Pavia_50",
            "diffusion_sign": false,
            "patch_size": 13,
            "test_ratio": 0.95,
            "batch_size": 64,
            "num_classes": 9,
            "pca": 30,
            "dim_heads": 64,
            "spectral_size": 30,
            "append_dim": true
        },
        "net": {
            "trainer": "ssftt",
            "conv2d_out": 64,
            "dim": 64
        },
        "train": {
            "epochs": 50,
            "lr": 0.001,
            "weight_decay": 0
        },
        "uniq_name": "pavia_ssftt.json_50_3"
    },
    "eval": {
        "classification": "                      precision    recall  f1-score   support\n\n             Asphalt     0.9580    0.9740    0.9659      6581\n             Meadows     0.9963    0.9723    0.9841     18599\n              Gravel     0.9959    0.8355    0.9087      2049\n               Trees     0.9449    0.8653    0.9034      3014\nPainted_metal_sheets     0.9885    1.0000    0.9942      1295\n           Bare_Soil     0.9320    0.9934    0.9617      4979\n             Bitumen     0.9953    1.0000    0.9977      1280\nSelf_Blocking_Bricks     0.8783    0.9758    0.9245      3632\n\n           micro avg     0.9665    0.9626    0.9645     41429\n           macro avg     0.9612    0.9520    0.9550     41429\n        weighted avg     0.9681    0.9626    0.9644     41429\n",
        "oa": 96.285970798091,
        "confusion": "[[ 6410     0     5     0     0     0     6   128    32]\n [   16 18083     0   136     0   277     0     3    84]\n [    9     0  1712     0     0     0     0   306    22]\n [  180    36     0  2608     0    84     0    54    52]\n [    0     0     0     0  1295     0     0     0     0]\n [    1    32     0     0     0  4946     0     0     0]\n [    0     0     0     0     0     0  1280     0     0]\n [   69     0     2    16     0     0     0  3544     1]\n [    6     0     0     0    15     0     0     0   876]]",
        "each_acc": "[ 97.4016107   97.22565729  83.55295266  86.52952887 100.\n  99.33721631 100.          97.57709251  97.65886288]",
        "aa": 95.47588013463975,
        "kappa": 95.08101795972912
    }
}