{
    "epoch_loss": {
        "type": "index_value",
        "index": [
            1,
            2,
            3,
            4,
            5,
            6,
            7,
            8,
            9,
            10,
            11,
            12,
            13,
            14,
            15,
            16,
            17,
            18,
            19,
            20,
            21,
            22,
            23,
            24,
            25,
            26,
            27,
            28,
            29,
            30,
            31,
            32,
            33,
            34,
            35,
            36,
            37,
            38,
            39,
            40,
            41,
            42,
            43,
            44,
            45,
            46,
            47,
            48,
            49,
            50
        ],
        "value": [
            1.5685805832898174,
            0.6817698721532468,
            0.32042767223384644,
            0.18343560999190367,
            0.08890253128828826,
            0.04219615372518699,
            0.027020286506524792,
            0.0234231219937404,
            0.022764593445592455,
            0.017675374613867867,
            0.04066524080656193,
            0.1233968264526791,
            0.10516927120862184,
            0.05237080016069942,
            0.03870431365514243,
            0.01759224499196366,
            0.012018632999172918,
            0.02395934149691904,
            0.013862164641075113,
            0.005105628983842002,
            0.004431678639310929,
            0.002101128193101397,
            0.0022476351354271174,
            0.0022068796955324985,
            0.0025707326691459726,
            0.012951554978887241,
            0.017227861023059596,
            0.022744493076094875,
            0.0030096081740878244,
            0.0030282894934148146,
            0.0027629036904761083,
            0.0018968727189564594,
            0.0015292987986295311,
            0.0012556931279875613,
            0.0017780236675645467,
            0.0018830874141443658,
            0.002184426900499535,
            0.001451663562113902,
            0.0016896532503543078,
            0.00850159826653975,
            0.011965412470615572,
            0.10841258734602618,
            0.052569115432669164,
            0.03297470452056991,
            0.009052557265385985,
            0.005391761222509323,
            0.00307879151293525,
            0.005440150201320648,
            0.005135614606034424,
            0.002535639968873174
        ]
    },
    "train_oa": {
        "type": "index_value",
        "index": [
            10,
            20,
            30,
            40,
            50
        ],
        "value": [
            97.16829245193674,
            96.94099820058717,
            96.8604981532342,
            97.66313097831234,
            96.86523345013732
        ]
    },
    "train_aa": {
        "type": "index_value",
        "index": [
            10,
            20,
            30,
            40,
            50
        ],
        "value": [
            96.93170979576067,
            96.84617413031421,
            96.75848920332317,
            97.30327391033708,
            97.18871222097053
        ]
    },
    "train_kappa": {
        "type": "index_value",
        "index": [
            10,
            20,
            30,
            40,
            50
        ],
        "value": [
            96.23611866040666,
            95.93438144094326,
            95.83745174678134,
            96.89417431591944,
            95.84993186326687
        ]
    },
    "param": {
        "data": {
            "data_sign": "Pavia",
            "data_file": "Pavia_60",
            "diffusion_sign": false,
            "patch_size": 13,
            "test_ratio": 0.95,
            "batch_size": 64,
            "num_classes": 9,
            "pca": 30,
            "dim_heads": 64,
            "spectral_size": 30,
            "append_dim": true
        },
        "net": {
            "trainer": "ssftt",
            "conv2d_out": 64,
            "dim": 64
        },
        "train": {
            "epochs": 50,
            "lr": 0.001,
            "weight_decay": 0
        },
        "uniq_name": "pavia_ssftt.json_60_4"
    },
    "eval": {
        "classification": "                      precision    recall  f1-score   support\n\n             Asphalt     0.9840    0.9659    0.9749      6571\n             Meadows     0.9980    0.9705    0.9840     18589\n              Gravel     0.9355    0.9397    0.9376      2039\n               Trees     0.9749    0.9561    0.9654      3004\nPainted_metal_sheets     0.9885    1.0000    0.9942      1285\n           Bare_Soil     0.8790    1.0000    0.9356      4969\n             Bitumen     0.9899    1.0000    0.9949      1270\nSelf_Blocking_Bricks     0.9471    0.9194    0.9330      3622\n\n           micro avg     0.9699    0.9681    0.9690     41349\n           macro avg     0.9621    0.9689    0.9650     41349\n        weighted avg     0.9717    0.9681    0.9693     41349\n",
        "oa": 96.86523345013732,
        "confusion": "[[ 6347    18    34     7     7    66    13    60    19]\n [    0 18040     0    27     0   522     0     0     0]\n [    0     0  1916     0     0     0     0   104    19]\n [   17    15     3  2872     0    40     0    22    35]\n [    0     0     0     0  1285     0     0     0     0]\n [    0     0     0     0     0  4969     0     0     0]\n [    0     0     0     0     0     0  1270     0     0]\n [   86     4    95    40     4    56     0  3330     7]\n [    0     0     0     0     4     0     0     0   883]]",
        "each_acc": "[ 96.59108203  97.04664049  93.96763119  95.60585885 100.\n 100.         100.          91.93815572  99.54904171]",
        "aa": 97.18871222097053,
        "kappa": 95.84993186326687
    }
}