{
    "epoch_loss": {
        "type": "index_value",
        "index": [
            1,
            2,
            3,
            4,
            5,
            6,
            7,
            8,
            9,
            10,
            11,
            12,
            13,
            14,
            15,
            16,
            17,
            18,
            19,
            20,
            21,
            22,
            23,
            24,
            25,
            26,
            27,
            28,
            29,
            30,
            31,
            32,
            33,
            34,
            35,
            36,
            37,
            38,
            39,
            40,
            41,
            42,
            43,
            44,
            45,
            46,
            47,
            48,
            49,
            50
        ],
        "value": [
            1.4084842668639288,
            0.48730534977383083,
            0.22348382506105635,
            0.12198294806811545,
            0.07876010793778632,
            0.042866595503356725,
            0.026972393815716107,
            0.020216463837358686,
            0.014007592868680755,
            0.012553016634451018,
            0.006531121768057346,
            0.005248098510007063,
            0.004857394709769223,
            0.0060421549197700285,
            0.012056199067996608,
            0.025730484889613256,
            0.028756528182162178,
            0.020270488266315726,
            0.011705459695723322,
            0.009223060278842846,
            0.011625118222501543,
            0.010600585314548678,
            0.004874686581186122,
            0.0026044451269424626,
            0.0015180078076405658,
            0.0018590843744782939,
            0.0020608887386818725,
            0.0022347268234524462,
            0.003128135483711958,
            0.005054107163515356,
            0.03609591347760417,
            0.04706453053901593,
            0.0398906036797497,
            0.016722086258232592,
            0.017004630569782523,
            0.00929574446959628,
            0.00962499100714922,
            0.04797774141447412,
            0.03450590076649355,
            0.04240182207690345,
            0.03548361274103324,
            0.061842021925581823,
            0.011032181725992511,
            0.009267458009223144,
            0.003476311768301659,
            0.023745956747896143,
            0.0118808478789611,
            0.0529987062405174,
            0.014733315911144018,
            0.02244877995043579
        ]
    },
    "train_oa": {
        "type": "index_value",
        "index": [
            10,
            20,
            30,
            40,
            50
        ],
        "value": [
            97.47003994673769,
            95.84363705535478,
            98.12630778010272,
            96.40717139052691,
            96.9825946357238
        ]
    },
    "train_aa": {
        "type": "index_value",
        "index": [
            10,
            20,
            30,
            40,
            50
        ],
        "value": [
            97.0962611666421,
            96.33641803692531,
            97.2401279640395,
            94.83165626870067,
            95.85791872668788
        ]
    },
    "train_kappa": {
        "type": "index_value",
        "index": [
            10,
            20,
            30,
            40,
            50
        ],
        "value": [
            96.6317647164948,
            94.49596364786666,
            97.50303238178743,
            95.20277365018195,
            95.98011025808665
        ]
    },
    "param": {
        "data": {
            "data_sign": "Pavia",
            "data_file": "Pavia_80",
            "diffusion_sign": false,
            "patch_size": 13,
            "test_ratio": 0.95,
            "batch_size": 64,
            "num_classes": 9,
            "pca": 30,
            "dim_heads": 64,
            "spectral_size": 30,
            "append_dim": true
        },
        "net": {
            "trainer": "ssftt",
            "conv2d_out": 64,
            "dim": 64
        },
        "train": {
            "epochs": 50,
            "lr": 0.001,
            "weight_decay": 0
        },
        "uniq_name": "pavia_ssftt.json_80_0"
    },
    "eval": {
        "classification": "                      precision    recall  f1-score   support\n\n             Asphalt     0.9947    0.8939    0.9416      6551\n             Meadows     0.9962    0.9979    0.9971     18569\n              Gravel     0.9705    0.8306    0.8951      2019\n               Trees     0.9834    0.9698    0.9765      2984\nPainted_metal_sheets     0.9968    1.0000    0.9984      1265\n           Bare_Soil     0.9964    0.9968    0.9966      4949\n             Bitumen     0.9766    1.0000    0.9881      1250\nSelf_Blocking_Bricks     0.7801    0.9878    0.8717      3602\n\n           micro avg     0.9695    0.9702    0.9699     41189\n           macro avg     0.9618    0.9596    0.9582     41189\n        weighted avg     0.9743    0.9702    0.9705     41189\n",
        "oa": 96.9825946357238,
        "confusion": "[[ 5856    67     0     7     0     0     0   621     0]\n [    0 18530     0    21     0    18     0     0     0]\n [    0     0  1677     2     0     0     0   340     0]\n [   27     3    14  2894     0     0     0    33    13]\n [    0     0     0     0  1265     0     0     0     0]\n [    0     0    16     0     0  4933     0     0     0]\n [    0     0     0     0     0     0  1250     0     0]\n [    4     0    21    19     0     0     0  3558     0]\n [    0     0     0     0     4     0    30     9   824]]",
        "each_acc": "[ 89.39093268  99.78997253  83.06092125  96.98391421 100.\n  99.67670236 100.          98.77845641  95.04036909]",
        "aa": 95.85791872668788,
        "kappa": 95.98011025808665
    }
}