{
    "epoch_loss": {
        "type": "index_value",
        "index": [
            1,
            2,
            3,
            4,
            5,
            6,
            7,
            8,
            9,
            10,
            11,
            12,
            13,
            14,
            15,
            16,
            17,
            18,
            19,
            20,
            21,
            22,
            23,
            24,
            25,
            26,
            27,
            28,
            29,
            30,
            31,
            32,
            33,
            34,
            35,
            36,
            37,
            38,
            39,
            40,
            41,
            42,
            43,
            44,
            45,
            46,
            47,
            48,
            49,
            50
        ],
        "value": [
            1.9770925018522474,
            1.2703827778498331,
            0.9480786813629998,
            0.6210045430395338,
            0.5106028669410282,
            0.29336844947603014,
            0.2252993921438853,
            0.15323555668195088,
            0.11480694860219956,
            0.06741634011268616,
            0.06760412893361516,
            0.030621104563275974,
            0.030501117350326644,
            0.019404598284098837,
            0.012310530472960737,
            0.011419254106779892,
            0.011828161610497368,
            0.005268704466935661,
            0.007085654325783253,
            0.004602014563149876,
            0.005036581669830614,
            0.004054496359700958,
            0.004693894419405195,
            0.0031084936577826737,
            0.003203503383944432,
            0.0031521305131415526,
            0.0030966874005066026,
            0.0026391004626121787,
            0.0022983691655099393,
            0.0022192045011454158,
            0.002064552799695068,
            0.0021685652124385038,
            0.0017966463023589717,
            0.002285964471391506,
            0.001967499353405502,
            0.0034310877530111207,
            0.001625525540051361,
            0.0016885307255304523,
            0.002017332639338242,
            0.0020303190841029087,
            0.001650979933846328,
            0.001707559003908601,
            0.0017169939095361365,
            0.0019876393593019907,
            0.001378271547663543,
            0.001739485670501987,
            0.0013095677209397157,
            0.0011952554393145772,
            0.0014143175652457608,
            0.0011743911723088886
        ]
    },
    "train_oa": {
        "type": "index_value",
        "index": [
            10,
            20,
            30,
            40,
            50
        ],
        "value": [
            87.99652549535168,
            91.90769086299183,
            92.19879800920275,
            92.34904685885998,
            92.60963470748426
        ]
    },
    "train_aa": {
        "type": "index_value",
        "index": [
            10,
            20,
            30,
            40,
            50
        ],
        "value": [
            90.76842879784438,
            93.1777066680103,
            93.29161267066911,
            93.27864719993184,
            93.34583764488191
        ]
    },
    "train_kappa": {
        "type": "index_value",
        "index": [
            10,
            20,
            30,
            40,
            50
        ],
        "value": [
            84.50562491949064,
            89.37224265778043,
            89.74683967691658,
            89.94787165426072,
            90.26881100803583
        ]
    },
    "param": {
        "data": {
            "data_sign": "Pavia",
            "data_file": "Pavia_20",
            "diffusion_sign": false,
            "patch_size": 13,
            "test_ratio": 0.95,
            "batch_size": 64,
            "num_classes": 9,
            "pca": 30,
            "dim_heads": 64,
            "spectral_size": 30,
            "append_dim": true
        },
        "net": {
            "trainer": "ssftt",
            "conv2d_out": 64,
            "dim": 64
        },
        "train": {
            "epochs": 50,
            "lr": 0.001,
            "weight_decay": 0
        },
        "uniq_name": "pavia_ssftt.json_20_2"
    },
    "eval": {
        "classification": "                      precision    recall  f1-score   support\n\n             Asphalt     0.9556    0.9203    0.9376      6611\n             Meadows     0.9735    0.9374    0.9551     18629\n              Gravel     0.8995    0.8268    0.8617      2079\n               Trees     0.9301    0.9665    0.9480      3044\nPainted_metal_sheets     0.9918    1.0000    0.9959      1325\n           Bare_Soil     0.8125    0.8990    0.8536      5009\n             Bitumen     0.8607    1.0000    0.9251      1310\nSelf_Blocking_Bricks     0.8241    0.8727    0.8477      3662\n\n           micro avg     0.9252    0.9249    0.9251     41669\n           macro avg     0.9060    0.9278    0.9156     41669\n        weighted avg     0.9283    0.9249    0.9258     41669\n",
        "oa": 92.60963470748426,
        "confusion": "[[ 6084     1     0    31     0    30   212   252     1]\n [    1 17462   120    37     0   993     0    16     0]\n [    9     0  1719     7     0     0     0   334    10]\n [   26    29     0  2942     0     8     0    18    21]\n [    0     0     0     0  1325     0     0     0     0]\n [    0   435     0    16     0  4503     0    55     0]\n [    0     0     0     0     0     0  1310     0     0]\n [  247    11    72   128     0     8     0  3196     0]\n [    0     0     0     2    11     0     0     7   907]]",
        "each_acc": "[ 92.02843745  93.73557357  82.68398268  96.64914586 100.\n  89.89818327 100.          87.27471327  97.8425027 ]",
        "aa": 93.34583764488191,
        "kappa": 90.26881100803583
    }
}