{
    "epoch_loss": {
        "type": "index_value",
        "index": [
            1,
            2,
            3,
            4,
            5,
            6,
            7,
            8,
            9,
            10,
            11,
            12,
            13,
            14,
            15,
            16,
            17,
            18,
            19,
            20,
            21,
            22,
            23,
            24,
            25,
            26,
            27,
            28,
            29,
            30,
            31,
            32,
            33,
            34,
            35,
            36,
            37,
            38,
            39,
            40,
            41,
            42,
            43,
            44,
            45,
            46,
            47,
            48,
            49,
            50
        ],
        "value": [
            2.1106801086001927,
            1.516791672176785,
            1.1740161869260999,
            0.9057411260075039,
            0.7107527812321981,
            0.5046158022350735,
            0.45824873579872977,
            0.3335059040122562,
            0.2667113506131702,
            0.20058956841627756,
            0.11210130585564507,
            0.0972717007001241,
            0.06747416605552038,
            0.054138940241601735,
            0.047023371027575596,
            0.02477348463402854,
            0.020824963309698633,
            0.016046503062049546,
            0.02684318729572826,
            0.011297279979205793,
            0.00800178222772148,
            0.011647981901963552,
            0.008070796717786127,
            0.005635168858700328,
            0.0063034723409348065,
            0.006366167238189114,
            0.005926688801911142,
            0.005384798492822382,
            0.004202539422031906,
            0.005272376102705797,
            0.003900086186412308,
            0.0037331838781634965,
            0.0036127540282905103,
            0.003509716410189867,
            0.00240797005697257,
            0.003111439384520054,
            0.0027490646992292668,
            0.0022857104428112506,
            0.0027955012292497686,
            0.0025336194783449175,
            0.0018298024725582865,
            0.002050252558870448,
            0.0020759797241124843,
            0.0016422985018127495,
            0.002137003073261844,
            0.00209007632608215,
            0.0013381613573680321,
            0.0017794640450220969,
            0.0014271171608318885,
            0.0018335912066201369
        ]
    },
    "train_oa": {
        "type": "index_value",
        "index": [
            10,
            20,
            30,
            40,
            50
        ],
        "value": [
            75.58918615002577,
            85.52452794827344,
            87.95389589092443,
            87.34245420044043,
            89.06433022536663
        ]
    },
    "train_aa": {
        "type": "index_value",
        "index": [
            10,
            20,
            30,
            40,
            50
        ],
        "value": [
            83.38775730903775,
            88.91687385357058,
            88.97745629385525,
            88.66713338563244,
            89.60426237032073
        ]
    },
    "train_kappa": {
        "type": "index_value",
        "index": [
            10,
            20,
            30,
            40,
            50
        ],
        "value": [
            69.44523216552055,
            81.36094969750101,
            84.28944280703932,
            83.5125766705715,
            85.68257052563277
        ]
    },
    "param": {
        "data": {
            "data_sign": "Pavia",
            "data_file": "Pavia_10",
            "diffusion_sign": false,
            "patch_size": 13,
            "test_ratio": 0.95,
            "batch_size": 64,
            "num_classes": 9,
            "pca": 30,
            "dim_heads": 64,
            "spectral_size": 30,
            "append_dim": true
        },
        "net": {
            "trainer": "ssftt",
            "conv2d_out": 64,
            "dim": 64
        },
        "train": {
            "epochs": 50,
            "lr": 0.001,
            "weight_decay": 0
        },
        "uniq_name": "pavia_ssftt.json_10_3"
    },
    "eval": {
        "classification": "                      precision    recall  f1-score   support\n\n             Asphalt     0.8652    0.7946    0.8284      6621\n             Meadows     0.9885    0.9444    0.9660     18639\n              Gravel     0.7084    0.9292    0.8039      2089\n               Trees     0.8571    0.9050    0.8804      3054\nPainted_metal_sheets     0.9948    1.0000    0.9974      1335\n           Bare_Soil     0.8678    0.9733    0.9175      5019\n             Bitumen     0.6767    0.9924    0.8047      1320\nSelf_Blocking_Bricks     0.8602    0.5447    0.6670      3672\n\n           micro avg     0.9030    0.8886    0.8957     41749\n           macro avg     0.8523    0.8854    0.8582     41749\n        weighted avg     0.9099    0.8886    0.8936     41749\n",
        "oa": 89.06433022536663,
        "confusion": "[[ 5261    59   130    37     0     0   559    60   515]\n [   39 17603     0   304     0   588     0    82    23]\n [    0     0  1941     0     0     0     0   137    11]\n [   57   108    10  2764     0    19     0    40    56]\n [    0     0     0     0  1335     0     0     0     0]\n [   98    32     0     0     0  4885     0     4     0]\n [    8     0     0     0     0     2  1310     0     0]\n [  614     5   655   120     0   134    67  2000    77]\n [    4     0     4     0     7     1     0     2   919]]",
        "each_acc": "[ 79.45929618  94.4417619   92.91527046  90.50425671 100.\n  97.33014545  99.24242424  54.46623094  98.07897545]",
        "aa": 89.60426237032073,
        "kappa": 85.68257052563277
    }
}