{
    "epoch_loss": {
        "type": "index_value",
        "index": [
            1,
            2,
            3,
            4,
            5,
            6,
            7,
            8,
            9,
            10,
            11,
            12,
            13,
            14,
            15,
            16,
            17,
            18,
            19,
            20,
            21,
            22,
            23,
            24,
            25,
            26,
            27,
            28,
            29,
            30,
            31,
            32,
            33,
            34,
            35,
            36,
            37,
            38,
            39,
            40,
            41,
            42,
            43,
            44,
            45,
            46,
            47,
            48,
            49,
            50
        ],
        "value": [
            1.3112925224834018,
            0.4269869003030989,
            0.22333400530947578,
            0.12571576237678528,
            0.09616144862439897,
            0.07379784919321537,
            0.07512548632091946,
            0.07461158095134629,
            0.03255475701557265,
            0.025610281320081817,
            0.017653606086969375,
            0.009015507540769047,
            0.007098358579807811,
            0.005830532167520788,
            0.008364115971037082,
            0.011238842291964425,
            0.009115195023413333,
            0.005473729533453782,
            0.006452951456109682,
            0.0051989142006884015,
            0.021123547138025365,
            0.006614316410074632,
            0.03853965373709798,
            0.01049382703171836,
            0.011899813078343868,
            0.005406685504648421,
            0.005493972165923979,
            0.0015671546208775706,
            0.0014157315612667136,
            0.007924946485501197,
            0.005075693407302929,
            0.020906483982172278,
            0.0159369508528875,
            0.0518672863021493,
            0.026553852980335555,
            0.01830970889164342,
            0.029678785987198354,
            0.023029688300771844,
            0.02114053743425757,
            0.029802562006645734,
            0.018200150597840546,
            0.014678814836467305,
            0.012166377783028617,
            0.022354964849849543,
            0.01375926230620179,
            0.014211069885641336,
            0.0026115739407638707,
            0.003048595656744308,
            0.002138014365401533,
            0.005017183010932058
        ]
    },
    "train_oa": {
        "type": "index_value",
        "index": [
            10,
            20,
            30,
            40,
            50
        ],
        "value": [
            98.1928856762412,
            97.48430663876736,
            98.65417538520069,
            90.12982689747004,
            98.114418870078
        ]
    },
    "train_aa": {
        "type": "index_value",
        "index": [
            10,
            20,
            30,
            40,
            50
        ],
        "value": [
            97.9105514764185,
            97.53443710829599,
            98.53926750401654,
            94.10517766170895,
            98.00258833538736
        ]
    },
    "train_kappa": {
        "type": "index_value",
        "index": [
            10,
            20,
            30,
            40,
            50
        ],
        "value": [
            97.59450511266141,
            96.65412366192115,
            98.20776444051164,
            87.24108748557883,
            97.49143409502003
        ]
    },
    "param": {
        "data": {
            "data_sign": "Pavia",
            "data_file": "Pavia_80",
            "diffusion_sign": false,
            "patch_size": 13,
            "test_ratio": 0.95,
            "batch_size": 64,
            "num_classes": 9,
            "pca": 30,
            "dim_heads": 64,
            "spectral_size": 30,
            "append_dim": true
        },
        "net": {
            "trainer": "ssftt",
            "conv2d_out": 64,
            "dim": 64
        },
        "train": {
            "epochs": 50,
            "lr": 0.001,
            "weight_decay": 0
        },
        "uniq_name": "pavia_ssftt.json_80_2"
    },
    "eval": {
        "classification": "                      precision    recall  f1-score   support\n\n             Asphalt     0.9870    0.9615    0.9741      6551\n             Meadows     0.9991    0.9911    0.9951     18569\n              Gravel     0.9246    0.9901    0.9562      2019\n               Trees     0.9756    0.9628    0.9691      2984\nPainted_metal_sheets     0.9929    1.0000    0.9965      1265\n           Bare_Soil     0.9719    1.0000    0.9858      4949\n             Bitumen     0.9992    1.0000    0.9996      1250\nSelf_Blocking_Bricks     0.9278    0.9378    0.9328      3602\n\n           micro avg     0.9818    0.9812    0.9815     41189\n           macro avg     0.9723    0.9804    0.9761     41189\n        weighted avg     0.9821    0.9812    0.9816     41189\n",
        "oa": 98.114418870078,
        "confusion": "[[ 6299     3     3    45     0     0     0   201     0]\n [    0 18403     0    14     0   143     0     0     9]\n [    0     0  1999     0     0     0     0    15     5]\n [   11     7    17  2873     0     0     0    47    29]\n [    0     0     0     0  1265     0     0     0     0]\n [    0     0     0     0     0  4949     0     0     0]\n [    0     0     0     0     0     0  1250     0     0]\n [   72     6   135    11     0     0     0  3378     0]\n [    0     0     8     2     9     0     1     0   847]]",
        "each_acc": "[ 96.15325904  99.10603694  99.0094106   96.28016086 100.\n 100.         100.          93.78123265  97.69319493]",
        "aa": 98.00258833538736,
        "kappa": 97.49143409502003
    }
}