{
    "epoch_loss": {
        "type": "index_value",
        "index": [
            1,
            2,
            3,
            4,
            5,
            6,
            7,
            8,
            9,
            10,
            11,
            12,
            13,
            14,
            15,
            16,
            17,
            18,
            19,
            20,
            21,
            22,
            23,
            24,
            25,
            26,
            27,
            28,
            29,
            30,
            31,
            32,
            33,
            34,
            35,
            36,
            37,
            38,
            39,
            40,
            41,
            42,
            43,
            44,
            45,
            46,
            47,
            48,
            49,
            50
        ],
        "value": [
            1.9896909846199884,
            1.3220817857318454,
            0.9198828842904833,
            0.6248748858769735,
            0.45370555188920764,
            0.3142925825383928,
            0.20862493481900957,
            0.14008269790146086,
            0.09382572356197569,
            0.05239430889487266,
            0.034984845999214385,
            0.029248614981770515,
            0.0220388561901119,
            0.014955527418189578,
            0.010776154158843889,
            0.013019426415363947,
            0.007464248438676198,
            0.005676660562554995,
            0.00601816326379776,
            0.006171158815009727,
            0.0057392834789223145,
            0.006530539422399468,
            0.004059472162690428,
            0.003362132189795375,
            0.004199509100160665,
            0.003692553730474578,
            0.003349379610477222,
            0.0024557972068174018,
            0.0022093895046661296,
            0.003015996127699812,
            0.002334791388259166,
            0.002104512783181336,
            0.002159962399552266,
            0.002062702228108214,
            0.0026468259282410147,
            0.0020541045944102937,
            0.0023744291108515527,
            0.0019710368994209503,
            0.0016509410252587664,
            0.0015390848973765969,
            0.0018156810870601071,
            0.0015664102975279093,
            0.0020094154816534785,
            0.0013649308821186423,
            0.0013063221885305312,
            0.0013769848168724112,
            0.0012648304018916356,
            0.001031058995674054,
            0.0015773027798988753,
            0.001169269366396798
        ]
    },
    "train_oa": {
        "type": "index_value",
        "index": [
            10,
            20,
            30,
            40,
            50
        ],
        "value": [
            88.18903183397502,
            90.42867874917833,
            92.12367358437412,
            91.76683256643815,
            91.6259742698845
        ]
    },
    "train_aa": {
        "type": "index_value",
        "index": [
            10,
            20,
            30,
            40,
            50
        ],
        "value": [
            91.31489234490486,
            92.42817367135902,
            93.29310462075537,
            93.35131099880178,
            93.30447692862873
        ]
    },
    "train_kappa": {
        "type": "index_value",
        "index": [
            10,
            20,
            30,
            40,
            50
        ],
        "value": [
            84.68629949550387,
            87.49735910488154,
            89.66584320094363,
            89.22072335917156,
            89.03759378016602
        ]
    },
    "param": {
        "data": {
            "data_sign": "Pavia",
            "data_file": "Pavia_20",
            "diffusion_sign": false,
            "patch_size": 13,
            "test_ratio": 0.95,
            "batch_size": 64,
            "num_classes": 9,
            "pca": 30,
            "dim_heads": 64,
            "spectral_size": 30,
            "append_dim": true
        },
        "net": {
            "trainer": "ssftt",
            "conv2d_out": 64,
            "dim": 64
        },
        "train": {
            "epochs": 50,
            "lr": 0.001,
            "weight_decay": 0
        },
        "uniq_name": "pavia_ssftt.json_20_0"
    },
    "eval": {
        "classification": "                      precision    recall  f1-score   support\n\n             Asphalt     0.9634    0.8566    0.9069      6611\n             Meadows     0.9803    0.9222    0.9504     18629\n              Gravel     0.8282    0.8369    0.8325      2079\n               Trees     0.9476    0.9793    0.9632      3044\nPainted_metal_sheets     0.9881    1.0000    0.9940      1325\n           Bare_Soil     0.8054    0.9207    0.8592      5009\n             Bitumen     0.7980    0.9985    0.8871      1310\nSelf_Blocking_Bricks     0.7764    0.9047    0.8357      3662\n\n           micro avg     0.9159    0.9149    0.9154     41669\n           macro avg     0.8859    0.9274    0.9036     41669\n        weighted avg     0.9232    0.9149    0.9169     41669\n",
        "oa": 91.6259742698845,
        "confusion": "[[ 5663     0    36    20     0    47   327   514     4]\n [    6 17180   260    60     0  1059     0    39    25]\n [    1     0  1740     1     0     0     0   322    15]\n [    9     0     1  2981     0     8     0    25    20]\n [    0     0     0     0  1325     0     0     0     0]\n [    0   345     0     0     0  4612     0    52     0]\n [    0     0     0     0     0     0  1308     0     2]\n [  198     0    62    78     8     0     3  3313     0]\n [    1     0     2     6     8     0     1     2   907]]",
        "each_acc": "[ 85.6602632   92.22180471  83.69408369  97.9303548  100.\n  92.07426632  99.84732824  90.46968869  97.8425027 ]",
        "aa": 93.30447692862873,
        "kappa": 89.03759378016602
    }
}