{
    "epoch_loss": {
        "type": "index_value",
        "index": [
            1,
            2,
            3,
            4,
            5,
            6,
            7,
            8,
            9,
            10,
            11,
            12,
            13,
            14,
            15,
            16,
            17,
            18,
            19,
            20,
            21,
            22,
            23,
            24,
            25,
            26,
            27,
            28,
            29,
            30,
            31,
            32,
            33,
            34,
            35,
            36,
            37,
            38,
            39,
            40,
            41,
            42,
            43,
            44,
            45,
            46,
            47,
            48,
            49,
            50
        ],
        "value": [
            1.5830501047770182,
            0.7675267002317641,
            0.4318003023995294,
            0.29571958753797745,
            0.20221261554294162,
            0.12990562280019124,
            0.10600619316101074,
            0.11316608826319377,
            0.08937365187538995,
            0.08628667440679338,
            0.09777248091167874,
            0.08604881339603,
            0.08441970613267687,
            0.08135222461488512,
            0.0647182814280192,
            0.0871124373541938,
            0.1069384913974338,
            0.07761363506317139,
            0.05181397491031223,
            0.10001164224412706,
            0.07077991369697782,
            0.060719007386101614,
            0.04247437357902527,
            0.056449206670125325,
            0.04812240719795227,
            0.04370999866061741,
            0.060461349230673575,
            0.06725685715675354,
            0.02813707126511468,
            0.07058134383625454,
            0.029594387403792805,
            0.0738041967815823,
            0.03333667755126953,
            0.05245886431799995,
            0.05045833508173625,
            0.05103601574897766,
            0.04278446581628587,
            0.037265076637268066,
            0.05422365652190314,
            0.037844082249535456,
            0.02407067453695668,
            0.01667174466782146,
            0.0212821724679735,
            0.013945127659373812,
            0.015895976887808905,
            0.024435531662570106,
            0.02299925194846259,
            0.029352518518765768,
            0.030863314867019653,
            0.06027244965235392
        ]
    },
    "train_oa": {
        "type": "index_value",
        "index": [
            10,
            20,
            30,
            40,
            50
        ],
        "value": [
            91.65288475168927,
            87.85852667391202,
            93.9422577139347,
            95.30784860369513,
            93.69182063034542
        ]
    },
    "train_aa": {
        "type": "index_value",
        "index": [
            10,
            20,
            30,
            40,
            50
        ],
        "value": [
            94.14982515224159,
            88.22773732371387,
            94.80071442132709,
            94.80986540244507,
            93.48745136586261
        ]
    },
    "train_kappa": {
        "type": "index_value",
        "index": [
            10,
            20,
            30,
            40,
            50
        ],
        "value": [
            89.13115545296296,
            83.91591404357666,
            92.01321089167871,
            93.77862826689089,
            91.664945366151
        ]
    },
    "param": {
        "data": {
            "data_sign": "Pavia",
            "data_file": "Pavia_50",
            "diffusion_sign": false,
            "patch_size": 13,
            "test_ratio": 0.95,
            "batch_size": 64,
            "num_classes": 9,
            "pca": 30,
            "dim_heads": 64,
            "spectral_size": 30,
            "append_dim": true
        },
        "net": {
            "trainer": "ssftt",
            "conv2d_out": 64,
            "dim": 64
        },
        "train": {
            "epochs": 50,
            "lr": 0.001,
            "weight_decay": 0
        },
        "uniq_name": "pavia_ssftt.json_50_2"
    },
    "eval": {
        "classification": "                      precision    recall  f1-score   support\n\n             Asphalt     0.9836    0.7388    0.8438      6581\n             Meadows     0.9948    0.9884    0.9916     18599\n              Gravel     0.8970    0.9268    0.9117      2049\n               Trees     0.9520    0.8942    0.9222      3014\nPainted_metal_sheets     0.9885    1.0000    0.9942      1295\n           Bare_Soil     0.9689    0.9948    0.9817      4979\n             Bitumen     0.5742    1.0000    0.7296      1280\nSelf_Blocking_Bricks     0.8040    0.9546    0.8729      3632\n\n           micro avg     0.9395    0.9374    0.9385     41429\n           macro avg     0.8954    0.9372    0.9059     41429\n        weighted avg     0.9520    0.9374    0.9395     41429\n",
        "oa": 93.69182063034542,
        "confusion": "[[ 4862    21   145    10     0     0   856   547   140]\n [    0 18383     0    96     0   116     0     0     4]\n [    0     0  1899    16     0     0     0   129     5]\n [   51    38     0  2695     0    43     4   161    22]\n [    0     0     0     0  1295     0     0     0     0]\n [    0    26     0     0     0  4953     0     0     0]\n [    0     0     0     0     0     0  1280     0     0]\n [   30     7    69    14     0     0    45  3467     0]\n [    0     4     4     0    15     0    44     8   822]]",
        "each_acc": "[ 73.87934964  98.83864724  92.67935578  89.41605839 100.\n  99.47780679 100.          95.45704846  91.63879599]",
        "aa": 93.48745136586261,
        "kappa": 91.664945366151
    }
}