{
    "epoch_loss": {
        "type": "index_value",
        "index": [
            1,
            2,
            3,
            4,
            5,
            6,
            7,
            8,
            9,
            10,
            11,
            12,
            13,
            14,
            15,
            16,
            17,
            18,
            19,
            20,
            21,
            22,
            23,
            24,
            25,
            26,
            27,
            28,
            29,
            30,
            31,
            32,
            33,
            34,
            35,
            36,
            37,
            38,
            39,
            40,
            41,
            42,
            43,
            44,
            45,
            46,
            47,
            48,
            49,
            50
        ],
        "value": [
            1.7941067227610836,
            1.0351025616681133,
            0.6394260552194383,
            0.4257273565839838,
            0.25431060106666,
            0.15205947282137694,
            0.10156631602181329,
            0.06836676531367832,
            0.04302372257742617,
            0.05564814121634872,
            0.04835610869858,
            0.02567472430290999,
            0.021300403304674007,
            0.017019570342920443,
            0.012706428366126838,
            0.010399951675423869,
            0.009627745797236761,
            0.004834982739002617,
            0.011772084125766047,
            0.008890010085370806,
            0.009713294508832472,
            0.060598396371912076,
            0.10527691509988572,
            0.04418391659855843,
            0.03914146765514656,
            0.07364623110603404,
            0.030460262408962956,
            0.06850923630926344,
            0.035365770867577306,
            0.06402645420145106,
            0.0413119171573608,
            0.025748638505185092,
            0.027655615505796892,
            0.015894432759119406,
            0.009122418384585116,
            0.004869900340283359,
            0.005679082223731611,
            0.005138840462529549,
            0.005211732536554337,
            0.0018199130202885027,
            0.007738468299309412,
            0.0076678360225977725,
            0.03527822033847096,
            0.005816045520758187,
            0.00756142737723335,
            0.004269899365802606,
            0.005727006315633103,
            0.0021685740738003343,
            0.0012423138298025287,
            0.0063150881617157545
        ]
    },
    "train_oa": {
        "type": "index_value",
        "index": [
            10,
            20,
            30,
            40,
            50
        ],
        "value": [
            91.38709829200583,
            93.16567072883828,
            86.69129064132123,
            93.51620947630923,
            95.26184538653366
        ]
    },
    "train_aa": {
        "type": "index_value",
        "index": [
            10,
            20,
            30,
            40,
            50
        ],
        "value": [
            92.87454035596224,
            93.41175454364001,
            89.66965387364768,
            94.12633776437664,
            94.86288390862295
        ]
    },
    "train_kappa": {
        "type": "index_value",
        "index": [
            10,
            20,
            30,
            40,
            50
        ],
        "value": [
            88.71667188982055,
            91.00263322500638,
            82.76626728900948,
            91.46335113814924,
            93.73966373568449
        ]
    },
    "param": {
        "data": {
            "data_sign": "Pavia",
            "data_file": "Pavia_30",
            "diffusion_sign": false,
            "patch_size": 13,
            "test_ratio": 0.95,
            "batch_size": 64,
            "num_classes": 9,
            "pca": 30,
            "dim_heads": 64,
            "spectral_size": 30,
            "append_dim": true
        },
        "net": {
            "trainer": "ssftt",
            "conv2d_out": 64,
            "dim": 64
        },
        "train": {
            "epochs": 50,
            "lr": 0.001,
            "weight_decay": 0
        },
        "uniq_name": "pavia_ssftt.json_30_4"
    },
    "eval": {
        "classification": "                      precision    recall  f1-score   support\n\n             Asphalt     0.9726    0.8830    0.9257      6601\n             Meadows     0.9959    0.9772    0.9864     18619\n              Gravel     0.8596    0.8342    0.8467      2069\n               Trees     0.9768    0.9301    0.9529      3034\nPainted_metal_sheets     0.9902    1.0000    0.9951      1315\n           Bare_Soil     0.9347    0.9944    0.9637      4999\n             Bitumen     0.9298    0.9885    0.9582      1300\nSelf_Blocking_Bricks     0.8072    0.9433    0.8699      3652\n\n           micro avg     0.9549    0.9519    0.9534     41589\n           macro avg     0.9334    0.9438    0.9373     41589\n        weighted avg     0.9579    0.9519    0.9538     41589\n",
        "oa": 95.26184538653366,
        "confusion": "[[ 5829     6   190     2     0     0    94   417    63]\n [   31 18194     0    24     0   330     0    33     7]\n [    0     1  1726     0     0     2     0   322    18]\n [   79    32    15  2822     7     0     1    35    43]\n [    0     0     0     0  1315     0     0     0     0]\n [    0    28     0     0     0  4971     0     0     0]\n [    0     0     0     0     0     1  1285    12     2]\n [   54     8    77    41     0    14     0  3445    13]\n [    0     0     0     0     6     0     2     4   905]]",
        "each_acc": "[ 88.3048023   97.71738547  83.42194297  93.01252472 100.\n  99.43988798  98.84615385  94.33187295  98.69138495]",
        "aa": 94.86288390862295,
        "kappa": 93.73966373568449
    }
}