{
    "epoch_loss": {
        "type": "index_value",
        "index": [
            1,
            2,
            3,
            4,
            5,
            6,
            7,
            8,
            9,
            10,
            11,
            12,
            13,
            14,
            15,
            16,
            17,
            18,
            19,
            20,
            21,
            22,
            23,
            24,
            25,
            26,
            27,
            28,
            29,
            30,
            31,
            32,
            33,
            34,
            35,
            36,
            37,
            38,
            39,
            40,
            41,
            42,
            43,
            44,
            45,
            46,
            47,
            48,
            49,
            50
        ],
        "value": [
            1.494685008790758,
            0.620684477576503,
            0.31347177790270914,
            0.18489118748241,
            0.10839007016685274,
            0.06739990126203607,
            0.08966473997743041,
            0.04526085441035253,
            0.03445959996294092,
            0.08293047287949809,
            0.04314269092347887,
            0.027068579141740445,
            0.00989304202505284,
            0.01344987341047575,
            0.009128433936792944,
            0.003816557184068693,
            0.004012700677331951,
            0.004848277538635389,
            0.005286453422848825,
            0.0080681754483117,
            0.016498242373819704,
            0.030678106237340855,
            0.010732918798371597,
            0.010862059518694877,
            0.005584201302931265,
            0.0039285148321478456,
            0.002631401778543713,
            0.0026533681519881444,
            0.0022693539245261084,
            0.0015129655496113831,
            0.0011079146311169974,
            0.002159965424625962,
            0.0008055010732884208,
            0.0009822486981715041,
            0.0008290823333448282,
            0.0010087756767731021,
            0.0007456617619566343,
            0.0009335771707507471,
            0.0005479715367848123,
            0.0005378186690871155,
            0.0011334965921748705,
            0.0041788914965258704,
            0.07854819501301756,
            0.009815086062169737,
            0.0027101038075569603,
            0.008071816572919489,
            0.0029043138445423986,
            0.001367233443522343,
            0.001708941701454697,
            0.0010475629940629005
        ]
    },
    "train_oa": {
        "type": "index_value",
        "index": [
            10,
            20,
            30,
            40,
            50
        ],
        "value": [
            91.42911260536036,
            96.82498342646085,
            96.68529216781893,
            97.97329292546642,
            97.63945449379676
        ]
    },
    "train_aa": {
        "type": "index_value",
        "index": [
            10,
            20,
            30,
            40,
            50
        ],
        "value": [
            94.53384137665779,
            97.23888539665269,
            97.40159641927268,
            97.73778917487476,
            97.62254043389298
        ]
    },
    "train_kappa": {
        "type": "index_value",
        "index": [
            10,
            20,
            30,
            40,
            50
        ],
        "value": [
            88.88490057585311,
            95.7963594651799,
            95.6196376899647,
            97.30583374296505,
            96.86744747886301
        ]
    },
    "param": {
        "data": {
            "data_sign": "Pavia",
            "data_file": "Pavia_60",
            "diffusion_sign": false,
            "patch_size": 13,
            "test_ratio": 0.95,
            "batch_size": 64,
            "num_classes": 9,
            "pca": 30,
            "dim_heads": 64,
            "spectral_size": 30,
            "append_dim": true
        },
        "net": {
            "trainer": "ssftt",
            "conv2d_out": 64,
            "dim": 64
        },
        "train": {
            "epochs": 50,
            "lr": 0.001,
            "weight_decay": 0
        },
        "uniq_name": "pavia_ssftt.json_60_1"
    },
    "eval": {
        "classification": "                      precision    recall  f1-score   support\n\n             Asphalt     0.9882    0.9715    0.9798      6571\n             Meadows     0.9953    0.9814    0.9883     18589\n              Gravel     0.9274    0.9465    0.9369      2039\n               Trees     0.9769    0.9437    0.9600      3004\nPainted_metal_sheets     0.9869    1.0000    0.9934      1285\n           Bare_Soil     0.9428    0.9992    0.9702      4969\n             Bitumen     0.9463    0.9984    0.9716      1270\nSelf_Blocking_Bricks     0.9522    0.9520    0.9521      3622\n\n           micro avg     0.9771    0.9760    0.9766     41349\n           macro avg     0.9645    0.9741    0.9690     41349\n        weighted avg     0.9776    0.9760    0.9767     41349\n",
        "oa": 97.63945449379676,
        "confusion": "[[ 6384    30    37     3     0     0    72    42     3]\n [    0 18243     0    55     0   291     0     0     0]\n [    0     1  1930     0     0     0     0    98    10]\n [   36    50     4  2835     0     8     0    31    40]\n [    0     0     0     0  1285     0     0     0     0]\n [    0     2     0     0     0  4965     0     2     0]\n [    0     0     0     0     0     2  1268     0     0]\n [   40     4   108     9    13     0     0  3448     0]\n [    0     0     2     0     4     0     0     0   881]]",
        "each_acc": "[ 97.15416223  98.13868417  94.65424228  94.37416778 100.\n  99.91950091  99.84251969  95.1960243   99.32356257]",
        "aa": 97.62254043389298,
        "kappa": 96.86744747886301
    }
}