{
    "epoch_loss": {
        "type": "index_value",
        "index": [
            1,
            2,
            3,
            4,
            5,
            6,
            7,
            8,
            9,
            10,
            11,
            12,
            13,
            14,
            15,
            16,
            17,
            18,
            19,
            20,
            21,
            22,
            23,
            24,
            25,
            26,
            27,
            28,
            29,
            30,
            31,
            32,
            33,
            34,
            35,
            36,
            37,
            38,
            39,
            40,
            41,
            42,
            43,
            44,
            45,
            46,
            47,
            48,
            49,
            50
        ],
        "value": [
            1.3113328695297242,
            0.47518425318929886,
            0.18663552270995246,
            0.1021423727273941,
            0.08151526513199012,
            0.03931302610370848,
            0.028661358977357547,
            0.06798668131232262,
            0.04803216006710297,
            0.0168322015967634,
            0.008768642869674497,
            0.006968259252607823,
            0.015853672536710897,
            0.0452386607726415,
            0.02572367965347237,
            0.03709011139969031,
            0.010147539546920194,
            0.011661793126000299,
            0.03361699560450183,
            0.02732252670555479,
            0.008486379289792643,
            0.005060844436391361,
            0.00258878243362738,
            0.0016323575672383109,
            0.00168032372991244,
            0.0008751711342483759,
            0.000944938079919666,
            0.001097919506719336,
            0.0006318071986445123,
            0.0005578016655312645,
            0.0007022553071793583,
            0.0006925216863035328,
            0.0005466284702480254,
            0.0005300228781480756,
            0.0007178053647900622,
            0.0004994723894115951,
            0.0005752399111063117,
            0.0005095009420377513,
            0.00043686330965202717,
            0.0003874081432715886,
            0.0003514302260656324,
            0.0003539016379767822,
            0.0016043491467523077,
            0.02632697441472879,
            0.03978129801236921,
            0.10836050266193019,
            0.03910664502117369,
            0.019000557872156303,
            0.008970374761459728,
            0.00945958389590184
        ]
    },
    "train_oa": {
        "type": "index_value",
        "index": [
            10,
            20,
            30,
            40,
            50
        ],
        "value": [
            97.01826136579798,
            96.5260604907742,
            97.94321856572189,
            98.02881871789995,
            97.56515122693551
        ]
    },
    "train_aa": {
        "type": "index_value",
        "index": [
            10,
            20,
            30,
            40,
            50
        ],
        "value": [
            97.19082665387909,
            96.9837382009018,
            98.02573054546545,
            98.08157847283503,
            97.6531784562466
        ]
    },
    "train_kappa": {
        "type": "index_value",
        "index": [
            10,
            20,
            30,
            40,
            50
        ],
        "value": [
            96.04169255558716,
            95.39103521289647,
            97.26374314247835,
            97.37771685723582,
            96.76536938159468
        ]
    },
    "param": {
        "data": {
            "data_sign": "Pavia",
            "data_file": "Pavia_80",
            "diffusion_sign": false,
            "patch_size": 13,
            "test_ratio": 0.95,
            "batch_size": 64,
            "num_classes": 9,
            "pca": 30,
            "dim_heads": 64,
            "spectral_size": 30,
            "append_dim": true
        },
        "net": {
            "trainer": "ssftt",
            "conv2d_out": 64,
            "dim": 64
        },
        "train": {
            "epochs": 50,
            "lr": 0.001,
            "weight_decay": 0
        },
        "uniq_name": "pavia_ssftt.json_80_3"
    },
    "eval": {
        "classification": "                      precision    recall  f1-score   support\n\n             Asphalt     0.9911    0.9200    0.9542      6551\n             Meadows     0.9999    0.9887    0.9943     18569\n              Gravel     0.9133    0.9965    0.9531      2019\n               Trees     0.9422    0.9715    0.9566      2984\nPainted_metal_sheets     0.9898    1.0000    0.9949      1265\n           Bare_Soil     0.9819    0.9988    0.9903      4949\n             Bitumen     0.9889    0.9984    0.9936      1250\nSelf_Blocking_Bricks     0.8835    0.9575    0.9190      3602\n\n           micro avg     0.9758    0.9760    0.9759     41189\n           macro avg     0.9613    0.9789    0.9695     41189\n        weighted avg     0.9771    0.9760    0.9761     41189\n",
        "oa": 97.56515122693551,
        "confusion": "[[ 6027     2    53    31     0     0    13   410    15]\n [    0 18359     0   116     0    91     0     1     2]\n [    0     0  2012     5     0     0     0     2     0]\n [   18     0    21  2899     0     0     1    36     9]\n [    0     0     0     0  1265     0     0     0     0]\n [    0     0     6     0     0  4943     0     0     0]\n [    0     0     0     0     0     0  1248     2     0]\n [   36     0    91    26     0     0     0  3449     0]\n [    0     0    20     0    13     0     0     4   830]]",
        "each_acc": "[ 92.00122119  98.86908288  99.65329371  97.15147453 100.\n  99.87876339  99.84        95.7523598   95.73241061]",
        "aa": 97.6531784562466,
        "kappa": 96.76536938159468
    }
}