{
    "epoch_loss": {
        "type": "index_value",
        "index": [
            1,
            2,
            3,
            4,
            5,
            6,
            7,
            8,
            9,
            10,
            11,
            12,
            13,
            14,
            15,
            16,
            17,
            18,
            19,
            20,
            21,
            22,
            23,
            24,
            25,
            26,
            27,
            28,
            29,
            30,
            31,
            32,
            33,
            34,
            35,
            36,
            37,
            38,
            39,
            40,
            41,
            42,
            43,
            44,
            45,
            46,
            47,
            48,
            49,
            50
        ],
        "value": [
            1.9416067282358804,
            1.2845766385396322,
            0.9011735677719116,
            0.6114939875072903,
            0.44062201579411825,
            0.3057511422369215,
            0.23354610900084177,
            0.1546912635366122,
            0.10809112108416027,
            0.059235627866453595,
            0.04725941667954127,
            0.03355552338891559,
            0.017898458449376955,
            0.017365868513782818,
            0.010297401828898324,
            0.013638021424412727,
            0.008536438975069258,
            0.007353494678520494,
            0.006442216649237606,
            0.006536535256438785,
            0.005084848631587293,
            0.0043401426635682585,
            0.0032801602501422167,
            0.0035774627700448035,
            0.0041160364738769,
            0.0030835043638944627,
            0.002782289797647132,
            0.003349221482252081,
            0.0027197407299859658,
            0.0024183728576948247,
            0.0020577497857933243,
            0.0027708023579584226,
            0.0023569396955685482,
            0.0020567934235764876,
            0.0018732828243325154,
            0.001865678404768308,
            0.0035278193290448853,
            0.0016379234639720785,
            0.0016821200933514369,
            0.0019027679899914396,
            0.0029224579791641897,
            0.002106503234244883,
            0.0015510304003126091,
            0.0017132892713157667,
            0.0020714533541144596,
            0.0015673241345211864,
            0.0013458333340369993,
            0.0014697455775199665,
            0.0016404682046009434,
            0.0015798450033697817
        ]
    },
    "train_oa": {
        "type": "index_value",
        "index": [
            10,
            20,
            30,
            40,
            50
        ],
        "value": [
            90.27138698469341,
            91.84430462954268,
            92.48755751713776,
            92.77396938679688,
            92.50633862334492
        ]
    },
    "train_aa": {
        "type": "index_value",
        "index": [
            10,
            20,
            30,
            40,
            50
        ],
        "value": [
            92.10914057171412,
            93.33718689197946,
            93.60446633465007,
            93.51700202130225,
            93.63115322719001
        ]
    },
    "train_kappa": {
        "type": "index_value",
        "index": [
            10,
            20,
            30,
            40,
            50
        ],
        "value": [
            87.30357038194103,
            89.3474679374296,
            90.15971343457333,
            90.52787915642237,
            90.18123168410351
        ]
    },
    "param": {
        "data": {
            "data_sign": "Pavia",
            "data_file": "Pavia_20",
            "diffusion_sign": false,
            "patch_size": 13,
            "test_ratio": 0.95,
            "batch_size": 64,
            "num_classes": 9,
            "pca": 30,
            "dim_heads": 64,
            "spectral_size": 30,
            "append_dim": true
        },
        "net": {
            "trainer": "ssftt",
            "conv2d_out": 64,
            "dim": 64
        },
        "train": {
            "epochs": 50,
            "lr": 0.001,
            "weight_decay": 0
        },
        "uniq_name": "pavia_ssftt.json_20_1"
    },
    "eval": {
        "classification": "                      precision    recall  f1-score   support\n\n             Asphalt     0.9638    0.8856    0.9231      6611\n             Meadows     0.9868    0.9316    0.9584     18629\n              Gravel     0.8339    0.8379    0.8359      2079\n               Trees     0.9182    0.9767    0.9465      3044\nPainted_metal_sheets     0.9786    0.9992    0.9888      1325\n           Bare_Soil     0.8235    0.9389    0.8774      5009\n             Bitumen     0.8315    0.9985    0.9074      1310\nSelf_Blocking_Bricks     0.8377    0.8853    0.8609      3662\n\n           micro avg     0.9278    0.9240    0.9259     41669\n           macro avg     0.8967    0.9317    0.9123     41669\n        weighted avg     0.9326    0.9240    0.9269     41669\n",
        "oa": 92.50633862334492,
        "confusion": "[[ 5855     0    15    58    12    61   265   196   149]\n [   11 17355   259    50     0   936     0    14     4]\n [    0     0  1742     1     0     0     0   323    13]\n [   13     1     0  2973     0    11     0    18    28]\n [    0     0     0     0  1324     0     0     0     1]\n [    0   232     0     0     0  4703     0    74     0]\n [    0     0     0     0     0     0  1308     0     2]\n [  194     0    71   148     7     0     0  3242     0]\n [    2     0     2     8    10     0     0     3   902]]",
        "each_acc": "[88.56451369 93.16120028 83.79028379 97.66754271 99.9245283  93.89099621\n 99.84732824 88.53085745 97.30312837]",
        "aa": 93.63115322719001,
        "kappa": 90.18123168410351
    }
}