{
    "epoch_loss": {
        "type": "index_value",
        "index": [
            1,
            2,
            3,
            4,
            5,
            6,
            7,
            8,
            9,
            10,
            11,
            12,
            13,
            14,
            15,
            16,
            17,
            18,
            19,
            20,
            21,
            22,
            23,
            24,
            25,
            26,
            27,
            28,
            29,
            30,
            31,
            32,
            33,
            34,
            35,
            36,
            37,
            38,
            39,
            40,
            41,
            42,
            43,
            44,
            45,
            46,
            47,
            48,
            49,
            50
        ],
        "value": [
            2.3063078350490995,
            1.5772196001476713,
            1.2223191287782458,
            0.902855654557546,
            0.7068186031447516,
            0.5401057322820028,
            0.3773874733183119,
            0.27629842195245957,
            0.20542291634612614,
            0.15277648203902774,
            0.0996172962917222,
            0.07551563597387738,
            0.052452324579159416,
            0.05184611702958743,
            0.023263907556732497,
            0.018722262812985314,
            0.016810871909062067,
            0.011369711947109964,
            0.01048420098506742,
            0.012588379718363286,
            0.005885966784424252,
            0.008233927148911689,
            0.007021313119265769,
            0.004286329349916842,
            0.003946232050657273,
            0.004211656438807647,
            0.003700957436942392,
            0.003262006160285738,
            0.003441451262268755,
            0.002736028630493416,
            0.002053184864214725,
            0.0029898396589689786,
            0.0041452363340391055,
            0.00560073633160856,
            0.0029031257869468795,
            0.002322980650286708,
            0.0023253690037462445,
            0.004421492252084944,
            0.002077770442701876,
            0.004129988037877613,
            0.002429567789658904,
            0.002599815543120106,
            0.0022558937858169277,
            0.0026661850770728457,
            0.0024874478371606935,
            0.0024124281170467537,
            0.005768449231982231,
            0.0016613408664448394,
            0.0017256055906828907,
            0.0023058042602820527
        ]
    },
    "train_oa": {
        "type": "index_value",
        "index": [
            10,
            20,
            30,
            40,
            50
        ],
        "value": [
            59.405894204188726,
            82.89837417420232,
            87.50409970482124,
            89.30094176076466,
            85.03256336972309
        ]
    },
    "train_aa": {
        "type": "index_value",
        "index": [
            10,
            20,
            30,
            40,
            50
        ],
        "value": [
            74.85785936467147,
            88.06595377680856,
            90.24915018659567,
            90.40732233343053,
            87.06264003002501
        ]
    },
    "train_kappa": {
        "type": "index_value",
        "index": [
            10,
            20,
            30,
            40,
            50
        ],
        "value": [
            51.84427703321497,
            78.23286491284229,
            83.83722188357856,
            86.0427513130047,
            80.61224731719881
        ]
    },
    "param": {
        "data": {
            "data_sign": "Pavia",
            "data_file": "Pavia_10",
            "diffusion_sign": false,
            "patch_size": 13,
            "test_ratio": 0.95,
            "batch_size": 64,
            "num_classes": 9,
            "pca": 30,
            "dim_heads": 64,
            "spectral_size": 30,
            "append_dim": true
        },
        "net": {
            "trainer": "ssftt",
            "conv2d_out": 64,
            "dim": 64
        },
        "train": {
            "epochs": 50,
            "lr": 0.001,
            "weight_decay": 0
        },
        "uniq_name": "pavia_ssftt.json_10_0"
    },
    "eval": {
        "classification": "                      precision    recall  f1-score   support\n\n             Asphalt     0.9081    0.5803    0.7081      6621\n             Meadows     0.9949    0.9308    0.9618     18639\n              Gravel     0.4833    0.9651    0.6441      2089\n               Trees     0.6906    0.9676    0.8059      3054\nPainted_metal_sheets     0.9881    0.9918    0.9899      1335\n           Bare_Soil     0.8946    0.9888    0.9393      5019\n             Bitumen     0.6403    0.9992    0.7805      1320\nSelf_Blocking_Bricks     0.9106    0.4409    0.5941      3672\n\n           micro avg     0.8664    0.8476    0.8569     41749\n           macro avg     0.8138    0.8581    0.8030     41749\n        weighted avg     0.9024    0.8476    0.8544     41749\n",
        "oa": 85.03256336972309,
        "confusion": "[[ 3842    55   657   446     0    30   650    75   866]\n [   11 17349     0   796     0   477     0     2     4]\n [    0     0  2016     0     0     0     0    71     2]\n [   14    23     8  2955     0    12     0    11    31]\n [    0     0     0     0  1324     0     0     0    11]\n [    0     6    50     0     0  4963     0     0     0]\n [    0     0     0     0     0     0  1319     0     1]\n [  364     5  1424    80     7    66    91  1619    16]\n [    0     0    16     2     9     0     0     0   910]]",
        "each_acc": "[58.02748829 93.07902784 96.50550503 96.75834971 99.17602996 98.88423989\n 99.92424242 44.09041394 97.11846318]",
        "aa": 87.06264003002501,
        "kappa": 80.61224731719881
    }
}