{
    "epoch_loss": {
        "type": "index_value",
        "index": [
            1,
            2,
            3,
            4,
            5,
            6,
            7,
            8,
            9,
            10,
            11,
            12,
            13,
            14,
            15,
            16,
            17,
            18,
            19,
            20,
            21,
            22,
            23,
            24,
            25,
            26,
            27,
            28,
            29,
            30,
            31,
            32,
            33,
            34,
            35,
            36,
            37,
            38,
            39,
            40,
            41,
            42,
            43,
            44,
            45,
            46,
            47,
            48,
            49,
            50
        ],
        "value": [
            1.311670626534356,
            0.4263514028655158,
            0.1956573274400499,
            0.10806082917584313,
            0.09300017025735643,
            0.04562480383449131,
            0.029167385233773126,
            0.03438917506072256,
            0.01911938339471817,
            0.010327481830285656,
            0.0069410113721258115,
            0.010340912867751387,
            0.06001720178044505,
            0.020020155484477678,
            0.01056613421274556,
            0.007755338969743914,
            0.006605240040355258,
            0.004667901982449823,
            0.003847437227765719,
            0.0268720751369579,
            0.017011715689053138,
            0.006696662627574471,
            0.006319672227578445,
            0.008524140919972625,
            0.0059601793583068585,
            0.0029097857781582408,
            0.004847295626273586,
            0.0017149938684370783,
            0.0008027878176007006,
            0.010866783959014963,
            0.02574853340888189,
            0.019013060960504743,
            0.021441065613180398,
            0.030774372753997643,
            0.020969143346883358,
            0.013660314213484525,
            0.027580167454046508,
            0.057148090698238875,
            0.014168308163061739,
            0.005581755770577325,
            0.007448111911718216,
            0.016994345307143197,
            0.02294497000467446,
            0.005473985947254631,
            0.00960563574400213,
            0.004071585596021679,
            0.004982800836053987,
            0.009768272294766372,
            0.022938951901677582,
            0.033188359651507605
        ]
    },
    "train_oa": {
        "type": "index_value",
        "index": [
            10,
            20,
            30,
            40,
            50
        ],
        "value": [
            96.58074947688796,
            97.98126307780103,
            96.06001521780483,
            98.05497431995434,
            95.76517024919156
        ]
    },
    "train_aa": {
        "type": "index_value",
        "index": [
            10,
            20,
            30,
            40,
            50
        ],
        "value": [
            97.1476333209066,
            97.48558869129766,
            94.25195679793397,
            98.00497135352173,
            96.24567517504556
        ]
    },
    "train_kappa": {
        "type": "index_value",
        "index": [
            10,
            20,
            30,
            40,
            50
        ],
        "value": [
            95.46974170108643,
            97.3118836728483,
            94.78236359897998,
            97.40664272941778,
            94.37480283399276
        ]
    },
    "param": {
        "data": {
            "data_sign": "Pavia",
            "data_file": "Pavia_80",
            "diffusion_sign": false,
            "patch_size": 13,
            "test_ratio": 0.95,
            "batch_size": 64,
            "num_classes": 9,
            "pca": 30,
            "dim_heads": 64,
            "spectral_size": 30,
            "append_dim": true
        },
        "net": {
            "trainer": "ssftt",
            "conv2d_out": 64,
            "dim": 64
        },
        "train": {
            "epochs": 50,
            "lr": 0.001,
            "weight_decay": 0
        },
        "uniq_name": "pavia_ssftt.json_80_1"
    },
    "eval": {
        "classification": "                      precision    recall  f1-score   support\n\n             Asphalt     0.9870    0.8893    0.9356      6551\n             Meadows     0.9839    0.9726    0.9782     18569\n              Gravel     0.9776    0.9708    0.9742      2019\n               Trees     0.9639    0.9135    0.9381      2984\nPainted_metal_sheets     0.9976    0.9984    0.9980      1265\n           Bare_Soil     0.9051    0.9986    0.9496      4949\n             Bitumen     0.9897    0.9952    0.9924      1250\nSelf_Blocking_Bricks     0.8751    0.9456    0.9090      3602\n\n           micro avg     0.9624    0.9572    0.9598     41189\n           macro avg     0.9600    0.9605    0.9594     41189\n        weighted avg     0.9642    0.9572    0.9599     41189\n",
        "oa": 95.76517024919156,
        "confusion": "[[ 5826    53     3    10     0     4    13   424   218]\n [    0 18060     0     0     0   509     0     0     0]\n [    0     0  1960    10     0     0     0    46     3]\n [   29   208     0  2726     0     0     0     3    18]\n [    0     0     0     0  1263     0     0     0     2]\n [    0     0     0     0     0  4942     0     7     0]\n [    0     0     0     0     0     0  1244     6     0]\n [   48    35    40    70     0     3     0  3406     0]\n [    0     0     2    12     3     2     0     0   848]]",
        "each_acc": "[88.93298733 97.25887231 97.07776127 91.3538874  99.84189723 99.85855728\n 99.52       94.55857857 97.80853518]",
        "aa": 96.24567517504556,
        "kappa": 94.37480283399276
    }
}