{
    "epoch_loss": {
        "type": "index_value",
        "index": [
            1,
            2,
            3,
            4,
            5,
            6,
            7,
            8,
            9,
            10,
            11,
            12,
            13,
            14,
            15,
            16,
            17,
            18,
            19,
            20,
            21,
            22,
            23,
            24,
            25,
            26,
            27,
            28,
            29,
            30,
            31,
            32,
            33,
            34,
            35,
            36,
            37,
            38,
            39,
            40,
            41,
            42,
            43,
            44,
            45,
            46,
            47,
            48,
            49,
            50
        ],
        "value": [
            1.6176667080985174,
            0.7519689427481757,
            0.41511573990186057,
            0.2304474569029278,
            0.1302238232559628,
            0.0717368107702997,
            0.050214742124080655,
            0.025869604696830115,
            0.01731145771013366,
            0.015257181682520443,
            0.01995518021285534,
            0.011157943618794281,
            0.019517749175429346,
            0.011419813314245807,
            0.005676982551813125,
            0.005506753611067931,
            0.0033091832262774306,
            0.004478201746112771,
            0.003269426902342174,
            0.002693848762040337,
            0.002109148586168885,
            0.0019085764781468445,
            0.0017556018558227355,
            0.002168277630375491,
            0.001296962626899282,
            0.0013050511091326673,
            0.001317336014471948,
            0.0010638024295783705,
            0.0012447683839127421,
            0.001594410360687309,
            0.0009919707844447759,
            0.0010140791535377502,
            0.0010789438357783688,
            0.0010557473740643924,
            0.0010614226416995128,
            0.001165288510835833,
            0.0009809456765651702,
            0.0006534856200839082,
            0.0006889612258722384,
            0.0007406166185521417,
            0.0007103303279210296,
            0.0006945284225770996,
            0.0005699923650051157,
            0.0006689209387534194,
            0.000558427026650558,
            0.0006225603218707773,
            0.000482931201501439,
            0.0005027130394915326,
            0.00043196433301394185,
            0.00046220906854917604
        ]
    },
    "train_oa": {
        "type": "index_value",
        "index": [
            10,
            20,
            30,
            40,
            50
        ],
        "value": [
            93.35863824971709,
            95.69030554507732,
            96.09817050169748,
            96.09345529988683,
            96.13117691437193
        ]
    },
    "train_aa": {
        "type": "index_value",
        "index": [
            10,
            20,
            30,
            40,
            50
        ],
        "value": [
            93.95409437505438,
            95.60348311677038,
            95.86922032075755,
            95.83951152163698,
            95.88812083627964
        ]
    },
    "train_kappa": {
        "type": "index_value",
        "index": [
            10,
            20,
            30,
            40,
            50
        ],
        "value": [
            91.25046426260471,
            94.27730858509543,
            94.81557057569144,
            94.80968116247685,
            94.85921896575988
        ]
    },
    "param": {
        "data": {
            "data_sign": "Pavia",
            "data_file": "Pavia_40",
            "diffusion_sign": false,
            "patch_size": 13,
            "test_ratio": 0.95,
            "batch_size": 64,
            "num_classes": 9,
            "pca": 30,
            "dim_heads": 64,
            "spectral_size": 30,
            "append_dim": true
        },
        "net": {
            "trainer": "ssftt",
            "conv2d_out": 64,
            "dim": 64
        },
        "train": {
            "epochs": 50,
            "lr": 0.001,
            "weight_decay": 0
        },
        "uniq_name": "pavia_ssftt.json_40_2"
    },
    "eval": {
        "classification": "                      precision    recall  f1-score   support\n\n             Asphalt     0.9631    0.9152    0.9385      6591\n             Meadows     0.9842    0.9902    0.9872     18609\n              Gravel     0.8570    0.9252    0.8898      2059\n               Trees     0.9630    0.9550    0.9590      3024\nPainted_metal_sheets     0.9977    0.9969    0.9973      1305\n           Bare_Soil     0.9785    0.9379    0.9577      4989\n             Bitumen     0.9779    0.9969    0.9873      1290\nSelf_Blocking_Bricks     0.9003    0.9226    0.9113      3642\n\n           micro avg     0.9646    0.9607    0.9626     41509\n           macro avg     0.9527    0.9550    0.9535     41509\n        weighted avg     0.9652    0.9607    0.9627     41509\n",
        "oa": 96.13117691437193,
        "confusion": "[[ 6032    41   196     7     0     3    29   160   123]\n [    0 18426     0    63     0   100     0     0    20]\n [    0     0  1905     0     0     0     0   146     8]\n [   72    19    18  2888     0     0     0     8    19]\n [    0     0     0     0  1301     0     0     0     4]\n [   16   236     0     0     0  4679     0    58     0]\n [    0     0     0     0     0     0  1286     0     4]\n [  143     0   101    38     0     0     0  3360     0]\n [    0     0     3     3     3     0     0     0   898]]",
        "each_acc": "[91.51873767 99.01660487 92.52064109 95.5026455  99.69348659 93.78632993\n 99.68992248 92.25700165 99.00771775]",
        "aa": 95.88812083627964,
        "kappa": 94.85921896575988
    }
}