{
    "epoch_loss": {
        "type": "index_value",
        "index": [
            1,
            2,
            3,
            4,
            5,
            6,
            7,
            8,
            9,
            10,
            11,
            12,
            13,
            14,
            15,
            16,
            17,
            18,
            19,
            20,
            21,
            22,
            23,
            24,
            25,
            26,
            27,
            28,
            29,
            30,
            31,
            32,
            33,
            34,
            35,
            36,
            37,
            38,
            39,
            40,
            41,
            42,
            43,
            44,
            45,
            46,
            47,
            48,
            49,
            50
        ],
        "value": [
            1.404213483560653,
            0.5601882395290193,
            0.28629745415278846,
            0.15003738405685577,
            0.08103053109749915,
            0.06951785230683902,
            0.03496885105730995,
            0.017603285587023176,
            0.010579404592632301,
            0.013498862602171443,
            0.006641585659235716,
            0.003530281777715399,
            0.0037371387483463403,
            0.0023769650504820877,
            0.0023286519727359215,
            0.002410683886975878,
            0.002782259985346288,
            0.0018700676792789074,
            0.0015369918648271807,
            0.0016669955492640534,
            0.0018427937380259946,
            0.0013512684608853998,
            0.0012610964351407593,
            0.0010355932841313972,
            0.001229141491080915,
            0.0009161249095100968,
            0.0009562815774217366,
            0.0008620590727318019,
            0.0007615179392612642,
            0.0008921895881131705,
            0.0007385111129325297,
            0.0006185189841152539,
            0.0006190853237750984,
            0.0005603447171216387,
            0.000615138864599257,
            0.0004801526238831381,
            0.0005352185020918056,
            0.00042953915286084843,
            0.00041403803763733735,
            0.000595124103572397,
            0.00041401948583948,
            0.0005125518951062408,
            0.0004970870501849623,
            0.00035102049384029614,
            0.00044712178882152316,
            0.0005513534090289521,
            0.00040686575636740714,
            0.00030451892341102753,
            0.00034648435927617054,
            0.0003636023265749423
        ]
    },
    "train_oa": {
        "type": "index_value",
        "index": [
            10,
            20,
            30,
            40,
            50
        ],
        "value": [
            98.10658188202913,
            97.65102263560006,
            98.1279362217055,
            98.33910691406065,
            98.36283395814549
        ]
    },
    "train_aa": {
        "type": "index_value",
        "index": [
            10,
            20,
            30,
            40,
            50
        ],
        "value": [
            97.86429468502905,
            97.86670739839361,
            98.06000165668348,
            98.18772376743368,
            98.19017843886147
        ]
    },
    "train_kappa": {
        "type": "index_value",
        "index": [
            10,
            20,
            30,
            40,
            50
        ],
        "value": [
            97.48166194134609,
            96.8823523101461,
            97.5107034877314,
            97.79050782579081,
            97.82194701410522
        ]
    },
    "param": {
        "data": {
            "data_sign": "Pavia",
            "data_file": "Pavia_70",
            "diffusion_sign": false,
            "patch_size": 13,
            "test_ratio": 0.95,
            "batch_size": 64,
            "num_classes": 9,
            "pca": 30,
            "dim_heads": 64,
            "spectral_size": 30,
            "append_dim": true
        },
        "net": {
            "trainer": "ssftt",
            "conv2d_out": 64,
            "dim": 64
        },
        "train": {
            "epochs": 50,
            "lr": 0.001,
            "weight_decay": 0
        },
        "uniq_name": "pavia_ssftt.json_70_0"
    },
    "eval": {
        "classification": "                      precision    recall  f1-score   support\n\n             Asphalt     0.9912    0.9613    0.9760      6561\n             Meadows     0.9983    0.9942    0.9963     18579\n              Gravel     0.9377    0.9793    0.9581      2029\n               Trees     0.9726    0.9739    0.9733      2994\nPainted_metal_sheets     1.0000    0.9976    0.9988      1275\n           Bare_Soil     0.9769    0.9982    0.9874      4959\n             Bitumen     0.9882    1.0000    0.9941      1260\nSelf_Blocking_Bricks     0.9418    0.9496    0.9457      3612\n\n           micro avg     0.9843    0.9836    0.9840     41269\n           macro avg     0.9758    0.9818    0.9787     41269\n        weighted avg     0.9845    0.9836    0.9840     41269\n",
        "oa": 98.36283395814549,
        "confusion": "[[ 6307     3     9    32     0    24    14   163     9]\n [    0 18472     0    22     0    85     0     0     0]\n [    1     0  1987     3     0     0     0    28    10]\n [    8     9    10  2916     0     8     0    21    22]\n [    0     0     0     0  1272     0     0     0     3]\n [    0     9     0     0     0  4950     0     0     0]\n [    0     0     0     0     0     0  1260     0     0]\n [   47    11   113    11     0     0     0  3430     0]\n [    0     0     0    14     0     0     1     0   862]]",
        "each_acc": "[ 96.12863893  99.42408095  97.93001479  97.39478958  99.76470588\n  99.8185118  100.          94.96124031  98.28962372]",
        "aa": 98.19017843886147,
        "kappa": 97.82194701410522
    }
}