{
    "epoch_loss": {
        "type": "index_value",
        "index": [
            1,
            2,
            3,
            4,
            5,
            6,
            7,
            8,
            9,
            10,
            11,
            12,
            13,
            14,
            15,
            16,
            17,
            18,
            19,
            20,
            21,
            22,
            23,
            24,
            25,
            26,
            27,
            28,
            29,
            30,
            31,
            32,
            33,
            34,
            35,
            36,
            37,
            38,
            39,
            40,
            41,
            42,
            43,
            44,
            45,
            46,
            47,
            48,
            49,
            50
        ],
        "value": [
            1.7625480386945935,
            0.9264675749672784,
            0.5003469056553311,
            0.3358084559440613,
            0.17502428988615673,
            0.09542354643344879,
            0.05227249628967709,
            0.034772255602810116,
            0.02042553217874633,
            0.014486758100489775,
            0.014492461250887977,
            0.012638390147023731,
            0.007924156460083194,
            0.00746754544476668,
            0.0057839832993017305,
            0.004876344702723953,
            0.003951812194039424,
            0.004516410248147117,
            0.0034348711578382385,
            0.005038645734182662,
            0.002638286900603109,
            0.003461383637558255,
            0.0025622019104452596,
            0.0021423354020549193,
            0.0025529747052739065,
            0.0018349941768166093,
            0.0019960017409175633,
            0.001673381889445914,
            0.0013724562427442934,
            0.001500338843713204,
            0.0015053987787622544,
            0.0011991645080140895,
            0.0013628873197982709,
            0.001151158484733767,
            0.0010263450249719122,
            0.0012895831062148015,
            0.0008131267735734582,
            0.0009033787736876143,
            0.0010056499029613203,
            0.0009010547306388617,
            0.0006828959177558621,
            0.0007833037240844633,
            0.0007026312497651412,
            0.0007791104312572214,
            0.0005983684082619018,
            0.0006134247446122269,
            0.0006224887969437986,
            0.0006679397464419405,
            0.000576192240178999,
            0.0005753828471319543
        ]
    },
    "train_oa": {
        "type": "index_value",
        "index": [
            10,
            20,
            30,
            40,
            50
        ],
        "value": [
            96.1901169370049,
            97.1307996982271,
            97.27932855526217,
            97.27932855526217,
            97.35712938513768
        ]
    },
    "train_aa": {
        "type": "index_value",
        "index": [
            10,
            20,
            30,
            40,
            50
        ],
        "value": [
            95.83314753300809,
            96.57724039086636,
            97.02295338051887,
            97.10259648302917,
            97.27258586408927
        ]
    },
    "train_kappa": {
        "type": "index_value",
        "index": [
            10,
            20,
            30,
            40,
            50
        ],
        "value": [
            94.9408869604386,
            96.18613392407191,
            96.38196903510311,
            96.38785962861562,
            96.49260684027328
        ]
    },
    "param": {
        "data": {
            "data_sign": "Pavia",
            "data_file": "Pavia_40",
            "diffusion_sign": false,
            "patch_size": 13,
            "test_ratio": 0.95,
            "batch_size": 64,
            "num_classes": 9,
            "pca": 30,
            "dim_heads": 64,
            "spectral_size": 30,
            "append_dim": true
        },
        "net": {
            "trainer": "ssftt",
            "conv2d_out": 64,
            "dim": 64
        },
        "train": {
            "epochs": 50,
            "lr": 0.001,
            "weight_decay": 0
        },
        "uniq_name": "pavia_ssftt.json_40_0"
    },
    "eval": {
        "classification": "                      precision    recall  f1-score   support\n\n             Asphalt     0.9749    0.9537    0.9642      6591\n             Meadows     0.9931    0.9886    0.9908     18609\n              Gravel     0.9309    0.9490    0.9399      2059\n               Trees     0.9778    0.9765    0.9772      3024\nPainted_metal_sheets     0.9992    0.9985    0.9989      1305\n           Bare_Soil     0.9620    0.9703    0.9662      4989\n             Bitumen     0.9832    1.0000    0.9915      1290\nSelf_Blocking_Bricks     0.9190    0.9256    0.9223      3642\n\n           micro avg     0.9755    0.9732    0.9743     41509\n           macro avg     0.9675    0.9703    0.9689     41509\n        weighted avg     0.9757    0.9732    0.9744     41509\n",
        "oa": 97.35712938513768,
        "confusion": "[[ 6286     0    30     7     0     7    22   175    64]\n [    0 18397     0    18     0   184     0     0    10]\n [    7     0  1954     5     0     0     0    83    10]\n [   25     3     5  2953     0     0     0    16    22]\n [    0     0     0     0  1303     0     0     0     2]\n [    0   125     0     0     0  4841     0    23     0]\n [    0     0     0     0     0     0  1290     0     0]\n [  130     0   106    35     0     0     0  3371     0]\n [    0     0     4     2     1     0     0     0   900]]",
        "each_acc": "[ 95.37247762  98.8607663   94.90043711  97.6521164   99.8467433\n  97.03347364 100.          92.5590335   99.22822492]",
        "aa": 97.27258586408927,
        "kappa": 96.49260684027328
    }
}