{
    "epoch_loss": {
        "type": "index_value",
        "index": [
            1,
            2,
            3,
            4,
            5,
            6,
            7,
            8,
            9,
            10,
            11,
            12,
            13,
            14,
            15,
            16,
            17,
            18,
            19,
            20,
            21,
            22,
            23,
            24,
            25,
            26,
            27,
            28,
            29,
            30,
            31,
            32,
            33,
            34,
            35,
            36,
            37,
            38,
            39,
            40,
            41,
            42,
            43,
            44,
            45,
            46,
            47,
            48,
            49,
            50
        ],
        "value": [
            1.8410861553969207,
            0.969655453717267,
            0.5639205469025506,
            0.33051260577307806,
            0.2666502848267555,
            0.1501360152606611,
            0.06141221534322809,
            0.06282305074510751,
            0.03443993226521545,
            0.02256314511652346,
            0.015520139976784034,
            0.013235720019373629,
            0.00965084321796894,
            0.009253849323700976,
            0.0053832547704654714,
            0.0054929249402549535,
            0.005723158249424563,
            0.0037674272398429886,
            0.00434787325836994,
            0.004161344332344554,
            0.0036666059004211867,
            0.009195902971205887,
            0.0024577009595102735,
            0.005010913133069321,
            0.003418010069678227,
            0.003909839882894799,
            0.006942051749124571,
            0.008384782462208359,
            0.015982044005283604,
            0.02077494059447889,
            0.020233141165226697,
            0.00736012398092835,
            0.008511167788809096,
            0.0072654833396275835,
            0.02848567850370374,
            0.014106694622724144,
            0.007786186732765701,
            0.003259338990405754,
            0.010411275757683648,
            0.002037097272221689,
            0.0028646077426081455,
            0.0019687912081954658,
            0.005490571177668041,
            0.10131045432623338,
            0.049403562755496414,
            0.01655259441446375,
            0.08449571292709421,
            0.013139206433185825,
            0.013091737856329591,
            0.008879020961898345
        ]
    },
    "train_oa": {
        "type": "index_value",
        "index": [
            10,
            20,
            30,
            40,
            50
        ],
        "value": [
            91.24358914035665,
            93.61501905613325,
            87.78525384651579,
            92.97275678727709,
            89.35444407848304
        ]
    },
    "train_aa": {
        "type": "index_value",
        "index": [
            10,
            20,
            30,
            40,
            50
        ],
        "value": [
            93.28082791965421,
            94.38266384384956,
            85.47618616560885,
            93.76001526849365,
            92.04992924028227
        ]
    },
    "train_kappa": {
        "type": "index_value",
        "index": [
            10,
            20,
            30,
            40,
            50
        ],
        "value": [
            88.55043899392808,
            91.57406881225396,
            83.8113659652944,
            90.75129143237028,
            86.19363825107935
        ]
    },
    "param": {
        "data": {
            "data_sign": "Pavia",
            "data_file": "Pavia_30",
            "diffusion_sign": false,
            "patch_size": 13,
            "test_ratio": 0.95,
            "batch_size": 64,
            "num_classes": 9,
            "pca": 30,
            "dim_heads": 64,
            "spectral_size": 30,
            "append_dim": true
        },
        "net": {
            "trainer": "ssftt",
            "conv2d_out": 64,
            "dim": 64
        },
        "train": {
            "epochs": 50,
            "lr": 0.001,
            "weight_decay": 0
        },
        "uniq_name": "pavia_ssftt.json_30_0"
    },
    "eval": {
        "classification": "                      precision    recall  f1-score   support\n\n             Asphalt     0.9628    0.8631    0.9102      6601\n             Meadows     0.9850    0.8633    0.9201     18619\n              Gravel     0.9010    0.7922    0.8431      2069\n               Trees     0.9715    0.8649    0.9151      3034\nPainted_metal_sheets     0.9917    1.0000    0.9958      1315\n           Bare_Soil     0.6598    1.0000    0.7950      4999\n             Bitumen     0.9138    0.9946    0.9525      1300\nSelf_Blocking_Bricks     0.7654    0.9480    0.8470      3652\n\n           micro avg     0.8920    0.8921    0.8920     41589\n           macro avg     0.8939    0.9157    0.8974     41589\n        weighted avg     0.9159    0.8921    0.8963     41589\n",
        "oa": 89.35444407848304,
        "confusion": "[[ 5697    81   122     6     0    26   105   564     0]\n [    4 16073     0    38     0  2492     0    12     0]\n [    0     4  1639     8     0     0     0   413     5]\n [  108   155    18  2624     0    28    14    63    24]\n [    0     0     0     0  1315     0     0     0     0]\n [    0     0     0     0     0  4999     0     0     0]\n [    0     0     0     0     0     0  1293     7     0]\n [   97     4    40    16     0    30     0  3462     3]\n [   11     0     0     9    11     2     3     2   879]]",
        "each_acc": "[ 86.30510529  86.32579623  79.21701305  86.48648649 100.\n 100.          99.46153846  94.7973713   95.85605234]",
        "aa": 92.04992924028227,
        "kappa": 86.19363825107935
    }
}