{
    "epoch_loss": {
        "type": "index_value",
        "index": [
            1,
            2,
            3,
            4,
            5,
            6,
            7,
            8,
            9,
            10,
            11,
            12,
            13,
            14,
            15,
            16,
            17,
            18,
            19,
            20,
            21,
            22,
            23,
            24,
            25,
            26,
            27,
            28,
            29,
            30,
            31,
            32,
            33,
            34,
            35,
            36,
            37,
            38,
            39,
            40,
            41,
            42,
            43,
            44,
            45,
            46,
            47,
            48,
            49,
            50
        ],
        "value": [
            1.9080730729632907,
            1.1345071805848015,
            0.6351094316553186,
            0.42935050350648385,
            0.2887726276009171,
            0.17825137454050557,
            0.13053367634614307,
            0.07932085102355038,
            0.06358955668078528,
            0.04559556767344475,
            0.060103563495256286,
            0.03597878107318172,
            0.021706170554238336,
            0.06663851492382862,
            0.012804020865371933,
            0.02237337640038243,
            0.01111668582867693,
            0.011526725937922795,
            0.007759716775682237,
            0.01409148740823622,
            0.016696001754866706,
            0.011243250055445565,
            0.007952144141826364,
            0.006812242280553889,
            0.006738064272536172,
            0.019402968331619544,
            0.08946930203172895,
            0.011745084077119827,
            0.10888675545100812,
            0.01631032438189895,
            0.030417391657829286,
            0.13524709481883931,
            0.030080834610594645,
            0.028599075255570587,
            0.03576658108720073,
            0.03563774881056613,
            0.017018694071858017,
            0.009137802143339757,
            0.015623779801858795,
            0.006187785477205007,
            0.0040523478243913915,
            0.008328336118548005,
            0.0032132103452803913,
            0.0029703054421891767,
            0.0035109227342117163,
            0.0038216192206298864,
            0.0021017775853612907,
            0.0034301450683010947,
            0.001529888410328163,
            0.005981167019517334
        ]
    },
    "train_oa": {
        "type": "index_value",
        "index": [
            10,
            20,
            30,
            40,
            50
        ],
        "value": [
            87.03947677974874,
            94.47136874794147,
            90.14256810803181,
            94.80779184115184,
            94.90660142097586
        ]
    },
    "train_aa": {
        "type": "index_value",
        "index": [
            10,
            20,
            30,
            40,
            50
        ],
        "value": [
            91.74136577456449,
            94.24973285212258,
            88.82380637431545,
            94.21509848015097,
            94.65812069336305
        ]
    },
    "train_kappa": {
        "type": "index_value",
        "index": [
            10,
            20,
            30,
            40,
            50
        ],
        "value": [
            83.37216041087184,
            92.69045001206877,
            87.11627704189866,
            93.07778204714609,
            93.23738470964327
        ]
    },
    "param": {
        "data": {
            "data_sign": "Pavia",
            "data_file": "Pavia_30",
            "diffusion_sign": false,
            "patch_size": 13,
            "test_ratio": 0.95,
            "batch_size": 64,
            "num_classes": 9,
            "pca": 30,
            "dim_heads": 64,
            "spectral_size": 30,
            "append_dim": true
        },
        "net": {
            "trainer": "ssftt",
            "conv2d_out": 64,
            "dim": 64
        },
        "train": {
            "epochs": 50,
            "lr": 0.001,
            "weight_decay": 0
        },
        "uniq_name": "pavia_ssftt.json_30_3"
    },
    "eval": {
        "classification": "                      precision    recall  f1-score   support\n\n             Asphalt     0.9726    0.8590    0.9122      6601\n             Meadows     0.9760    0.9846    0.9803     18619\n              Gravel     0.8774    0.8995    0.8883      2069\n               Trees     0.9585    0.8972    0.9268      3034\nPainted_metal_sheets     0.9970    0.9962    0.9966      1315\n           Bare_Soil     0.9585    0.9838    0.9710      4999\n             Bitumen     0.8525    1.0000    0.9204      1300\nSelf_Blocking_Bricks     0.8386    0.9088    0.8723      3652\n\n           micro avg     0.9501    0.9482    0.9491     41589\n           macro avg     0.9289    0.9411    0.9335     41589\n        weighted avg     0.9519    0.9482    0.9490     41589\n",
        "oa": 94.90660142097586,
        "confusion": "[[ 5670   227    67     5     0     1   193   411    27]\n [    0 18333    25    46     0   212     0     3     0]\n [    0     0  1861     0     0     0     0   192    16]\n [   66   140    13  2722     0     0    31    29    33]\n [    0     0     0     0  1310     0     0     0     5]\n [    6    75     0     0     0  4918     0     0     0]\n [    0     0     0     0     0     0  1300     0     0]\n [   88     9   155    67     0     0     0  3319    14]\n [    0     0     0     0     4     0     1     4   908]]",
        "each_acc": "[ 85.89607635  98.46393469  89.94683422  89.71654581  99.61977186\n  98.37967594 100.          90.88170865  99.01853871]",
        "aa": 94.65812069336305,
        "kappa": 93.23738470964327
    }
}