{
    "epoch_loss": {
        "type": "index_value",
        "index": [
            1,
            2,
            3,
            4,
            5,
            6,
            7,
            8,
            9,
            10,
            11,
            12,
            13,
            14,
            15,
            16,
            17,
            18,
            19,
            20,
            21,
            22,
            23,
            24,
            25,
            26,
            27,
            28,
            29,
            30,
            31,
            32,
            33,
            34,
            35,
            36,
            37,
            38,
            39,
            40,
            41,
            42,
            43,
            44,
            45,
            46,
            47,
            48,
            49,
            50
        ],
        "value": [
            1.4314252719046578,
            0.5396725104914771,
            0.2530823952148831,
            0.13105984509937346,
            0.07012555615769492,
            0.053489279285782856,
            0.03886437761405158,
            0.02738916730833432,
            0.014416074114186423,
            0.008793636028551393,
            0.006246365458955841,
            0.006013302570061078,
            0.005610509775578976,
            0.0030272483064364346,
            0.0031096290937432693,
            0.002305085471432124,
            0.002106289739631826,
            0.001779792576082169,
            0.0015634078456694999,
            0.0015176758096213379,
            0.0012633549954949154,
            0.0010422815016234324,
            0.0011268942358179225,
            0.001586553452920819,
            0.000941970900055908,
            0.0011665707361692237,
            0.001115743951901557,
            0.0006764519558702079,
            0.0007385288104636683,
            0.0008118224921562369,
            0.0007263333518205891,
            0.0005311818710262222,
            0.0008395684761039558,
            0.0005658092132459085,
            0.0005058245332394209,
            0.0006797802845193517,
            0.00048174955032115416,
            0.000637241052916377,
            0.0005330944834794436,
            0.0006898263654124642,
            0.0008529750009377798,
            0.00043137457133049056,
            0.0008278661839930075,
            0.00044160733758915395,
            0.00039819130823681394,
            0.00032009578287778864,
            0.00036437326362208713,
            0.00031102075359769283,
            0.00029700440151380405,
            0.0003170850943581807
        ]
    },
    "train_oa": {
        "type": "index_value",
        "index": [
            10,
            20,
            30,
            40,
            50
        ],
        "value": [
            96.53822426802068,
            98.13030892611398,
            98.36520666255399,
            98.5194324491055,
            98.53129597114791
        ]
    },
    "train_aa": {
        "type": "index_value",
        "index": [
            10,
            20,
            30,
            40,
            50
        ],
        "value": [
            96.62272978702856,
            98.17539578179644,
            98.28128164798342,
            98.44862804407336,
            98.4824300057728
        ]
    },
    "train_kappa": {
        "type": "index_value",
        "index": [
            10,
            20,
            30,
            40,
            50
        ],
        "value": [
            95.40552323183039,
            97.5151821377577,
            97.82584093085546,
            98.02989835675362,
            98.0462084269952
        ]
    },
    "param": {
        "data": {
            "data_sign": "Pavia",
            "data_file": "Pavia_70",
            "diffusion_sign": false,
            "patch_size": 13,
            "test_ratio": 0.95,
            "batch_size": 64,
            "num_classes": 9,
            "pca": 30,
            "dim_heads": 64,
            "spectral_size": 30,
            "append_dim": true
        },
        "net": {
            "trainer": "ssftt",
            "conv2d_out": 64,
            "dim": 64
        },
        "train": {
            "epochs": 50,
            "lr": 0.001,
            "weight_decay": 0
        },
        "uniq_name": "pavia_ssftt.json_70_2"
    },
    "eval": {
        "classification": "                      precision    recall  f1-score   support\n\n             Asphalt     0.9932    0.9622    0.9775      6561\n             Meadows     0.9991    0.9948    0.9970     18579\n              Gravel     0.9617    0.9778    0.9697      2029\n               Trees     0.9613    0.9716    0.9664      2994\nPainted_metal_sheets     1.0000    0.9976    0.9988      1275\n           Bare_Soil     0.9855    1.0000    0.9927      4959\n             Bitumen     0.9937    0.9992    0.9964      1260\nSelf_Blocking_Bricks     0.9379    0.9612    0.9494      3612\n\n           micro avg     0.9862    0.9850    0.9856     41269\n           macro avg     0.9791    0.9831    0.9810     41269\n        weighted avg     0.9864    0.9850    0.9857     41269\n",
        "oa": 98.53129597114791,
        "confusion": "[[ 6313     0     0    40     0    11     7   190     0]\n [    0 18483     0    48     0    45     0     0     3]\n [    0     0  1984     7     0     0     0    20    18]\n [   11     3    10  2909     0    17     0    20    24]\n [    0     0     0     0  1272     0     0     0     3]\n [    0     0     0     0     0  4959     0     0     0]\n [    0     0     0     0     0     0  1259     0     1]\n [   32    14    69    22     0     0     0  3472     3]\n [    0     0     0     0     0     0     1     0   876]]",
        "each_acc": "[ 96.2200884   99.48328758  97.7821587   97.16098864  99.76470588\n 100.          99.92063492  96.12403101  99.88597491]",
        "aa": 98.4824300057728,
        "kappa": 98.0462084269952
    }
}