{
    "epoch_loss": {
        "type": "index_value",
        "index": [
            1,
            2,
            3,
            4,
            5,
            6,
            7,
            8,
            9,
            10,
            11,
            12,
            13,
            14,
            15,
            16,
            17,
            18,
            19,
            20,
            21,
            22,
            23,
            24,
            25,
            26,
            27,
            28,
            29,
            30,
            31,
            32,
            33,
            34,
            35,
            36,
            37,
            38,
            39,
            40,
            41,
            42,
            43,
            44,
            45,
            46,
            47,
            48,
            49,
            50
        ],
        "value": [
            1.7007576439115737,
            0.9541703016669661,
            0.5686187446117401,
            0.36462747896159137,
            0.21424994270006817,
            0.14222071049390017,
            0.10299041381588689,
            0.0727739245251373,
            0.08360564532103362,
            0.02222337757271749,
            0.028988071613841586,
            0.027403109079157866,
            0.04207887452923589,
            0.025889998191484697,
            0.012723133326680573,
            0.011773171951925314,
            0.008387634454777948,
            0.005811375282980777,
            0.005544337188756025,
            0.005363831710484292,
            0.007894419768342265,
            0.007965144804782338,
            0.007111501948976958,
            0.005879437702673453,
            0.012098152768211785,
            0.007008349343582436,
            0.004956716881995952,
            0.01511371945099974,
            0.003634801907119928,
            0.012742969062593248,
            0.01774397751799336,
            0.04305546620377788,
            0.01529681897825665,
            0.030985219914604116,
            0.03308657396722723,
            0.016623816556400724,
            0.030224932226593847,
            0.040883860847464315,
            0.022149940331776936,
            0.040174702706712265,
            0.011046764944438582,
            0.009173265930817083,
            0.006482923475818502,
            0.004469345937724467,
            0.005338589074435057,
            0.006959264748729765,
            0.004606751743186679,
            0.002754314608561496,
            0.005169996205303404,
            0.0015319314224783468
        ]
    },
    "train_oa": {
        "type": "index_value",
        "index": [
            10,
            20,
            30,
            40,
            50
        ],
        "value": [
            87.78290123747236,
            93.80558038865101,
            93.16331811979485,
            88.2628334823319,
            93.6667764550887
        ]
    },
    "train_aa": {
        "type": "index_value",
        "index": [
            10,
            20,
            30,
            40,
            50
        ],
        "value": [
            92.17798705343466,
            94.56667786385444,
            93.189222973731,
            88.21761672546499,
            93.44847172365611
        ]
    },
    "train_kappa": {
        "type": "index_value",
        "index": [
            10,
            20,
            30,
            40,
            50
        ],
        "value": [
            84.30280731073103,
            91.86594173313645,
            90.99332011964538,
            84.57256928859866,
            91.61716427649243
        ]
    },
    "param": {
        "data": {
            "data_sign": "Pavia",
            "data_file": "Pavia_30",
            "diffusion_sign": false,
            "patch_size": 13,
            "test_ratio": 0.95,
            "batch_size": 64,
            "num_classes": 9,
            "pca": 30,
            "dim_heads": 64,
            "spectral_size": 30,
            "append_dim": true
        },
        "net": {
            "trainer": "ssftt",
            "conv2d_out": 64,
            "dim": 64
        },
        "train": {
            "epochs": 50,
            "lr": 0.001,
            "weight_decay": 0
        },
        "uniq_name": "pavia_ssftt.json_30_1"
    },
    "eval": {
        "classification": "                      precision    recall  f1-score   support\n\n             Asphalt     0.9452    0.8697    0.9059      6601\n             Meadows     0.9877    0.9773    0.9825     18619\n              Gravel     0.7993    0.9294    0.8594      2069\n               Trees     0.9700    0.9176    0.9431      3034\nPainted_metal_sheets     0.9970    0.9992    0.9981      1315\n           Bare_Soil     0.8643    0.9872    0.9217      4999\n             Bitumen     0.9540    0.9900    0.9717      1300\nSelf_Blocking_Bricks     0.8319    0.7453    0.7863      3652\n\n           micro avg     0.9392    0.9354    0.9373     41589\n           macro avg     0.9187    0.9270    0.9211     41589\n        weighted avg     0.9410    0.9354    0.9369     41589\n",
        "oa": 93.6667764550887,
        "confusion": "[[ 5741    81   171     2     0    61    57   423    65]\n [    0 18196     0    42     0   381     0     0     0]\n [    2     0  1923     0     0     4     0   111    29]\n [   54    72    18  2784     0    45     0    16    45]\n [    0     0     0     0  1314     0     0     0     1]\n [    0    64     0     0     0  4935     0     0     0]\n [    0     0     0     0     0     7  1287     0     6]\n [  277     9   294    42     0   276     5  2722    27]\n [    0     0     0     0     4     1     0     0   912]]",
        "each_acc": "[86.97167096 97.72812718 92.94345094 91.76005274 99.92395437 98.71974395\n 99.         74.53450164 99.45474373]",
        "aa": 93.44847172365611,
        "kappa": 91.61716427649243
    }
}