{
    "epoch_loss": {
        "type": "index_value",
        "index": [
            1,
            2,
            3,
            4,
            5,
            6,
            7,
            8,
            9,
            10,
            11,
            12,
            13,
            14,
            15,
            16,
            17,
            18,
            19,
            20,
            21,
            22,
            23,
            24,
            25,
            26,
            27,
            28,
            29,
            30,
            31,
            32,
            33,
            34,
            35,
            36,
            37,
            38,
            39,
            40,
            41,
            42,
            43,
            44,
            45,
            46,
            47,
            48,
            49,
            50
        ],
        "value": [
            1.4252260171042548,
            0.6516849088668824,
            0.40478279961480035,
            0.22518963919745552,
            0.20423323578304714,
            0.15059687534968058,
            0.12608101844787598,
            0.11528681649102104,
            0.09186580406294928,
            0.08621017403072781,
            0.11083165115780301,
            0.10275978830125597,
            0.08578514761394924,
            0.09250930123858982,
            0.10910174422793918,
            0.08572194748454624,
            0.1281050803926256,
            0.05850487205717299,
            0.07527580764558581,
            0.09573131031460232,
            0.0681090729104148,
            0.05592512604263094,
            0.03509442877438333,
            0.04717382907867432,
            0.042922350565592446,
            0.04490775956047906,
            0.05131054162979126,
            0.03721170690324571,
            0.06806387662887574,
            0.04638192163573371,
            0.09175044940577613,
            0.05585841655731201,
            0.06605403006076813,
            0.03970379816161262,
            0.016106500377257665,
            0.03618139041794671,
            0.025793520477082995,
            0.04341625836160448,
            0.041183246109220716,
            0.05728323009279039,
            0.04424730055862003,
            0.022752380702230665,
            0.036376929846074844,
            0.02071472452746497,
            0.09991655243767632,
            0.05522216306792365,
            0.06985829499032763,
            0.07123012741406759,
            0.044403076701694064,
            0.06342722945743137
        ]
    },
    "train_oa": {
        "type": "index_value",
        "index": [
            10,
            20,
            30,
            40,
            50
        ],
        "value": [
            95.25823370977649,
            90.554269243491,
            92.07106742900345,
            92.36403156452299,
            91.50404006993338
        ]
    },
    "train_aa": {
        "type": "index_value",
        "index": [
            10,
            20,
            30,
            40,
            50
        ],
        "value": [
            94.81035834082347,
            93.03972037159951,
            90.90300157459248,
            85.92419033273457,
            93.85221698151243
        ]
    },
    "train_kappa": {
        "type": "index_value",
        "index": [
            10,
            20,
            30,
            40,
            50
        ],
        "value": [
            93.70363577137736,
            87.70709047561279,
            89.45844895257848,
            89.72215565946445,
            88.91174895024545
        ]
    },
    "param": {
        "data": {
            "data_sign": "Pavia",
            "data_file": "Pavia_50",
            "diffusion_sign": false,
            "patch_size": 13,
            "test_ratio": 0.95,
            "batch_size": 64,
            "num_classes": 9,
            "pca": 30,
            "dim_heads": 64,
            "spectral_size": 30,
            "append_dim": true
        },
        "net": {
            "trainer": "ssftt",
            "conv2d_out": 64,
            "dim": 64
        },
        "train": {
            "epochs": 50,
            "lr": 0.001,
            "weight_decay": 0
        },
        "uniq_name": "pavia_ssftt.json_50_0"
    },
    "eval": {
        "classification": "                      precision    recall  f1-score   support\n\n             Asphalt     0.9987    0.8187    0.8998      6581\n             Meadows     0.9956    0.9200    0.9563     18599\n              Gravel     0.7135    0.9883    0.8287      2049\n               Trees     0.8211    0.9536    0.8824      3014\nPainted_metal_sheets     0.9870    1.0000    0.9935      1295\n           Bare_Soil     0.8132    1.0000    0.8970      4979\n             Bitumen     0.9882    0.9828    0.9855      1280\nSelf_Blocking_Bricks     0.8622    0.8045    0.8324      3632\n\n           micro avg     0.9228    0.9137    0.9182     41429\n           macro avg     0.8974    0.9335    0.9094     41429\n        weighted avg     0.9353    0.9137    0.9197     41429\n",
        "oa": 91.50404006993338,
        "confusion": "[[ 5388    54   153   138     0    21    15   443   369]\n [    0 17111     0   458     0  1029     0     0     1]\n [    0     0  2025     4     0     0     0    10    10]\n [    5     9     1  2874     0    94     0    14    17]\n [    0     0     0     0  1295     0     0     0     0]\n [    0     0     0     0     0  4979     0     0     0]\n [    0     0     0     0     0     0  1258     0    22]\n [    2    13   657    26     0     0     0  2922    12]\n [    0     0     2     0    17     0     0     0   878]]",
        "each_acc": "[ 81.87205592  91.99956987  98.82869693  95.35500995 100.\n 100.          98.28125     80.45154185  97.88182832]",
        "aa": 93.85221698151243,
        "kappa": 88.91174895024545
    }
}