{
    "epoch_loss": {
        "type": "index_value",
        "index": [
            1,
            2,
            3,
            4,
            5,
            6,
            7,
            8,
            9,
            10,
            11,
            12,
            13,
            14,
            15,
            16,
            17,
            18,
            19,
            20,
            21,
            22,
            23,
            24,
            25,
            26,
            27,
            28,
            29,
            30,
            31,
            32,
            33,
            34,
            35,
            36,
            37,
            38,
            39,
            40,
            41,
            42,
            43,
            44,
            45,
            46,
            47,
            48,
            49,
            50
        ],
        "value": [
            1.9191961818271213,
            1.2690774944093492,
            0.8684001750416226,
            0.558007452223036,
            0.35733030372195773,
            0.23293051256073846,
            0.13635660525825288,
            0.09889654914538065,
            0.0485545309053527,
            0.03158021656175455,
            0.023387543484568597,
            0.01342847856382529,
            0.010593927279114724,
            0.009179597203102376,
            0.009048412947191133,
            0.007995861892898878,
            0.00526614086702466,
            0.004493858789404234,
            0.003540604230430391,
            0.005994691575566927,
            0.003084700740873814,
            0.003541924318091737,
            0.0045543759388642175,
            0.0031734602318869696,
            0.002546808941082822,
            0.001925864013739758,
            0.0028925321840991575,
            0.0024665884000973567,
            0.00217471551667485,
            0.0023079260407636564,
            0.0021088611024121444,
            0.0015385057259764937,
            0.0016909663979378011,
            0.001801864911491672,
            0.0016583460771168272,
            0.001266991116830872,
            0.0013863309234794644,
            0.0014822251629084348,
            0.0014048010188465318,
            0.0015218740536106956,
            0.001457659199109508,
            0.0012789053971775704,
            0.001560221309773624,
            0.001063508625763158,
            0.0014458503211951918,
            0.0012916619915308224,
            0.0013224750006985333,
            0.0011699231160390707,
            0.001049304422405031,
            0.0011200892583777507
        ]
    },
    "train_oa": {
        "type": "index_value",
        "index": [
            10,
            20,
            30,
            40,
            50
        ],
        "value": [
            79.89013052868815,
            92.24809841299653,
            91.80204714057658,
            91.9640341816133,
            91.89360503333647
        ]
    },
    "train_aa": {
        "type": "index_value",
        "index": [
            10,
            20,
            30,
            40,
            50
        ],
        "value": [
            86.27709696454606,
            93.09704434058926,
            92.8642955405723,
            92.80136645817319,
            92.80926758551585
        ]
    },
    "train_kappa": {
        "type": "index_value",
        "index": [
            10,
            20,
            30,
            40,
            50
        ],
        "value": [
            74.52112315005056,
            89.82798953735346,
            89.25271246226633,
            89.44757547786378,
            89.36369353693394
        ]
    },
    "param": {
        "data": {
            "data_sign": "Pavia",
            "data_file": "Pavia_20",
            "diffusion_sign": false,
            "patch_size": 13,
            "test_ratio": 0.95,
            "batch_size": 64,
            "num_classes": 9,
            "pca": 30,
            "dim_heads": 64,
            "spectral_size": 30,
            "append_dim": true
        },
        "net": {
            "trainer": "ssftt",
            "conv2d_out": 64,
            "dim": 64
        },
        "train": {
            "epochs": 50,
            "lr": 0.001,
            "weight_decay": 0
        },
        "uniq_name": "pavia_ssftt.json_20_3"
    },
    "eval": {
        "classification": "                      precision    recall  f1-score   support\n\n             Asphalt     0.9386    0.8664    0.9011      6611\n             Meadows     0.9782    0.9327    0.9549     18629\n              Gravel     0.7254    0.7864    0.7547      2079\n               Trees     0.9240    0.9701    0.9465      3044\nPainted_metal_sheets     0.9925    0.9992    0.9959      1325\n           Bare_Soil     0.8759    0.9106    0.8929      5009\n             Bitumen     0.7625    1.0000    0.8653      1310\nSelf_Blocking_Bricks     0.8234    0.9164    0.8674      3662\n\n           micro avg     0.9182    0.9178    0.9180     41669\n           macro avg     0.8776    0.9227    0.8973     41669\n        weighted avg     0.9231    0.9178    0.9191     41669\n",
        "oa": 91.89360503333647,
        "confusion": "[[ 5728     0    31    65     4   122   401   237    23]\n [  182 17376   486    66     0   507     0    11     1]\n [   42     0  1635     0     0     0     0   395     7]\n [   42     4     3  2953     0    16     7     6    13]\n [    0     0     0     0  1324     0     0     0     1]\n [    0   383     0     0     0  4561     0    65     0]\n [    0     0     0     0     0     0  1310     0     0]\n [  105     0    99   101     0     1     0  3356     0]\n [    4     0     0    11     6     0     0     6   900]]",
        "each_acc": "[ 86.643473    93.27392775  78.64357864  97.01051248  99.9245283\n  91.05609902 100.          91.64391043  97.08737864]",
        "aa": 92.80926758551585,
        "kappa": 89.36369353693394
    }
}