{
    "epoch_loss": {
        "type": "index_value",
        "index": [
            1,
            2,
            3,
            4,
            5,
            6,
            7,
            8,
            9,
            10,
            11,
            12,
            13,
            14,
            15,
            16,
            17,
            18,
            19,
            20,
            21,
            22,
            23,
            24,
            25,
            26,
            27,
            28,
            29,
            30,
            31,
            32,
            33,
            34,
            35,
            36,
            37,
            38,
            39,
            40,
            41,
            42,
            43,
            44,
            45,
            46,
            47,
            48,
            49,
            50
        ],
        "value": [
            1.3914570475381518,
            0.5142202941198197,
            0.24357028736008537,
            0.13552425884538227,
            0.09796614022482009,
            0.04310617750244481,
            0.03174388855695724,
            0.01456679187360264,
            0.013363430536692105,
            0.009681381838070968,
            0.00710422961957871,
            0.00495234763597153,
            0.0035267169140131465,
            0.00451965480599375,
            0.002766237233484548,
            0.001998771074050594,
            0.001447383950405296,
            0.001232693872473661,
            0.0011201647132457722,
            0.00120448333669513,
            0.0009637802621231429,
            0.0011577818269235274,
            0.0007472450153843042,
            0.0008955117233748,
            0.0006238577491973365,
            0.0007899835775975907,
            0.0007005745873025189,
            0.0005193092879684021,
            0.0005977200256431446,
            0.0005048195698431559,
            0.0004941954068647372,
            0.0004317752121659439,
            0.0005882815422771114,
            0.0003677385530271937,
            0.0005673503068031832,
            0.000372942529955051,
            0.00035803113899578057,
            0.0004467740861905946,
            0.0004492643982216361,
            0.0005011997974684669,
            0.0003277509195622914,
            0.00037922325238238077,
            0.00030959738808358827,
            0.000304924985874326,
            0.0002985753362909669,
            0.0002755055568062715,
            0.0003425603919100785,
            0.0002807808371486201,
            0.00025689127251675854,
            0.00020194973409478923
        ]
    },
    "train_oa": {
        "type": "index_value",
        "index": [
            10,
            20,
            30,
            40,
            50
        ],
        "value": [
            97.21919043325582,
            98.11369999525459,
            98.3936791154558,
            98.4245242727661,
            98.41977886394912
        ]
    },
    "train_aa": {
        "type": "index_value",
        "index": [
            10,
            20,
            30,
            40,
            50
        ],
        "value": [
            97.43514728842,
            97.96913021225693,
            98.20065061766385,
            98.10296273773031,
            98.30917470939339
        ]
    },
    "train_kappa": {
        "type": "index_value",
        "index": [
            10,
            20,
            30,
            40,
            50
        ],
        "value": [
            96.31344112169677,
            97.48956653564449,
            97.86148698743564,
            97.90269479638839,
            97.8972961554178
        ]
    },
    "param": {
        "data": {
            "data_sign": "Pavia",
            "data_file": "Pavia_70",
            "diffusion_sign": false,
            "patch_size": 13,
            "test_ratio": 0.95,
            "batch_size": 64,
            "num_classes": 9,
            "pca": 30,
            "dim_heads": 64,
            "spectral_size": 30,
            "append_dim": true
        },
        "net": {
            "trainer": "ssftt",
            "conv2d_out": 64,
            "dim": 64
        },
        "train": {
            "epochs": 50,
            "lr": 0.001,
            "weight_decay": 0
        },
        "uniq_name": "pavia_ssftt.json_70_3"
    },
    "eval": {
        "classification": "                      precision    recall  f1-score   support\n\n             Asphalt     0.9961    0.9637    0.9796      6561\n             Meadows     0.9962    0.9934    0.9948     18579\n              Gravel     0.9477    0.9823    0.9647      2029\n               Trees     0.9521    0.9766    0.9642      2994\nPainted_metal_sheets     1.0000    0.9969    0.9984      1275\n           Bare_Soil     0.9794    0.9966    0.9879      4959\n             Bitumen     0.9992    1.0000    0.9996      1260\nSelf_Blocking_Bricks     0.9567    0.9543    0.9555      3612\n\n           micro avg     0.9851    0.9842    0.9847     41269\n           macro avg     0.9784    0.9830    0.9806     41269\n        weighted avg     0.9853    0.9842    0.9847     41269\n",
        "oa": 98.41977886394912,
        "confusion": "[[ 6323    17     9    73     0     0     1   127    11]\n [    0 18457     0    31     0    91     0     0     0]\n [    3     0  1993     2     0     0     0    21    10]\n [    8    12     5  2924     0    13     0     8    24]\n [    0     0     0     0  1271     0     0     0     4]\n [    0    17     0     0     0  4942     0     0     0]\n [    0     0     0     0     0     0  1260     0     0]\n [   14    24    96    27     0     0     0  3447     4]\n [    0     0     0    14     0     0     0     0   863]]",
        "each_acc": "[ 96.37250419  99.34334464  98.22572696  97.66199065  99.68627451\n  99.65718895 100.          95.43189369  98.4036488 ]",
        "aa": 98.30917470939339,
        "kappa": 97.8972961554178
    }
}