{
    "epoch_loss": {
        "type": "index_value",
        "index": [
            1,
            2,
            3,
            4,
            5,
            6,
            7,
            8,
            9,
            10,
            11,
            12,
            13,
            14,
            15,
            16,
            17,
            18,
            19,
            20,
            21,
            22,
            23,
            24,
            25,
            26,
            27,
            28,
            29,
            30,
            31,
            32,
            33,
            34,
            35,
            36,
            37,
            38,
            39,
            40,
            41,
            42,
            43,
            44,
            45,
            46,
            47,
            48,
            49,
            50
        ],
        "value": [
            1.7683853467305501,
            0.893552855650584,
            0.4973515748977661,
            0.2915536655320062,
            0.15015884704060026,
            0.07969252881076601,
            0.05424335930082533,
            0.035029929048485224,
            0.03069640646378199,
            0.020302438415173027,
            0.01509779766201973,
            0.013290845271613862,
            0.022670002095401286,
            0.019167848635050985,
            0.00996568300243881,
            0.010995653975341056,
            0.006758213871055179,
            0.004911834073977338,
            0.0038790828755332365,
            0.002719059752093421,
            0.003230058163818386,
            0.003165076755815082,
            0.001935219635359115,
            0.002301768058290084,
            0.0013467033600641622,
            0.0015505332137561506,
            0.0012080248212441801,
            0.0015865903968612352,
            0.0012264555734064844,
            0.0012245870635120405,
            0.001452008355408907,
            0.0009681879633313252,
            0.0011006439544467461,
            0.0014671860676672723,
            0.0016227266130348047,
            0.0008111910364176664,
            0.0017568078849257694,
            0.0012081389470646779,
            0.0008167606054080857,
            0.0007001099694106314,
            0.0008956156076035565,
            0.001079378657353421,
            0.0008412074375276764,
            0.0006976333511475888,
            0.0005942819109703932,
            0.000745113303936604,
            0.0006488510523922741,
            0.0004488921478494174,
            0.0010874128279586633,
            0.0010832381745179494
        ]
    },
    "train_oa": {
        "type": "index_value",
        "index": [
            10,
            20,
            30,
            40,
            50
        ],
        "value": [
            95.09619011693701,
            96.38579781214635,
            96.87146359864202,
            96.51310826103358,
            96.84081478687287
        ]
    },
    "train_aa": {
        "type": "index_value",
        "index": [
            10,
            20,
            30,
            40,
            50
        ],
        "value": [
            95.27163688721534,
            96.20558141318654,
            96.6064852983492,
            96.63540287923698,
            96.9073867149754
        ]
    },
    "train_kappa": {
        "type": "index_value",
        "index": [
            10,
            20,
            30,
            40,
            50
        ],
        "value": [
            93.51749780609235,
            95.20299781076693,
            95.84539206138002,
            95.38236895766552,
            95.81420414014109
        ]
    },
    "param": {
        "data": {
            "data_sign": "Pavia",
            "data_file": "Pavia_40",
            "diffusion_sign": false,
            "patch_size": 13,
            "test_ratio": 0.95,
            "batch_size": 64,
            "num_classes": 9,
            "pca": 30,
            "dim_heads": 64,
            "spectral_size": 30,
            "append_dim": true
        },
        "net": {
            "trainer": "ssftt",
            "conv2d_out": 64,
            "dim": 64
        },
        "train": {
            "epochs": 50,
            "lr": 0.001,
            "weight_decay": 0
        },
        "uniq_name": "pavia_ssftt.json_40_1"
    },
    "eval": {
        "classification": "                      precision    recall  f1-score   support\n\n             Asphalt     0.9715    0.9466    0.9589      6591\n             Meadows     0.9924    0.9801    0.9862     18609\n              Gravel     0.9238    0.9301    0.9269      2059\n               Trees     0.9665    0.9537    0.9601      3024\nPainted_metal_sheets     0.9977    0.9985    0.9981      1305\n           Bare_Soil     0.9547    0.9711    0.9628      4989\n             Bitumen     0.9825    0.9984    0.9904      1290\nSelf_Blocking_Bricks     0.9014    0.9509    0.9254      3642\n\n           micro avg     0.9706    0.9679    0.9693     41509\n           macro avg     0.9613    0.9662    0.9636     41509\n        weighted avg     0.9711    0.9679    0.9694     41509\n",
        "oa": 96.84081478687287,
        "confusion": "[[ 6239     2    18    10     0     0    21   214    87]\n [   52 18239     0    84     0   229     0     0     5]\n [    4     0  1915     1     0     0     0   133     6]\n [   65    13    24  2884     0     1     0    14    23]\n [    0     0     0     0  1303     0     0     0     2]\n [    0   124     2     0     0  4845     0    18     0]\n [    0     0     0     0     0     0  1288     0     2]\n [   62     0   112     5     0     0     0  3463     0]\n [    0     0     2     0     3     0     2     0   900]]",
        "each_acc": "[94.65938401 98.01171476 93.00631374 95.37037037 99.8467433  97.11365003\n 99.84496124 95.08511807 99.22822492]",
        "aa": 96.9073867149754,
        "kappa": 95.81420414014109
    }
}