{
    "epoch_loss": {
        "type": "index_value",
        "index": [
            1,
            2,
            3,
            4,
            5,
            6,
            7,
            8,
            9,
            10,
            11,
            12,
            13,
            14,
            15,
            16,
            17,
            18,
            19,
            20,
            21,
            22,
            23,
            24,
            25,
            26,
            27,
            28,
            29,
            30,
            31,
            32,
            33,
            34,
            35,
            36,
            37,
            38,
            39,
            40,
            41,
            42,
            43,
            44,
            45,
            46,
            47,
            48,
            49,
            50
        ],
        "value": [
            1.4693635957581657,
            0.5489073395729065,
            0.2756879362795088,
            0.1342969653625337,
            0.08015802844412744,
            0.04448553517106033,
            0.028439427338658816,
            0.017012888728271402,
            0.011887753308410682,
            0.009202523464484821,
            0.006975550127644388,
            0.004556602755531905,
            0.0045987969131342,
            0.0031685426653850646,
            0.0027100295804086184,
            0.002087500526954139,
            0.0017131214776623343,
            0.001698791988874002,
            0.0015324661142325827,
            0.0012576086842085398,
            0.0018269009932520843,
            0.0014350151362281943,
            0.0011589048859027642,
            0.0010866001935764438,
            0.001303404929589421,
            0.0011248852591961623,
            0.0008919175989585855,
            0.0011205339251780912,
            0.000955778329692308,
            0.0007987179176231462,
            0.0007412141140934731,
            0.0007642962169715218,
            0.0008267047929592312,
            0.0011805806449422288,
            0.0008446885422537369,
            0.0016367572359740734,
            0.0028355838686582586,
            0.0018462443946018106,
            0.0022095914227917555,
            0.0011207862261919275,
            0.18552046699065064,
            0.2535959112265753,
            0.1440437426642766,
            0.08858951999554558,
            0.035784954282026445,
            0.028297312985662192,
            0.018958879427777395,
            0.00778976447089383,
            0.008609876585828643,
            0.003131030531718381
        ]
    },
    "train_oa": {
        "type": "index_value",
        "index": [
            10,
            20,
            30,
            40,
            50
        ],
        "value": [
            97.76253974279884,
            98.20149005836852,
            98.09471835998671,
            97.71983106344612,
            97.85982062354672
        ]
    },
    "train_aa": {
        "type": "index_value",
        "index": [
            10,
            20,
            30,
            40,
            50
        ],
        "value": [
            97.52913926140158,
            97.91840657410553,
            97.81256289904758,
            97.5106978608017,
            97.24650312784401
        ]
    },
    "train_kappa": {
        "type": "index_value",
        "index": [
            10,
            20,
            30,
            40,
            50
        ],
        "value": [
            97.02451597989362,
            97.60650170947355,
            97.46408936804828,
            96.9655293769173,
            97.15132993037344
        ]
    },
    "param": {
        "data": {
            "data_sign": "Pavia",
            "data_file": "Pavia_70",
            "diffusion_sign": false,
            "patch_size": 13,
            "test_ratio": 0.95,
            "batch_size": 64,
            "num_classes": 9,
            "pca": 30,
            "dim_heads": 64,
            "spectral_size": 30,
            "append_dim": true
        },
        "net": {
            "trainer": "ssftt",
            "conv2d_out": 64,
            "dim": 64
        },
        "train": {
            "epochs": 50,
            "lr": 0.001,
            "weight_decay": 0
        },
        "uniq_name": "pavia_ssftt.json_70_1"
    },
    "eval": {
        "classification": "                      precision    recall  f1-score   support\n\n             Asphalt     0.9837    0.9678    0.9757      6561\n             Meadows     0.9950    0.9922    0.9936     18579\n              Gravel     0.9248    0.9818    0.9524      2029\n               Trees     0.9714    0.9429    0.9569      2994\nPainted_metal_sheets     1.0000    0.9506    0.9747      1275\n           Bare_Soil     0.9714    1.0000    0.9855      4959\n             Bitumen     0.9945    0.9976    0.9960      1260\nSelf_Blocking_Bricks     0.9409    0.9261    0.9334      3612\n\n           micro avg     0.9805    0.9783    0.9794     41269\n           macro avg     0.9727    0.9699    0.9710     41269\n        weighted avg     0.9806    0.9783    0.9793     41269\n",
        "oa": 97.85982062354672,
        "confusion": "[[ 6350     4     9    12     0    26     6   154     0]\n [    0 18435     0    53     0    91     0     0     0]\n [    1     0  1992     0     0     0     0    29     7]\n [   26    55     9  2823     0    29     1    26    25]\n [    0     0     0     0  1212     0     0     0    63]\n [    0     0     0     0     0  4959     0     0     0]\n [    0     0     0     0     0     0  1257     1     2]\n [   78    33   143    13     0     0     0  3345     0]\n [    0     0     1     5     0     0     0     0   871]]",
        "each_acc": "[ 96.78402683  99.22493137  98.1764416   94.28857715  95.05882353\n 100.          99.76190476  92.60797342  99.31584949]",
        "aa": 97.24650312784401,
        "kappa": 97.15132993037344
    }
}