{
    "epoch_loss": {
        "type": "index_value",
        "index": [
            1,
            2,
            3,
            4,
            5,
            6,
            7,
            8,
            9,
            10,
            11,
            12,
            13,
            14,
            15,
            16,
            17,
            18,
            19,
            20,
            21,
            22,
            23,
            24,
            25,
            26,
            27,
            28,
            29,
            30,
            31,
            32,
            33,
            34,
            35,
            36,
            37,
            38,
            39,
            40,
            41,
            42,
            43,
            44,
            45,
            46,
            47,
            48,
            49,
            50
        ],
        "value": [
            2.2041634586122303,
            1.5051153262456258,
            1.2587708367241754,
            0.9663906547758314,
            0.7932146747907003,
            0.6209225005573696,
            0.5316533976131015,
            0.39550712770885893,
            0.29016618066363864,
            0.1846045795414183,
            0.16359677347871993,
            0.13826375901699067,
            0.07994439138306511,
            0.06613357116778691,
            0.0447188520597087,
            0.03625604353017277,
            0.027848097516430748,
            0.024962072488334444,
            0.015958694120248158,
            0.02089791860845354,
            0.012353804790311389,
            0.008675814440680874,
            0.008355826594763333,
            0.014750579413440492,
            0.009221614069408841,
            0.008857267060213619,
            0.004995296564367082,
            0.004627215877796213,
            0.0047523590218689704,
            0.006517132081919246,
            0.0063538891780707575,
            0.00555369665639268,
            0.003985097662856181,
            0.003764545524285899,
            0.0035983857129597003,
            0.0032607951667159795,
            0.003759297863062885,
            0.0038414715271857048,
            0.002646266317201985,
            0.0027517552435812023,
            0.0020715853561543754,
            0.0024713792993376654,
            0.002836538101029065,
            0.0020661878606511486,
            0.0029910541243023344,
            0.002662660176348355,
            0.0023037594484372273,
            0.0022494824241018957,
            0.0018410510797467496,
            0.0014068106331655548
        ]
    },
    "train_oa": {
        "type": "index_value",
        "index": [
            10,
            20,
            30,
            40,
            50
        ],
        "value": [
            83.48873166846272,
            82.30098861453405,
            86.27887363538397,
            82.50948788830061,
            85.9766668228459
        ]
    },
    "train_aa": {
        "type": "index_value",
        "index": [
            10,
            20,
            30,
            40,
            50
        ],
        "value": [
            85.26476965083062,
            86.47594997896013,
            87.75796511808177,
            87.03302863987471,
            88.20453768213126
        ]
    },
    "train_kappa": {
        "type": "index_value",
        "index": [
            10,
            20,
            30,
            40,
            50
        ],
        "value": [
            78.72167266519028,
            77.38169409525617,
            82.17292703936035,
            77.68264974665999,
            81.8491449411092
        ]
    },
    "param": {
        "data": {
            "data_sign": "Pavia",
            "data_file": "Pavia_10",
            "diffusion_sign": false,
            "patch_size": 13,
            "test_ratio": 0.95,
            "batch_size": 64,
            "num_classes": 9,
            "pca": 30,
            "dim_heads": 64,
            "spectral_size": 30,
            "append_dim": true
        },
        "net": {
            "trainer": "ssftt",
            "conv2d_out": 64,
            "dim": 64
        },
        "train": {
            "epochs": 50,
            "lr": 0.001,
            "weight_decay": 0
        },
        "uniq_name": "pavia_ssftt.json_10_4"
    },
    "eval": {
        "classification": "                      precision    recall  f1-score   support\n\n             Asphalt     0.8680    0.7586    0.8096      6621\n             Meadows     0.9939    0.8954    0.9421     18639\n              Gravel     0.6721    0.9067    0.7720      2089\n               Trees     0.7342    0.9381    0.8237      3054\nPainted_metal_sheets     0.9903    0.9963    0.9933      1335\n           Bare_Soil     0.7794    0.9520    0.8571      5019\n             Bitumen     0.6398    0.9970    0.7794      1320\nSelf_Blocking_Bricks     0.8098    0.5136    0.6286      3672\n\n           micro avg     0.8694    0.8571    0.8632     41749\n           macro avg     0.8109    0.8697    0.8257     41749\n        weighted avg     0.8856    0.8571    0.8626     41749\n",
        "oa": 85.9766668228459,
        "confusion": "[[ 5023    12   166   126     0    93   645    70   486]\n [   20 16689     0   788     0  1142     0     0     0]\n [    8     3  1894     0     0     0     0   169    15]\n [   43    57     9  2865     0    20     0    19    41]\n [    0     0     0     0  1330     0     0     0     5]\n [   40    13     1     2     0  4778     0   185     0]\n [    4     0     0     0     0     0  1316     0     0]\n [  649    17   743   121     0    97    96  1886    63]\n [    0     0     5     0    13     0     0     0   919]]",
        "each_acc": "[75.86467301 89.53806535 90.66539014 93.81139489 99.62546816 95.19824666\n 99.6969697  51.36165577 98.07897545]",
        "aa": 88.20453768213126,
        "kappa": 81.8491449411092
    }
}