{
    "epoch_loss": {
        "type": "index_value",
        "index": [
            1,
            2,
            3,
            4,
            5,
            6,
            7,
            8,
            9,
            10,
            11,
            12,
            13,
            14,
            15,
            16,
            17,
            18,
            19,
            20,
            21,
            22,
            23,
            24,
            25,
            26,
            27,
            28,
            29,
            30,
            31,
            32,
            33,
            34,
            35,
            36,
            37,
            38,
            39,
            40,
            41,
            42,
            43,
            44,
            45,
            46,
            47,
            48,
            49,
            50
        ],
        "value": [
            1.4872248607211642,
            0.6469926283094618,
            0.41116744491789076,
            0.23728576819101968,
            0.19047232409318288,
            0.14141060166888766,
            0.13147476726108126,
            0.17796450985802545,
            0.12422371440463596,
            0.11576652112934324,
            0.09812061150868734,
            0.08440877172682021,
            0.06496187686920166,
            0.049096776379479304,
            0.04245010157426198,
            0.03963901321093241,
            0.027401758035024006,
            0.0400373942984475,
            0.044195984734429254,
            0.07500323419769606,
            0.043172676563262936,
            0.04393152528338962,
            0.04585595813062456,
            0.07062680270936754,
            0.07708173698849148,
            0.0412495579984453,
            0.06597898695203994,
            0.06583038787047069,
            0.04839334872033861,
            0.03542479117711385,
            0.08335087829165988,
            0.04052906115849813,
            0.05605414443545871,
            0.07110472785101997,
            0.08151338562369347,
            0.047116925716400145,
            0.07208460768063864,
            0.0409711364366942,
            0.025806582967440286,
            0.034479161666499246,
            0.022592530250549317,
            0.08055862777762943,
            0.07925302863121032,
            0.039235162205166284,
            0.07237722754478454,
            0.026718068520228067,
            0.03192466835180918,
            0.02875892374250624,
            0.028246657848358156,
            0.035136708948347306
        ]
    },
    "train_oa": {
        "type": "index_value",
        "index": [
            10,
            20,
            30,
            40,
            50
        ],
        "value": [
            91.84425648537542,
            85.67074611349997,
            94.64395407078392,
            95.04323583612909,
            92.62155649010064
        ]
    },
    "train_aa": {
        "type": "index_value",
        "index": [
            10,
            20,
            30,
            40,
            50
        ],
        "value": [
            91.78026750223796,
            83.86252441159176,
            93.95090881985524,
            95.67711992979537,
            92.66232333044732
        ]
    },
    "train_kappa": {
        "type": "index_value",
        "index": [
            10,
            20,
            30,
            40,
            50
        ],
        "value": [
            89.14535620566423,
            80.10178628687208,
            92.91114080583633,
            93.44011784651985,
            90.16487649270297
        ]
    },
    "param": {
        "data": {
            "data_sign": "Pavia",
            "data_file": "Pavia_50",
            "diffusion_sign": false,
            "patch_size": 13,
            "test_ratio": 0.95,
            "batch_size": 64,
            "num_classes": 9,
            "pca": 30,
            "dim_heads": 64,
            "spectral_size": 30,
            "append_dim": true
        },
        "net": {
            "trainer": "ssftt",
            "conv2d_out": 64,
            "dim": 64
        },
        "train": {
            "epochs": 50,
            "lr": 0.001,
            "weight_decay": 0
        },
        "uniq_name": "pavia_ssftt.json_50_4"
    },
    "eval": {
        "classification": "                      precision    recall  f1-score   support\n\n             Asphalt     0.9435    0.9190    0.9311      6581\n             Meadows     0.9389    0.9487    0.9437     18599\n              Gravel     0.9334    0.8965    0.9146      2049\n               Trees     0.8142    0.7936    0.8038      3014\nPainted_metal_sheets     0.9992    0.9923    0.9957      1295\n           Bare_Soil     0.8900    0.9731    0.9297      4979\n             Bitumen     0.9288    0.9984    0.9623      1280\nSelf_Blocking_Bricks     0.9400    0.8202    0.8760      3632\n\n           micro avg     0.9257    0.9247    0.9252     41429\n           macro avg     0.9235    0.9177    0.9196     41429\n        weighted avg     0.9261    0.9247    0.9247     41429\n",
        "oa": 92.62155649010064,
        "confusion": "[[ 6048   305    14    42     0    18    91    45    18]\n [    0 17644     0   457     0   498     0     0     0]\n [   10    46  1837     4     0     0     0   140    12]\n [   78   455     0  2392     0    83     0     5     1]\n [    0     0     0     0  1285     0     0     0    10]\n [    0   134     0     0     0  4845     0     0     0]\n [    0     0     0     0     0     0  1278     0     2]\n [  274   209   116    43     0     0     7  2979     4]\n [    0     0     1     0     1     0     0     0   895]]",
        "each_acc": "[91.90092691 94.86531534 89.65348951 79.36297279 99.22779923 97.30869653\n 99.84375    82.02092511 99.77703456]",
        "aa": 92.66232333044732,
        "kappa": 90.16487649270297
    }
}