{
    "epoch_loss": {
        "type": "index_value",
        "index": [
            1,
            2,
            3,
            4,
            5,
            6,
            7,
            8,
            9,
            10,
            11,
            12,
            13,
            14,
            15,
            16,
            17,
            18,
            19,
            20,
            21,
            22,
            23,
            24,
            25,
            26,
            27,
            28,
            29,
            30,
            31,
            32,
            33,
            34,
            35,
            36,
            37,
            38,
            39,
            40,
            41,
            42,
            43,
            44,
            45,
            46,
            47,
            48,
            49,
            50
        ],
        "value": [
            2.398773988087972,
            1.7997404760784572,
            1.5127210802502102,
            1.275241216023763,
            1.0941370513704087,
            0.9039326482348972,
            0.7982574529118008,
            0.6158253272374471,
            0.46235836214489406,
            0.4282007528675927,
            0.3141130672560798,
            0.2431262923611535,
            0.16715760429700216,
            0.1187102132373386,
            0.09523654729127884,
            0.06146506518125534,
            0.04752252135011885,
            0.0359263493369023,
            0.02731403729154004,
            0.030078504731257758,
            0.019197643920779228,
            0.017861802462074493,
            0.01727069690823555,
            0.012132062493926949,
            0.008458496257662772,
            0.014649351893199814,
            0.006960324570536613,
            0.007027104145122899,
            0.005855419766157865,
            0.005661187703824706,
            0.006642587896850374,
            0.004757387439409891,
            0.005214184977942043,
            0.004421864770766761,
            0.004664136427972052,
            0.004713701591309574,
            0.0038034425789697304,
            0.003604296791470713,
            0.003669218387868669,
            0.0038895019795745613,
            0.0023253592662513256,
            0.0027680392377078533,
            0.0033839681496222814,
            0.0019386331033375529,
            0.002855584998097685,
            0.0026395516832255655,
            0.0034246264542970393,
            0.0031628968608048225,
            0.0029620837316744857,
            0.0029254337772727014
        ]
    },
    "train_oa": {
        "type": "index_value",
        "index": [
            10,
            20,
            30,
            40,
            50
        ],
        "value": [
            52.90024832497775,
            87.33308344656328,
            88.99170688281872,
            90.76512205406925,
            89.70388417748208
        ]
    },
    "train_aa": {
        "type": "index_value",
        "index": [
            10,
            20,
            30,
            40,
            50
        ],
        "value": [
            65.29731019264706,
            87.10868787166002,
            89.55488420698762,
            90.10963894146946,
            89.36398035239897
        ]
    },
    "train_kappa": {
        "type": "index_value",
        "index": [
            10,
            20,
            30,
            40,
            50
        ],
        "value": [
            44.84979389465001,
            83.40153620362108,
            85.62152686025819,
            87.83534126411772,
            86.4704196193265
        ]
    },
    "param": {
        "data": {
            "data_sign": "Pavia",
            "data_file": "Pavia_10",
            "diffusion_sign": false,
            "patch_size": 13,
            "test_ratio": 0.95,
            "batch_size": 64,
            "num_classes": 9,
            "pca": 30,
            "dim_heads": 64,
            "spectral_size": 30,
            "append_dim": true
        },
        "net": {
            "trainer": "ssftt",
            "conv2d_out": 64,
            "dim": 64
        },
        "train": {
            "epochs": 50,
            "lr": 0.001,
            "weight_decay": 0
        },
        "uniq_name": "pavia_ssftt.json_10_2"
    },
    "eval": {
        "classification": "                      precision    recall  f1-score   support\n\n             Asphalt     0.8616    0.7505    0.8022      6621\n             Meadows     0.9898    0.9678    0.9787     18639\n              Gravel     0.7112    0.9445    0.8114      2089\n               Trees     0.8081    0.8893    0.8468      3054\nPainted_metal_sheets     0.9823    0.9993    0.9907      1335\n           Bare_Soil     0.9164    0.9831    0.9486      5019\n             Bitumen     0.5852    0.9909    0.7359      1320\nSelf_Blocking_Bricks     0.9178    0.5836    0.7135      3672\n\n           micro avg     0.9029    0.8962    0.8996     41749\n           macro avg     0.8466    0.8886    0.8535     41749\n        weighted avg     0.9141    0.8962    0.8984     41749\n",
        "oa": 89.70388417748208,
        "confusion": "[[ 4969    28   133   277     4    40   825    53   292]\n [    1 18039     0   307     0   284     0     8     0]\n [    3     0  1973    11     0     0     0    99     3]\n [   66   153    18  2716     0    14     2    32    53]\n [    1     0     0     0  1334     0     0     0     0]\n [   85     0     0     0     0  4934     0     0     0]\n [   12     0     0     0     0     0  1308     0     0]\n [  610     5   634    48     0   111    97  2143    24]\n [   20     0    16     2    20     1     3     0   875]]",
        "each_acc": "[75.04908624 96.78094318 94.44710388 88.93254748 99.92509363 98.30643554\n 99.09090909 58.36056645 93.38313767]",
        "aa": 89.36398035239897,
        "kappa": 86.4704196193265
    }
}