{
    "epoch_loss": {
        "type": "index_value",
        "index": [
            1,
            2,
            3,
            4,
            5,
            6,
            7,
            8,
            9,
            10,
            11,
            12,
            13,
            14,
            15,
            16,
            17,
            18,
            19,
            20,
            21,
            22,
            23,
            24,
            25,
            26,
            27,
            28,
            29,
            30,
            31,
            32,
            33,
            34,
            35,
            36,
            37,
            38,
            39,
            40,
            41,
            42,
            43,
            44,
            45,
            46,
            47,
            48,
            49,
            50
        ],
        "value": [
            1.5264736775998715,
            0.6275036604316147,
            0.34166410399807823,
            0.1941348021781003,
            0.14368362738578408,
            0.10932615001996358,
            0.05307512944219289,
            0.05086792403901065,
            0.048661368933540804,
            0.03616728037595749,
            0.04469737391229029,
            0.0322559081983787,
            0.016547149378392433,
            0.01694299386193355,
            0.010335905843034938,
            0.008238415785685734,
            0.0052237195307733835,
            0.0076563683855864735,
            0.0072010942924491785,
            0.003513136230133198,
            0.0045251363336488055,
            0.0036290750010973876,
            0.0030581037979573013,
            0.0030275604308203415,
            0.0016423787434447419,
            0.0014875746728783405,
            0.005271629999495215,
            0.00201098064167632,
            0.0016576639928475574,
            0.0017887368487815062,
            0.0016138161118659708,
            0.0014783156250982924,
            0.0013615119822875216,
            0.001027808307359616,
            0.0009775704915497313,
            0.0009350150465723817,
            0.0006929675485783567,
            0.0005575543368683645,
            0.0013262250426190872,
            0.001192374665428091,
            0.0014069135154218034,
            0.0010618102702277677,
            0.0008692839044939589,
            0.0010334132825610815,
            0.0036175293675451367,
            0.02994745304049165,
            0.10946472055382199,
            0.16159329028041275,
            0.09314776592784457,
            0.04876884489699646
        ]
    },
    "train_oa": {
        "type": "index_value",
        "index": [
            10,
            20,
            30,
            40,
            50
        ],
        "value": [
            96.15257126621839,
            97.32929254664268,
            97.97802822236955,
            97.97566057391799,
            91.87659816270481
        ]
    },
    "train_aa": {
        "type": "index_value",
        "index": [
            10,
            20,
            30,
            40,
            50
        ],
        "value": [
            96.79649874700371,
            97.45009620221359,
            97.88316054886008,
            97.62717825748055,
            91.47862496127527
        ]
    },
    "train_kappa": {
        "type": "index_value",
        "index": [
            10,
            20,
            30,
            40,
            50
        ],
        "value": [
            94.91501801418039,
            96.45341932403298,
            97.31746955853748,
            97.30586622949434,
            89.27794741663874
        ]
    },
    "param": {
        "data": {
            "data_sign": "Pavia",
            "data_file": "Pavia_60",
            "diffusion_sign": false,
            "patch_size": 13,
            "test_ratio": 0.95,
            "batch_size": 64,
            "num_classes": 9,
            "pca": 30,
            "dim_heads": 64,
            "spectral_size": 30,
            "append_dim": true
        },
        "net": {
            "trainer": "ssftt",
            "conv2d_out": 64,
            "dim": 64
        },
        "train": {
            "epochs": 50,
            "lr": 0.001,
            "weight_decay": 0
        },
        "uniq_name": "pavia_ssftt.json_60_3"
    },
    "eval": {
        "classification": "                      precision    recall  f1-score   support\n\n             Asphalt     0.8972    0.9811    0.9373      6571\n             Meadows     0.9781    0.9375    0.9573     18589\n              Gravel     0.9622    0.8862    0.9226      2039\n               Trees     0.5924    0.9990    0.7437      3004\nPainted_metal_sheets     1.0000    0.9774    0.9886      1285\n           Bare_Soil     1.0000    0.8448    0.9159      4969\n             Bitumen     1.0000    0.8811    0.9368      1270\nSelf_Blocking_Bricks     0.9530    0.7383    0.8320      3622\n\n           micro avg     0.9178    0.9173    0.9175     41349\n           macro avg     0.9228    0.9057    0.9043     41349\n        weighted avg     0.9382    0.9173    0.9213     41349\n",
        "oa": 91.87659816270481,
        "confusion": "[[ 6447     2     0    97     0     0     0    25     0]\n [   40 17427     0  1122     0     0     0     0     0]\n [    6     0  1807   124     0     0     0    93     9]\n [    1     0     2  3001     0     0     0     0     0]\n [    0     0     0    10  1256     0     0     0    19]\n [  284   389     0    84     0  4198     0    14     0]\n [  146     0     0     0     0     0  1119     0     5]\n [  260     0    69   619     0     0     0  2674     0]\n [    2     0     0     9     0     0     0     0   876]]",
        "each_acc": "[98.11292041 93.74899134 88.62187347 99.90013316 97.74319066 84.48379956\n 88.11023622 73.82661513 98.75986471]",
        "aa": 91.47862496127527,
        "kappa": 89.27794741663874
    }
}