{
    "epoch_loss": {
        "type": "index_value",
        "index": [
            1,
            2,
            3,
            4,
            5,
            6,
            7,
            8,
            9,
            10,
            11,
            12,
            13,
            14,
            15,
            16,
            17,
            18,
            19,
            20,
            21,
            22,
            23,
            24,
            25,
            26,
            27,
            28,
            29,
            30,
            31,
            32,
            33,
            34,
            35,
            36,
            37,
            38,
            39,
            40,
            41,
            42,
            43,
            44,
            45,
            46,
            47,
            48,
            49,
            50
        ],
        "value": [
            1.6415523899926079,
            0.8853452099694146,
            0.49481074147754245,
            0.25669732954767016,
            0.13412063750955794,
            0.08044770277208751,
            0.04940505648652713,
            0.052024469731582534,
            0.026341380096144146,
            0.022535770469241673,
            0.021820122831397587,
            0.01489380035135481,
            0.02360715346617831,
            0.0306671512623628,
            0.011059406120330096,
            0.006774752069678571,
            0.00660942860154642,
            0.0036547546171479756,
            0.0033247415985291203,
            0.0037261142291956477,
            0.0025169887166056368,
            0.0033433118110729586,
            0.0018831834973146518,
            0.0018033964869876703,
            0.0022053574703426826,
            0.00236472940693299,
            0.0016567457726018296,
            0.0012323655498524507,
            0.001144279086858862,
            0.00121951078892582,
            0.0016256034063796203,
            0.0012636019020444817,
            0.0010674664647214943,
            0.001818442085964812,
            0.0012743906932882964,
            0.0008754180589069922,
            0.001019845430790964,
            0.0010411883807844586,
            0.0008974471802098884,
            0.0007212252925253577,
            0.0008517809522648653,
            0.0007756644510664046,
            0.0006730878117701246,
            0.001479133575533827,
            0.0008722860676546891,
            0.0005244265595037076,
            0.0007424534324349629,
            0.0008494528721914523,
            0.0006653717408577601,
            0.000545673042587522
        ]
    },
    "train_oa": {
        "type": "index_value",
        "index": [
            10,
            20,
            30,
            40,
            50
        ],
        "value": [
            91.99358732553753,
            95.84590720482836,
            96.44709543568464,
            96.29149377593362,
            96.40465861938891
        ]
    },
    "train_aa": {
        "type": "index_value",
        "index": [
            10,
            20,
            30,
            40,
            50
        ],
        "value": [
            93.58679178547791,
            95.79310045849503,
            96.22420429672367,
            96.1345229198319,
            96.26045506784389
        ]
    },
    "train_kappa": {
        "type": "index_value",
        "index": [
            10,
            20,
            30,
            40,
            50
        ],
        "value": [
            89.51954004959318,
            94.47738137654157,
            95.2736437102999,
            95.07038655284882,
            95.22312621100662
        ]
    },
    "param": {
        "data": {
            "data_sign": "Pavia",
            "data_file": "Pavia_40",
            "diffusion_sign": false,
            "patch_size": 13,
            "test_ratio": 0.95,
            "batch_size": 64,
            "num_classes": 9,
            "pca": 30,
            "dim_heads": 64,
            "spectral_size": 30,
            "append_dim": true
        },
        "net": {
            "trainer": "ssftt",
            "conv2d_out": 64,
            "dim": 64
        },
        "train": {
            "epochs": 50,
            "lr": 0.001,
            "weight_decay": 0
        },
        "uniq_name": "pavia_ssftt.json_40_3"
    },
    "eval": {
        "classification": "                      precision    recall  f1-score   support\n\n             Asphalt     0.9787    0.9132    0.9448      6591\n             Meadows     0.9846    0.9912    0.9879     18609\n              Gravel     0.9055    0.9359    0.9205      2059\n               Trees     0.9266    0.9762    0.9507      3024\nPainted_metal_sheets     0.9992    0.9954    0.9973      1305\n           Bare_Soil     0.9837    0.9539    0.9686      4989\n             Bitumen     0.9893    0.9992    0.9942      1290\nSelf_Blocking_Bricks     0.9041    0.9061    0.9051      3642\n\n           micro avg     0.9686    0.9634    0.9660     41509\n           macro avg     0.9590    0.9589    0.9586     41509\n        weighted avg     0.9690    0.9634    0.9659     41509\n",
        "oa": 96.40465861938891,
        "confusion": "[[ 6019   160    74    30     0     0    14   155   139]\n [    0 18446     0    65     0    79     0     2    17]\n [    0     0  1927     0     0     0     0   119    13]\n [   30     5     7  2952     0     0     0     7    23]\n [    0     0     0     0  1299     0     0     0     6]\n [    0   123    13     0     0  4759     0    66    28]\n [    0     0     0     0     0     0  1289     0     1]\n [  101     0   107   134     0     0     0  3300     0]\n [    0     0     0     5     1     0     0     1   900]]",
        "each_acc": "[91.32149901 99.12407975 93.58912093 97.61904762 99.54022989 95.38985769\n 99.92248062 90.60955519 99.22822492]",
        "aa": 96.26045506784389,
        "kappa": 95.22312621100662
    }
}