{
    "epoch_loss": {
        "type": "index_value",
        "index": [
            1,
            2,
            3,
            4,
            5,
            6,
            7,
            8,
            9,
            10,
            11,
            12,
            13,
            14,
            15,
            16,
            17,
            18,
            19,
            20,
            21,
            22,
            23,
            24,
            25,
            26,
            27,
            28,
            29,
            30,
            31,
            32,
            33,
            34,
            35,
            36,
            37,
            38,
            39,
            40,
            41,
            42,
            43,
            44,
            45,
            46,
            47,
            48,
            49,
            50
        ],
        "value": [
            1.614158993297153,
            0.7000653551684486,
            0.37896972298622134,
            0.19541086146125086,
            0.11116230272584492,
            0.06025556927477872,
            0.028580229812198214,
            0.02377391716948262,
            0.03493314946967142,
            0.03459735434088442,
            0.020606139253962923,
            0.012801164933652789,
            0.022319060343283195,
            0.09014762060509787,
            0.0649491407805019,
            0.06156870673100154,
            0.021106419657115582,
            0.014098764431697351,
            0.00837783515798273,
            0.005881389580598032,
            0.00990595938982787,
            0.009179197541541523,
            0.0031304943633990155,
            0.004548347253283417,
            0.0042834596225508935,
            0.003150936285102809,
            0.0019383514912247105,
            0.002413327921250904,
            0.0017168349689907498,
            0.0019529779338174397,
            0.004230453584481169,
            0.0118852312228194,
            0.03967622494738963,
            0.026736482025848496,
            0.008738147039656285,
            0.014520912527762077,
            0.026826993106967872,
            0.04031202266061747,
            0.042192029345918584,
            0.009620557918592735,
            0.015101278274906454,
            0.005279340774372772,
            0.007159485636899869,
            0.0056453747191914806,
            0.006340715082155334,
            0.0034632493500356323,
            0.0029639098431087202,
            0.004895296574708212,
            0.0010223650537362252,
            0.0019183313974213822
        ]
    },
    "train_oa": {
        "type": "index_value",
        "index": [
            10,
            20,
            30,
            40,
            50
        ],
        "value": [
            94.4478643810967,
            97.42873378160812,
            97.64182214224832,
            97.25116014774127,
            97.57079268870157
        ]
    },
    "train_aa": {
        "type": "index_value",
        "index": [
            10,
            20,
            30,
            40,
            50
        ],
        "value": [
            94.82241252890985,
            97.38247770293255,
            97.87564930671935,
            96.48256854816336,
            97.131715896158
        ]
    },
    "train_kappa": {
        "type": "index_value",
        "index": [
            10,
            20,
            30,
            40,
            50
        ],
        "value": [
            92.63268697058871,
            96.5876361286093,
            96.87370903276002,
            96.33813582473063,
            96.76742117895925
        ]
    },
    "param": {
        "data": {
            "data_sign": "Pavia",
            "data_file": "Pavia_60",
            "diffusion_sign": false,
            "patch_size": 13,
            "test_ratio": 0.95,
            "batch_size": 64,
            "num_classes": 9,
            "pca": 30,
            "dim_heads": 64,
            "spectral_size": 30,
            "append_dim": true
        },
        "net": {
            "trainer": "ssftt",
            "conv2d_out": 64,
            "dim": 64
        },
        "train": {
            "epochs": 50,
            "lr": 0.001,
            "weight_decay": 0
        },
        "uniq_name": "pavia_ssftt.json_60_2"
    },
    "eval": {
        "classification": "                      precision    recall  f1-score   support\n\n             Asphalt     0.9845    0.9572    0.9707      6571\n             Meadows     0.9909    0.9918    0.9914     18589\n              Gravel     0.8684    0.9583    0.9112      2039\n               Trees     0.9934    0.9464    0.9693      3004\nPainted_metal_sheets     0.9954    1.0000    0.9977      1285\n           Bare_Soil     0.9649    0.9797    0.9722      4969\n             Bitumen     0.9944    0.9819    0.9881      1270\nSelf_Blocking_Bricks     0.9376    0.9423    0.9400      3622\n\n           micro avg     0.9758    0.9755    0.9757     41349\n           macro avg     0.9662    0.9697    0.9676     41349\n        weighted avg     0.9765    0.9755    0.9758     41349\n",
        "oa": 97.57079268870157,
        "confusion": "[[ 6290    32   157     7     0     0     7    78     0]\n [    0 18437     0     6     0   146     0     0     0]\n [    0     0  1954     0     0     0     0    78     7]\n [    7    60    22  2843     0    13     0    40    19]\n [    0     0     0     0  1285     0     0     0     0]\n [    0    74     0     0     0  4868     0    27     0]\n [    3     0     0     0     0    17  1247     3     0]\n [   87     3   113     6     0     0     0  3413     0]\n [    2     0     4     0     6     1     0     1   873]]",
        "each_acc": "[ 95.72363415  99.18231212  95.83128985  94.64047936 100.\n  97.96739787  98.18897638  94.22970734  98.421646  ]",
        "aa": 97.131715896158,
        "kappa": 96.76742117895925
    }
}