{
    "epoch_loss": {
        "type": "index_value",
        "index": [
            1,
            2,
            3,
            4,
            5,
            6,
            7,
            8,
            9,
            10,
            11,
            12,
            13,
            14,
            15,
            16,
            17,
            18,
            19,
            20,
            21,
            22,
            23,
            24,
            25,
            26,
            27,
            28,
            29,
            30,
            31,
            32,
            33,
            34,
            35,
            36,
            37,
            38,
            39,
            40,
            41,
            42,
            43,
            44,
            45,
            46,
            47,
            48,
            49,
            50
        ],
        "value": [
            1.3101982037226358,
            0.27654684881369274,
            0.11186811129252115,
            0.06736436188220978,
            0.04985651522874832,
            0.04424237459897995,
            0.032693998391429585,
            0.030946938879787923,
            0.020327068058152993,
            0.02846781296345095,
            0.021326486549029747,
            0.014947812492027878,
            0.006062711092332999,
            0.004526301271592577,
            0.005413442159382006,
            0.004279374191537499,
            0.0037470531184226274,
            0.005853178274507324,
            0.011686462559737265,
            0.006657924867856006,
            0.0022543339757248758,
            0.0030967240260603526,
            0.004959930114758511,
            0.015149031152638296,
            0.00901669259959211,
            0.003548721061088145,
            0.0015245558228343726,
            0.0011235902667976916,
            0.001178818770373861,
            0.0008453090442344547,
            0.0007080368852863709,
            0.0007260651444084942,
            0.0005776167789008468,
            0.000574515414579461,
            0.0006167650513816625,
            0.0004939567006658763,
            0.0005577568828205888,
            0.00034205151023343207,
            0.0005477181946237882,
            0.0004035136575112119,
            0.0005089674300203721,
            0.0003279473011692365,
            0.0003152636733526985,
            0.00037246900901664046,
            0.0003982259494174893,
            0.00033682526651925097,
            0.00026174160884693263,
            0.00032580608773666124,
            0.00021371768865113456,
            0.0002481263189110905
        ]
    },
    "train_oa": {
        "type": "index_value",
        "index": [
            10,
            20,
            30,
            40,
            50
        ],
        "value": [
            98.42389362222347,
            98.77748311986308,
            98.93358912148057,
            98.74174801105907,
            98.69660892625402
        ]
    },
    "train_aa": {
        "type": "index_value",
        "index": [
            10,
            20,
            30,
            40,
            50
        ],
        "value": [
            99.29904296077343,
            99.48808260081692,
            99.569097144171,
            99.5313006391185,
            99.5194491112738
        ]
    },
    "train_kappa": {
        "type": "index_value",
        "index": [
            10,
            20,
            30,
            40,
            50
        ],
        "value": [
            98.2417247371602,
            98.63722822374112,
            98.81145598611482,
            98.59789036620606,
            98.54764346017878
        ]
    },
    "param": {
        "data": {
            "data_sign": "Salinas",
            "data_file": "Salinas_60",
            "diffusion_sign": false,
            "patch_size": 13,
            "test_ratio": 0.95,
            "batch_size": 64,
            "num_classes": 16,
            "pca": 30,
            "dim_heads": 64,
            "spectral_size": 30,
            "append_dim": true
        },
        "net": {
            "trainer": "ssftt",
            "conv2d_out": 64,
            "dim": 64
        },
        "train": {
            "epochs": 50,
            "lr": 0.001,
            "weight_decay": 0
        },
        "uniq_name": "salinas_ssftt.json_60_4"
    },
    "eval": {
        "classification": "              precision    recall  f1-score   support\n\n           0     1.0000    1.0000    1.0000      1949\n           1     1.0000    1.0000    1.0000      3666\n           2     1.0000    1.0000    1.0000      1916\n           3     0.9816    1.0000    0.9907      1334\n           4     1.0000    0.9958    0.9979      2618\n           5     1.0000    1.0000    1.0000      3899\n           6     1.0000    0.9991    0.9996      3519\n           7     0.9940    0.9467    0.9698     11211\n           8     1.0000    1.0000    1.0000      6143\n           9     0.9994    1.0000    0.9997      3218\n          10     1.0000    1.0000    1.0000      1008\n          11     0.9968    1.0000    0.9984      1867\n          12     1.0000    0.9918    0.9959       856\n          13     1.0000    1.0000    1.0000      1010\n          14     0.9229    0.9896    0.9551      7208\n\n   micro avg     0.9865    0.9865    0.9865     51422\n   macro avg     0.9930    0.9949    0.9938     51422\nweighted avg     0.9873    0.9865    0.9866     51422\n",
        "oa": 98.69660892625402,
        "confusion": "[[ 1949     0     0     0     0     0     0     0     0     0     0     0\n      0     0     0     0]\n [    0  3666     0     0     0     0     0     0     0     0     0     0\n      0     0     0     0]\n [    0     0  1916     0     0     0     0     0     0     0     0     0\n      0     0     0     0]\n [    0     0     0  1334     0     0     0     0     0     0     0     0\n      0     0     0     0]\n [    0     0     0    11  2607     0     0     0     0     0     0     0\n      0     0     0     0]\n [    0     0     0     0     0  3899     0     0     0     0     0     0\n      0     0     0     0]\n [    0     0     0     0     0     0  3516     3     0     0     0     0\n      0     0     0     0]\n [    0     0     0     0     0     0     0 10614     0     2     0     0\n      0     0   595     0]\n [    0     0     0     0     0     0     0     0  6143     0     0     0\n      0     0     0     0]\n [    0     0     0     0     0     0     0     0     0  3218     0     0\n      0     0     0     0]\n [    0     0     0     0     0     0     0     0     0     0  1008     0\n      0     0     0     0]\n [    0     0     0     0     0     0     0     0     0     0     0  1867\n      0     0     0     0]\n [    0     0     0     0     0     0     0     0     0     0     0     6\n    849     0     1     0]\n [    0     0     0     0     0     0     0     0     0     0     0     0\n      0  1010     0     0]\n [    0     0     0    14     0     0     0    61     0     0     0     0\n      0     0  7133     0]\n [    0     0     0     0     0     0     0     0     0     0     0     0\n      0     0     0  1747]]",
        "each_acc": "[100.         100.         100.         100.          99.57983193\n 100.          99.91474851  94.67487289 100.         100.\n 100.         100.          99.18224299 100.          98.95948946\n 100.        ]",
        "aa": 99.5194491112738,
        "kappa": 98.54764346017878
    }
}