{
    "epoch_loss": {
        "type": "index_value",
        "index": [
            1,
            2,
            3,
            4,
            5,
            6,
            7,
            8,
            9,
            10,
            11,
            12,
            13,
            14,
            15,
            16,
            17,
            18,
            19,
            20,
            21,
            22,
            23,
            24,
            25,
            26,
            27,
            28,
            29,
            30,
            31,
            32,
            33,
            34,
            35,
            36,
            37,
            38,
            39,
            40,
            41,
            42,
            43,
            44,
            45,
            46,
            47,
            48,
            49,
            50
        ],
        "value": [
            2.1371697187423706,
            1.212113094329834,
            0.6995910406112671,
            0.4101690351963043,
            0.2572574973106384,
            0.16897161602973937,
            0.10964666157960892,
            0.07150125354528428,
            0.051868358999490737,
            0.046534006297588346,
            0.032687801867723465,
            0.03238308392465115,
            0.02297569755464792,
            0.023524719662964343,
            0.019284678064286707,
            0.015480542369186879,
            0.016308114863932133,
            0.01432464960962534,
            0.009531687572598457,
            0.007345245499163866,
            0.010641228593885898,
            0.00756582822650671,
            0.02504425784572959,
            0.010960121173411608,
            0.006849924847483635,
            0.006616189423948526,
            0.005680825747549534,
            0.004749154858291149,
            0.0042663899715989825,
            0.003930955473333597,
            0.0028261316940188406,
            0.003092960175126791,
            0.002858393476344645,
            0.0024329931940883396,
            0.0030220485758036377,
            0.0026466296520084144,
            0.002169137238524854,
            0.0024180284701287745,
            0.0020508563378825785,
            0.0018731064163148403,
            0.002085513062775135,
            0.0017758459318429232,
            0.0016733116004616021,
            0.001954102609306574,
            0.0015586464432999492,
            0.001548209460452199,
            0.0014259283663704992,
            0.0015111539047211408,
            0.001468279748223722,
            0.0012078589526936412
        ]
    },
    "train_oa": {
        "type": "index_value",
        "index": [
            10,
            20,
            30,
            40,
            50
        ],
        "value": [
            96.42438997193779,
            96.80722555706295,
            96.63810886654649,
            95.96164210448066,
            96.40952257057369
        ]
    },
    "train_aa": {
        "type": "index_value",
        "index": [
            10,
            20,
            30,
            40,
            50
        ],
        "value": [
            97.97161547098389,
            98.42215828990618,
            98.45686943519401,
            98.21824689398552,
            98.34611705691603
        ]
    },
    "train_kappa": {
        "type": "index_value",
        "index": [
            10,
            20,
            30,
            40,
            50
        ],
        "value": [
            96.01771750073164,
            96.44913957361764,
            96.26074244511828,
            95.51219328096018,
            96.00794198106044
        ]
    },
    "param": {
        "data": {
            "data_sign": "Salinas",
            "data_file": "Salinas_20",
            "diffusion_sign": false,
            "patch_size": 13,
            "test_ratio": 0.95,
            "batch_size": 64,
            "num_classes": 16,
            "pca": 30,
            "dim_heads": 64,
            "spectral_size": 30,
            "append_dim": true
        },
        "net": {
            "trainer": "ssftt",
            "conv2d_out": 64,
            "dim": 64
        },
        "train": {
            "epochs": 50,
            "lr": 0.001,
            "weight_decay": 0
        },
        "uniq_name": "salinas_ssftt.json_20_1"
    },
    "eval": {
        "classification": "              precision    recall  f1-score   support\n\n           0     1.0000    1.0000    1.0000      1989\n           1     1.0000    1.0000    1.0000      3706\n           2     1.0000    1.0000    1.0000      1956\n           3     0.9673    0.9898    0.9784      1374\n           4     0.9915    0.9680    0.9796      2658\n           5     1.0000    1.0000    1.0000      3939\n           6     0.9980    1.0000    0.9990      3559\n           7     0.9783    0.8697    0.9208     11251\n           8     0.9997    1.0000    0.9998      6183\n           9     0.9971    0.9484    0.9722      3258\n          10     1.0000    0.9990    0.9995      1048\n          11     0.9330    1.0000    0.9653      1907\n          12     1.0000    0.9955    0.9978       896\n          13     0.9571    0.9990    0.9776      1050\n          14     0.8305    0.9759    0.8973      7248\n\n   micro avg     0.9629    0.9632    0.9631     52022\n   macro avg     0.9768    0.9830    0.9792     52022\nweighted avg     0.9667    0.9632    0.9634     52022\n",
        "oa": 96.40952257057369,
        "confusion": "[[1989    0    0    0    0    0    0    0    0    0    0    0    0    0\n     0    0]\n [   0 3706    0    0    0    0    0    0    0    0    0    0    0    0\n     0    0]\n [   0    0 1956    0    0    0    0    0    0    0    0    0    0    0\n     0    0]\n [   0    0    0 1360   14    0    0    0    0    0    0    0    0    0\n     0    0]\n [   0    0    0   41 2573    0    7   37    0    0    0    0    0    0\n     0    0]\n [   0    0    0    0    0 3939    0    0    0    0    0    0    0    0\n     0    0]\n [   0    0    0    0    0    0 3559    0    0    0    0    0    0    0\n     0    0]\n [   0    0    0    0    4    0    0 9785    0    0    0    0    0   18\n  1444    0]\n [   0    0    0    0    0    0    0    0 6183    0    0    0    0    0\n     0    0]\n [   0    0    0    0    0    0    0   10    2 3090    0  132    0   23\n     0    1]\n [   0    0    0    0    0    0    0    0    0    0 1047    1    0    0\n     0    0]\n [   0    0    0    0    0    0    0    0    0    0    0 1907    0    0\n     0    0]\n [   0    0    0    0    0    0    0    0    0    0    0    4  892    0\n     0    0]\n [   0    0    0    0    0    0    0    0    0    1    0    0    0 1049\n     0    0]\n [   0    0    0    5    4    0    0  166    0    0    0    0    0    0\n  7073    0]\n [   0    0    0    0    0    0    0    4    0    8    0    0    0    6\n     0 1769]]",
        "each_acc": "[100.         100.         100.          98.98107715  96.80210685\n 100.         100.          86.97004711 100.          94.84346225\n  99.90458015 100.          99.55357143  99.9047619   97.58554084\n  98.99272524]",
        "aa": 98.34611705691603,
        "kappa": 96.00794198106044
    }
}