{
    "epoch_loss": {
        "type": "index_value",
        "index": [
            1,
            2,
            3,
            4,
            5,
            6,
            7,
            8,
            9,
            10,
            11,
            12,
            13,
            14,
            15,
            16,
            17,
            18,
            19,
            20,
            21,
            22,
            23,
            24,
            25,
            26,
            27,
            28,
            29,
            30,
            31,
            32,
            33,
            34,
            35,
            36,
            37,
            38,
            39,
            40,
            41,
            42,
            43,
            44,
            45,
            46,
            47,
            48,
            49,
            50
        ],
        "value": [
            1.2563776424952915,
            0.2189735961811883,
            0.10115508628743035,
            0.059075724333524704,
            0.05510049292019435,
            0.03545247114130429,
            0.02868026154381888,
            0.018107419194919722,
            0.017286626622080803,
            0.01224146139408861,
            0.014744455673332725,
            0.02668154722611819,
            0.0709513512839164,
            0.025107596202620437,
            0.016363829906497682,
            0.009084381848307593,
            0.004609557360942875,
            0.005006303278995412,
            0.003211751254275441,
            0.009518693537185235,
            0.024908024431871515,
            0.00949746714239674,
            0.013088206760585308,
            0.01532767681138856,
            0.022144753406090397,
            0.005941614109490599,
            0.0023377924459055065,
            0.0016549859062901565,
            0.0011315657391345927,
            0.0010221755930355618,
            0.0017836666898801922,
            0.0027321476954966784,
            0.005114206230999636,
            0.004918555112089962,
            0.0017456633521110883,
            0.0007226303918287158,
            0.000582378895653944,
            0.0005106231879575976,
            0.0006477808704533215,
            0.00043283235863782464,
            0.0004924121229643268,
            0.0018209693088595356,
            0.0035006610377292546,
            0.0035815876509462086,
            0.0014358920943258063,
            0.0008323569640716804,
            0.0003002057716782604,
            0.000438336724515206,
            0.003332876111380756,
            0.004552953051669257
        ]
    },
    "train_oa": {
        "type": "index_value",
        "index": [
            10,
            20,
            30,
            40,
            50
        ],
        "value": [
            98.77756607368559,
            99.38123714840876,
            99.54347374974061,
            99.51894961232998,
            99.01526155935785
        ]
    },
    "train_aa": {
        "type": "index_value",
        "index": [
            10,
            20,
            30,
            40,
            50
        ],
        "value": [
            99.43983696708536,
            99.68472571459665,
            99.78983289558418,
            99.78960662605891,
            99.50948546468136
        ]
    },
    "train_kappa": {
        "type": "index_value",
        "index": [
            10,
            20,
            30,
            40,
            50
        ],
        "value": [
            98.63640338493924,
            99.30997872307744,
            99.49078652711948,
            99.46337105722166,
            98.90067878218373
        ]
    },
    "param": {
        "data": {
            "data_sign": "Salinas",
            "data_file": "Salinas_70",
            "diffusion_sign": false,
            "patch_size": 13,
            "test_ratio": 0.95,
            "batch_size": 64,
            "num_classes": 16,
            "pca": 30,
            "dim_heads": 64,
            "spectral_size": 30,
            "append_dim": true
        },
        "net": {
            "trainer": "ssftt",
            "conv2d_out": 64,
            "dim": 64
        },
        "train": {
            "epochs": 50,
            "lr": 0.001,
            "weight_decay": 0
        },
        "uniq_name": "salinas_ssftt.json_70_0"
    },
    "eval": {
        "classification": "              precision    recall  f1-score   support\n\n           0     1.0000    1.0000    1.0000      1939\n           1     1.0000    1.0000    1.0000      3656\n           2     0.9990    1.0000    0.9995      1906\n           3     0.9822    0.9985    0.9903      1324\n           4     0.9992    0.9923    0.9958      2608\n           5     1.0000    1.0000    1.0000      3889\n           6     1.0000    1.0000    1.0000      3509\n           7     0.9593    0.9986    0.9785     11201\n           8     1.0000    0.9998    0.9999      6133\n           9     0.9997    0.9997    0.9997      3208\n          10     1.0000    1.0000    1.0000       998\n          11     0.9989    1.0000    0.9995      1857\n          12     1.0000    1.0000    1.0000       846\n          13     1.0000    1.0000    1.0000      1000\n          14     0.9976    0.9332    0.9643      7198\n\n   micro avg     0.9898    0.9898    0.9898     51272\n   macro avg     0.9957    0.9948    0.9952     51272\nweighted avg     0.9902    0.9898    0.9898     51272\n",
        "oa": 99.01526155935785,
        "confusion": "[[ 1939     0     0     0     0     0     0     0     0     0     0     0\n      0     0     0     0]\n [    0  3656     0     0     0     0     0     0     0     0     0     0\n      0     0     0     0]\n [    0     0  1906     0     0     0     0     0     0     0     0     0\n      0     0     0     0]\n [    0     0     0  1322     2     0     0     0     0     0     0     0\n      0     0     0     0]\n [    0     0     2    18  2588     0     0     0     0     0     0     0\n      0     0     0     0]\n [    0     0     0     0     0  3889     0     0     0     0     0     0\n      0     0     0     0]\n [    0     0     0     0     0     0  3509     0     0     0     0     0\n      0     0     0     0]\n [    0     0     0     0     0     0     0 11185     0     1     0     0\n      0     0    15     0]\n [    0     0     0     0     0     0     0     0  6132     0     0     1\n      0     0     0     0]\n [    0     0     0     0     0     0     0     0     0  3207     0     1\n      0     0     0     0]\n [    0     0     0     0     0     0     0     0     0     0   998     0\n      0     0     0     0]\n [    0     0     0     0     0     0     0     0     0     0     0  1857\n      0     0     0     0]\n [    0     0     0     0     0     0     0     0     0     0     0     0\n    846     0     0     0]\n [    0     0     0     0     0     0     0     0     0     0     0     0\n      0  1000     0     0]\n [    0     0     0     6     0     0     0   475     0     0     0     0\n      0     0  6717     0]\n [    0     0     0     0     0     0     0     0     0     0     0     0\n      0     0     1  1736]]",
        "each_acc": "[100.         100.         100.          99.8489426   99.23312883\n 100.         100.          99.85715561  99.98369477  99.96882793\n 100.         100.         100.         100.          93.31758822\n  99.94242948]",
        "aa": 99.50948546468136,
        "kappa": 98.90067878218373
    }
}