{
    "epoch_loss": {
        "type": "index_value",
        "index": [
            1,
            2,
            3,
            4,
            5,
            6,
            7,
            8,
            9,
            10,
            11,
            12,
            13,
            14,
            15,
            16,
            17,
            18,
            19,
            20,
            21,
            22,
            23,
            24,
            25,
            26,
            27,
            28,
            29,
            30,
            31,
            32,
            33,
            34,
            35,
            36,
            37,
            38,
            39,
            40,
            41,
            42,
            43,
            44,
            45,
            46,
            47,
            48,
            49,
            50
        ],
        "value": [
            1.6179933845996857,
            0.5460274040699005,
            0.19920863583683968,
            0.1058741956949234,
            0.0722434850409627,
            0.05108105391263962,
            0.03215952049940825,
            0.03668385865166783,
            0.025691921450197698,
            0.014243076322600245,
            0.012161528365686536,
            0.008406842965632677,
            0.0073054872918874025,
            0.005594751005992294,
            0.004229635209776461,
            0.00630863995756954,
            0.004142430983483792,
            0.0029110225732438266,
            0.002723968494683504,
            0.00436933203600347,
            0.008944558119401336,
            0.005298130889423191,
            0.0076803384465165435,
            0.008667067531496287,
            0.008877612743526697,
            0.04913790849968791,
            0.01750463031930849,
            0.016872954880818726,
            0.010664430330507457,
            0.02940126517787576,
            0.0396210256498307,
            0.022378161363303662,
            0.01000895849429071,
            0.004669408267363906,
            0.006998369004577398,
            0.004345782566815615,
            0.003344228572677821,
            0.0018907918827608227,
            0.0018114212027285248,
            0.0018154220655560494,
            0.003900187002727762,
            0.0010674481105525046,
            0.0013081262906780467,
            0.001134812628151849,
            0.0013778312772046775,
            0.0008033492253161967,
            0.0012736477481666952,
            0.000857009444735013,
            0.0007139031717088073,
            0.0005015102491597645
        ]
    },
    "train_oa": {
        "type": "index_value",
        "index": [
            10,
            20,
            30,
            40,
            50
        ],
        "value": [
            96.87973228140365,
            96.77690740152181,
            95.69444184785657,
            97.91732879657499,
            97.73224401278767
        ]
    },
    "train_aa": {
        "type": "index_value",
        "index": [
            10,
            20,
            30,
            40,
            50
        ],
        "value": [
            98.88932326182608,
            98.90063310822134,
            97.31527992165631,
            99.1731498076929,
            99.14849666020909
        ]
    },
    "train_kappa": {
        "type": "index_value",
        "index": [
            10,
            20,
            30,
            40,
            50
        ],
        "value": [
            96.53079112973133,
            96.41660523432283,
            95.2117368326538,
            97.6808242852132,
            97.47567184628731
        ]
    },
    "param": {
        "data": {
            "data_sign": "Salinas",
            "data_file": "Salinas_40",
            "diffusion_sign": false,
            "patch_size": 13,
            "test_ratio": 0.95,
            "batch_size": 64,
            "num_classes": 16,
            "pca": 30,
            "dim_heads": 64,
            "spectral_size": 30,
            "append_dim": true
        },
        "net": {
            "trainer": "ssftt",
            "conv2d_out": 64,
            "dim": 64
        },
        "train": {
            "epochs": 50,
            "lr": 0.001,
            "weight_decay": 0
        },
        "uniq_name": "salinas_ssftt.json_40_0"
    },
    "eval": {
        "classification": "              precision    recall  f1-score   support\n\n           0     1.0000    1.0000    1.0000      1969\n           1     1.0000    1.0000    1.0000      3686\n           2     1.0000    1.0000    1.0000      1936\n           3     0.9475    0.9993    0.9727      1354\n           4     0.9996    0.9901    0.9949      2638\n           5     0.9997    1.0000    0.9999      3919\n           6     1.0000    0.9997    0.9999      3539\n           7     0.9793    0.9204    0.9489     11231\n           8     0.9990    1.0000    0.9995      6163\n           9     0.9793    0.9938    0.9865      3238\n          10     0.9875    1.0000    0.9937      1028\n          11     0.9798    1.0000    0.9898      1887\n          12     1.0000    1.0000    1.0000       876\n          13     0.9981    0.9981    0.9981      1030\n          14     0.8982    0.9629    0.9294      7228\n\n   micro avg     0.9765    0.9766    0.9766     51722\n   macro avg     0.9845    0.9910    0.9875     51722\nweighted avg     0.9774    0.9766    0.9766     51722\n",
        "oa": 97.73224401278767,
        "confusion": "[[ 1969     0     0     0     0     0     0     0     0     0     0     0\n      0     0     0     0]\n [    0  3686     0     0     0     0     0     0     0     0     0     0\n      0     0     0     0]\n [    0     0  1936     0     0     0     0     0     0     0     0     0\n      0     0     0     0]\n [    0     0     0  1353     1     0     0     0     0     0     0     0\n      0     0     0     0]\n [    0     0     0    26  2612     0     0     0     0     0     0     0\n      0     0     0     0]\n [    0     0     0     0     0  3919     0     0     0     0     0     0\n      0     0     0     0]\n [    0     0     0     0     0     1  3538     0     0     0     0     0\n      0     0     0     0]\n [    0     0     0     0     0     0     0 10337     0    66     0    39\n      0     1   788     0]\n [    0     0     0     0     0     0     0     0  6163     0     0     0\n      0     0     0     0]\n [    0     0     0     0     0     0     0     0     6  3218    13     0\n      0     0     1     0]\n [    0     0     0     0     0     0     0     0     0     0  1028     0\n      0     0     0     0]\n [    0     0     0     0     0     0     0     0     0     0     0  1887\n      0     0     0     0]\n [    0     0     0     0     0     0     0     0     0     0     0     0\n    876     0     0     0]\n [    0     0     0     0     0     0     0     0     0     2     0     0\n      0  1028     0     0]\n [    0     0     0    49     0     0     0   219     0     0     0     0\n      0     0  6960     0]\n [    0     0     0     0     0     0     0     0     0     0     0     0\n      0     1     0  1766]]",
        "each_acc": "[100.         100.         100.          99.92614476  99.01440485\n 100.          99.97174343  92.03988959 100.          99.38233477\n 100.         100.         100.          99.80582524  96.29219701\n  99.9434069 ]",
        "aa": 99.14849666020909,
        "kappa": 97.47567184628731
    }
}