{
    "epoch_loss": {
        "type": "index_value",
        "index": [
            1,
            2,
            3,
            4,
            5,
            6,
            7,
            8,
            9,
            10,
            11,
            12,
            13,
            14,
            15,
            16,
            17,
            18,
            19,
            20,
            21,
            22,
            23,
            24,
            25,
            26,
            27,
            28,
            29,
            30,
            31,
            32,
            33,
            34,
            35,
            36,
            37,
            38,
            39,
            40,
            41,
            42,
            43,
            44,
            45,
            46,
            47,
            48,
            49,
            50
        ],
        "value": [
            1.3394517643111092,
            0.266816580082689,
            0.10008126071521214,
            0.0810311863997153,
            0.05730026374970164,
            0.031492232637746,
            0.025661701868687357,
            0.03096374576645238,
            0.07130788442279612,
            0.060706690778689724,
            0.027709407385970865,
            0.010963339198912894,
            0.012190407927014998,
            0.01075691822251039,
            0.003930968352194343,
            0.002340442088565656,
            0.002420576854741999,
            0.001848258460605783,
            0.0018506874563172459,
            0.0014147332603377954,
            0.0027195355056652,
            0.001966040248849562,
            0.010765693562903574,
            0.006203986072380628,
            0.012784563304324235,
            0.00436261371110699,
            0.0027982627440776143,
            0.003048266583521451,
            0.00240445980203471,
            0.0010691171512007714,
            0.0008515384879761509,
            0.0007388136432772236,
            0.0005793562084103802,
            0.0004937978710846178,
            0.0007365736345361386,
            0.0038082172944476564,
            0.012259683245792985,
            0.0054596074125064275,
            0.004672910482622683,
            0.0031687269635897663,
            0.001168457417017115,
            0.0007942327564316136,
            0.0006583253212738782,
            0.0006635564919893763,
            0.0005157058110593685,
            0.00035850969392673245,
            0.00031577012850902975,
            0.0002471667265386454,
            0.0002431899986861806,
            0.0002677532391057217
        ]
    },
    "train_oa": {
        "type": "index_value",
        "index": [
            10,
            20,
            30,
            40,
            50
        ],
        "value": [
            96.18743986870155,
            99.34162123413005,
            99.39066950895132,
            99.45292308853215,
            99.34350770623857
        ]
    },
    "train_aa": {
        "type": "index_value",
        "index": [
            10,
            20,
            30,
            40,
            50
        ],
        "value": [
            98.03787397016187,
            99.59373006595101,
            99.68356656703266,
            99.69684910203993,
            99.63725631122047
        ]
    },
    "train_kappa": {
        "type": "index_value",
        "index": [
            10,
            20,
            30,
            40,
            50
        ],
        "value": [
            95.73396863494523,
            99.26544209528458,
            99.32027588064486,
            99.38970874400137,
            99.26748516627474
        ]
    },
    "param": {
        "data": {
            "data_sign": "Salinas",
            "data_file": "Salinas_70",
            "diffusion_sign": false,
            "patch_size": 13,
            "test_ratio": 0.95,
            "batch_size": 64,
            "num_classes": 16,
            "pca": 30,
            "dim_heads": 64,
            "spectral_size": 30,
            "append_dim": true
        },
        "net": {
            "trainer": "ssftt",
            "conv2d_out": 64,
            "dim": 64
        },
        "train": {
            "epochs": 50,
            "lr": 0.001,
            "weight_decay": 0
        },
        "uniq_name": "salinas_ssftt.json_70_3"
    },
    "eval": {
        "classification": "              precision    recall  f1-score   support\n\n           0     1.0000    1.0000    1.0000      1939\n           1     1.0000    1.0000    1.0000      3656\n           2     1.0000    1.0000    1.0000      1906\n           3     0.9713    0.9985    0.9847      1324\n           4     0.9992    0.9935    0.9963      2608\n           5     1.0000    1.0000    1.0000      3889\n           6     1.0000    1.0000    1.0000      3509\n           7     0.9798    0.9941    0.9869     11201\n           8     0.9993    1.0000    0.9997      6133\n           9     0.9972    0.9988    0.9980      3208\n          10     1.0000    1.0000    1.0000       998\n          11     1.0000    1.0000    1.0000      1857\n          12     1.0000    1.0000    1.0000       846\n          13     1.0000    0.9920    0.9960      1000\n          14     0.9910    0.9651    0.9779      7198\n\n   micro avg     0.9933    0.9932    0.9932     51272\n   macro avg     0.9959    0.9961    0.9960     51272\nweighted avg     0.9933    0.9932    0.9932     51272\n",
        "oa": 99.34350770623857,
        "confusion": "[[ 1939     0     0     0     0     0     0     0     0     0     0     0\n      0     0     0     0]\n [    0  3656     0     0     0     0     0     0     0     0     0     0\n      0     0     0     0]\n [    0     0  1906     0     0     0     0     0     0     0     0     0\n      0     0     0     0]\n [    0     0     0  1322     2     0     0     0     0     0     0     0\n      0     0     0     0]\n [    0     0     0    17  2591     0     0     0     0     0     0     0\n      0     0     0     0]\n [    0     0     0     0     0  3889     0     0     0     0     0     0\n      0     0     0     0]\n [    0     0     0     0     0     0  3509     0     0     0     0     0\n      0     0     0     0]\n [    0     0     0     0     0     0     0 11135     0     1     0     0\n      0     0    63     2]\n [    0     0     0     0     0     0     0     0  6133     0     0     0\n      0     0     0     0]\n [    0     0     0     0     0     0     0     0     4  3204     0     0\n      0     0     0     0]\n [    0     0     0     0     0     0     0     0     0     0   998     0\n      0     0     0     0]\n [    0     0     0     0     0     0     0     0     0     0     0  1857\n      0     0     0     0]\n [    0     0     0     0     0     0     0     0     0     0     0     0\n    846     0     0     0]\n [    0     0     0     0     0     0     0     0     0     8     0     0\n      0   992     0     0]\n [    0     0     0    22     0     0     0   229     0     0     0     0\n      0     0  6947     0]\n [    0     0     0     0     0     0     0     0     0     0     0     0\n      0     0     0  1737]]",
        "each_acc": "[100.         100.         100.          99.8489426   99.34815951\n 100.         100.          99.4107669  100.          99.87531172\n 100.         100.         100.          99.2         96.51292026\n 100.        ]",
        "aa": 99.63725631122047,
        "kappa": 99.26748516627474
    }
}