{
    "epoch_loss": {
        "type": "index_value",
        "index": [
            1,
            2,
            3,
            4,
            5,
            6,
            7,
            8,
            9,
            10,
            11,
            12,
            13,
            14,
            15,
            16,
            17,
            18,
            19,
            20,
            21,
            22,
            23,
            24,
            25,
            26,
            27,
            28,
            29,
            30,
            31,
            32,
            33,
            34,
            35,
            36,
            37,
            38,
            39,
            40,
            41,
            42,
            43,
            44,
            45,
            46,
            47,
            48,
            49,
            50
        ],
        "value": [
            1.678066724538803,
            0.6042699873447418,
            0.2402285546064377,
            0.11690874472260475,
            0.08410630747675896,
            0.047318688593804836,
            0.04077019868418574,
            0.023591795470565557,
            0.019450044818222524,
            0.013382930727675556,
            0.014617700269445777,
            0.00973109076730907,
            0.01063970010727644,
            0.04262532209977508,
            0.033021554723381995,
            0.008835582388564944,
            0.009134508343413473,
            0.008142988290637731,
            0.006027502403594553,
            0.003427664213813841,
            0.003358372766524553,
            0.002224698232021183,
            0.002194959158077836,
            0.002251664234790951,
            0.0015543021843768656,
            0.001845810131635517,
            0.0018446217523887753,
            0.0015254918020218612,
            0.0012796432478353382,
            0.0013223915360867978,
            0.0012240586744155734,
            0.0012902065296657383,
            0.001103440421866253,
            0.0011428116355091333,
            0.001029415737139061,
            0.001149836869444698,
            0.0010588496807031333,
            0.0011346441984642296,
            0.000678239596891217,
            0.0008240645984187722,
            0.0007699709851294756,
            0.0007856072625145316,
            0.0007109779631718993,
            0.0007513450836995617,
            0.0007362119707977399,
            0.0006421813159249723,
            0.0008791412721620873,
            0.0006031432974850758,
            0.0005423357477411627,
            0.0005550205998588354
        ]
    },
    "train_oa": {
        "type": "index_value",
        "index": [
            10,
            20,
            30,
            40,
            50
        ],
        "value": [
            97.2947708874722,
            97.67054908485858,
            96.69464749761633,
            97.49294247415357,
            96.92086223335639
        ]
    },
    "train_aa": {
        "type": "index_value",
        "index": [
            10,
            20,
            30,
            40,
            50
        ],
        "value": [
            98.8879859279189,
            99.10946159402138,
            98.88135510049601,
            99.084856674007,
            98.93394816935314
        ]
    },
    "train_kappa": {
        "type": "index_value",
        "index": [
            10,
            20,
            30,
            40,
            50
        ],
        "value": [
            96.98807505404838,
            97.40677227737609,
            96.32430691892748,
            97.2096073066843,
            96.57514306441225
        ]
    },
    "param": {
        "data": {
            "data_sign": "Salinas",
            "data_file": "Salinas_40",
            "diffusion_sign": false,
            "patch_size": 13,
            "test_ratio": 0.95,
            "batch_size": 64,
            "num_classes": 16,
            "pca": 30,
            "dim_heads": 64,
            "spectral_size": 30,
            "append_dim": true
        },
        "net": {
            "trainer": "ssftt",
            "conv2d_out": 64,
            "dim": 64
        },
        "train": {
            "epochs": 50,
            "lr": 0.001,
            "weight_decay": 0
        },
        "uniq_name": "salinas_ssftt.json_40_1"
    },
    "eval": {
        "classification": "              precision    recall  f1-score   support\n\n           0     1.0000    1.0000    1.0000      1969\n           1     1.0000    1.0000    1.0000      3686\n           2     0.9959    1.0000    0.9979      1936\n           3     0.9776    0.9985    0.9879      1354\n           4     0.9939    0.9890    0.9914      2638\n           5     1.0000    1.0000    1.0000      3919\n           6     1.0000    1.0000    1.0000      3539\n           7     0.9857    0.8717    0.9252     11231\n           8     1.0000    1.0000    1.0000      6163\n           9     0.9917    0.9975    0.9946      3238\n          10     1.0000    1.0000    1.0000      1028\n          11     0.9958    0.9995    0.9976      1887\n          12     0.9989    1.0000    0.9994       876\n          13     0.9932    0.9990    0.9961      1030\n          14     0.8344    0.9781    0.9006      7228\n\n   micro avg     0.9682    0.9683    0.9683     51722\n   macro avg     0.9845    0.9889    0.9861     51722\nweighted avg     0.9719    0.9683    0.9685     51722\n",
        "oa": 96.92086223335639,
        "confusion": "[[1969    0    0    0    0    0    0    0    0    0    0    0    0    0\n     0    0]\n [   0 3686    0    0    0    0    0    0    0    0    0    0    0    0\n     0    0]\n [   0    0 1936    0    0    0    0    0    0    0    0    0    0    0\n     0    0]\n [   0    0    0 1352    2    0    0    0    0    0    0    0    0    0\n     0    0]\n [   0    0    0   29 2609    0    0    0    0    0    0    0    0    0\n     0    0]\n [   0    0    0    0    0 3919    0    0    0    0    0    0    0    0\n     0    0]\n [   0    0    0    0    0    0 3539    0    0    0    0    0    0    0\n     0    0]\n [   0    0    8    0    0    0    0 9790    0   26    0    0    0    0\n  1403    4]\n [   0    0    0    0    0    0    0    0 6163    0    0    0    0    0\n     0    0]\n [   0    0    0    0    0    0    0    0    0 3230    0    8    0    0\n     0    0]\n [   0    0    0    0    0    0    0    0    0    0 1028    0    0    0\n     0    0]\n [   0    0    0    0    0    0    0    0    0    0    0 1886    1    0\n     0    0]\n [   0    0    0    0    0    0    0    0    0    0    0    0  876    0\n     0    0]\n [   0    0    0    0    0    0    0    0    0    1    0    0    0 1029\n     0    0]\n [   0    0    0    2   14    0    0  142    0    0    0    0    0    0\n  7070    0]\n [   0    0    0    0    0    0    0    0    0    0    0    0    0    7\n     0 1760]]",
        "each_acc": "[100.         100.         100.          99.85228951  98.90068234\n 100.         100.          87.16944172 100.          99.75293391\n 100.          99.94700583 100.          99.90291262  97.81405645\n  99.60384833]",
        "aa": 98.93394816935314,
        "kappa": 96.57514306441225
    }
}