{
    "epoch_loss": {
        "type": "index_value",
        "index": [
            1,
            2,
            3,
            4,
            5,
            6,
            7,
            8,
            9,
            10,
            11,
            12,
            13,
            14,
            15,
            16,
            17,
            18,
            19,
            20,
            21,
            22,
            23,
            24,
            25,
            26,
            27,
            28,
            29,
            30,
            31,
            32,
            33,
            34,
            35,
            36,
            37,
            38,
            39,
            40,
            41,
            42,
            43,
            44,
            45,
            46,
            47,
            48,
            49,
            50
        ],
        "value": [
            1.128276988863945,
            0.19026519358158112,
            0.07136105494573712,
            0.05339008439332247,
            0.03556578769348562,
            0.022371716657653452,
            0.017248142417520283,
            0.01964612656738609,
            0.013233839231543244,
            0.01314843479776755,
            0.01684564001625404,
            0.01570496547501534,
            0.015586198354139925,
            0.007761332963127643,
            0.006281694042263553,
            0.006831321259960532,
            0.005482057179324329,
            0.00290221065224614,
            0.038114777745795435,
            0.030484173056902365,
            0.007066324382321909,
            0.0049024291045498105,
            0.011721410296740942,
            0.002912809859844856,
            0.008030083554331213,
            0.03683213402982801,
            0.011456851055845619,
            0.0017753492575138807,
            0.0013731978950090706,
            0.001036562914669048,
            0.0006274674116866664,
            0.0007475631980923935,
            0.0005402783048339188,
            0.0011484474103781394,
            0.00045115250250091774,
            0.00046114786673570054,
            0.00036645238651544787,
            0.0004537160617474001,
            0.00035585707446443847,
            0.0003996948129497468,
            0.0003323258009913843,
            0.0003340526323881932,
            0.00023557003041787538,
            0.0002533591177780181,
            0.00024163485650205985,
            0.0002472439628036227,
            0.0008889924822142348,
            0.007600089576590108,
            0.0014474766176135745,
            0.00045694186628679744
        ]
    },
    "train_oa": {
        "type": "index_value",
        "index": [
            10,
            20,
            30,
            40,
            50
        ],
        "value": [
            98.79278699691574,
            97.15037181403622,
            98.9347007511968,
            99.00471153664213,
            98.908210183731
        ]
    },
    "train_aa": {
        "type": "index_value",
        "index": [
            10,
            20,
            30,
            40,
            50
        ],
        "value": [
            99.51336620924275,
            98.64636923918815,
            99.5684234353371,
            99.60233196594314,
            99.5671419408598
        ]
    },
    "train_kappa": {
        "type": "index_value",
        "index": [
            10,
            20,
            30,
            40,
            50
        ],
        "value": [
            98.65363324691445,
            96.81479748035625,
            98.81188958939197,
            98.88950342403331,
            98.78211029610628
        ]
    },
    "param": {
        "data": {
            "data_sign": "Salinas",
            "data_file": "Salinas_80",
            "diffusion_sign": false,
            "patch_size": 13,
            "test_ratio": 0.95,
            "batch_size": 64,
            "num_classes": 16,
            "pca": 30,
            "dim_heads": 64,
            "spectral_size": 30,
            "append_dim": true
        },
        "net": {
            "trainer": "ssftt",
            "conv2d_out": 64,
            "dim": 64
        },
        "train": {
            "epochs": 50,
            "lr": 0.001,
            "weight_decay": 0
        },
        "uniq_name": "salinas_ssftt.json_80_2"
    },
    "eval": {
        "classification": "              precision    recall  f1-score   support\n\n           0     1.0000    0.9990    0.9995      1929\n           1     0.9995    1.0000    0.9997      3646\n           2     1.0000    1.0000    1.0000      1896\n           3     0.9850    1.0000    0.9924      1314\n           4     1.0000    0.9973    0.9987      2598\n           5     1.0000    1.0000    1.0000      3879\n           6     1.0000    1.0000    1.0000      3499\n           7     0.9828    0.9681    0.9754     11191\n           8     1.0000    1.0000    1.0000      6123\n           9     0.9904    0.9994    0.9949      3198\n          10     1.0000    1.0000    1.0000       988\n          11     1.0000    1.0000    1.0000      1847\n          12     0.9976    1.0000    0.9988       836\n          13     0.9990    0.9960    0.9975       990\n          14     0.9549    0.9716    0.9632      7188\n\n   micro avg     0.9887    0.9887    0.9887     51122\n   macro avg     0.9939    0.9954    0.9947     51122\nweighted avg     0.9888    0.9887    0.9887     51122\n",
        "oa": 98.908210183731,
        "confusion": "[[ 1927     2     0     0     0     0     0     0     0     0     0     0\n      0     0     0     0]\n [    0  3646     0     0     0     0     0     0     0     0     0     0\n      0     0     0     0]\n [    0     0  1896     0     0     0     0     0     0     0     0     0\n      0     0     0     0]\n [    0     0     0  1314     0     0     0     0     0     0     0     0\n      0     0     0     0]\n [    0     0     0     7  2591     0     0     0     0     0     0     0\n      0     0     0     0]\n [    0     0     0     0     0  3879     0     0     0     0     0     0\n      0     0     0     0]\n [    0     0     0     0     0     0  3499     0     0     0     0     0\n      0     0     0     0]\n [    0     0     0     0     0     0     0 10834     0    27     0     0\n      0     0   329     1]\n [    0     0     0     0     0     0     0     0  6123     0     0     0\n      0     0     0     0]\n [    0     0     0     0     0     0     0     1     0  3196     0     0\n      0     1     0     0]\n [    0     0     0     0     0     0     0     0     0     0   988     0\n      0     0     0     0]\n [    0     0     0     0     0     0     0     0     0     0     0  1847\n      0     0     0     0]\n [    0     0     0     0     0     0     0     0     0     0     0     0\n    836     0     0     0]\n [    0     0     0     0     0     0     0     0     0     2     0     0\n      2   986     0     0]\n [    0     0     0    13     0     0     0   189     0     2     0     0\n      0     0  6984     0]\n [    0     0     0     0     0     0     0     0     0     0     0     0\n      0     0     1  1726]]",
        "each_acc": "[ 99.89631934 100.         100.         100.          99.73056197\n 100.         100.          96.80993656 100.          99.93746091\n 100.         100.         100.          99.5959596   97.16193656\n  99.94209612]",
        "aa": 99.5671419408598,
        "kappa": 98.78211029610628
    }
}