{
    "epoch_loss": {
        "type": "index_value",
        "index": [
            1,
            2,
            3,
            4,
            5,
            6,
            7,
            8,
            9,
            10,
            11,
            12,
            13,
            14,
            15,
            16,
            17,
            18,
            19,
            20,
            21,
            22,
            23,
            24,
            25,
            26,
            27,
            28,
            29,
            30,
            31,
            32,
            33,
            34,
            35,
            36,
            37,
            38,
            39,
            40,
            41,
            42,
            43,
            44,
            45,
            46,
            47,
            48,
            49,
            50
        ],
        "value": [
            1.4873345923423766,
            0.3785797810554504,
            0.11180057436227799,
            0.058685138970613476,
            0.034829693883657455,
            0.033594251796603206,
            0.019623775538057088,
            0.018317106105387213,
            0.015197307839989661,
            0.05622607324272394,
            0.04248834945261479,
            0.021300704516470433,
            0.013294479846954345,
            0.006371362088248134,
            0.0062384183518588545,
            0.005082868793979287,
            0.003675154335796833,
            0.0026028569880872966,
            0.0027820480708032847,
            0.0020204027090221645,
            0.0017119877645745873,
            0.0018920338107272982,
            0.001556739117950201,
            0.0013191957306116818,
            0.0013166734063997864,
            0.0011399848200380801,
            0.0010489463759586215,
            0.0009679962415248156,
            0.0009397070691920817,
            0.0010045727342367172,
            0.0008512428659014404,
            0.0008537296787835657,
            0.0009748248802497983,
            0.0007943544210866093,
            0.0009659646078944206,
            0.0006842492241412401,
            0.0005790992360562086,
            0.0005460842396132648,
            0.0004750138043891638,
            0.0005079692997969687,
            0.00041552380775101484,
            0.0004925447911955416,
            0.0004550861823372543,
            0.00045328716281801463,
            0.0003722616261802614,
            0.00046122387051582335,
            0.000347651585470885,
            0.0006127011298667639,
            0.00036632251692935824,
            0.000320010632276535
        ]
    },
    "train_oa": {
        "type": "index_value",
        "index": [
            10,
            20,
            30,
            40,
            50
        ],
        "value": [
            95.59151681074087,
            97.92233118940914,
            97.92795664647753,
            97.86982692343753,
            97.93733240825817
        ]
    },
    "train_aa": {
        "type": "index_value",
        "index": [
            10,
            20,
            30,
            40,
            50
        ],
        "value": [
            98.02323844083283,
            99.10273482639955,
            99.12975726842855,
            99.07671169899179,
            99.10981303712919
        ]
    },
    "train_kappa": {
        "type": "index_value",
        "index": [
            10,
            20,
            30,
            40,
            50
        ],
        "value": [
            95.08154613032511,
            97.68458235841047,
            97.69161237796496,
            97.62645852951168,
            97.70162037469878
        ]
    },
    "param": {
        "data": {
            "data_sign": "Salinas",
            "data_file": "Salinas_50",
            "diffusion_sign": false,
            "patch_size": 13,
            "test_ratio": 0.95,
            "batch_size": 64,
            "num_classes": 16,
            "pca": 30,
            "dim_heads": 64,
            "spectral_size": 30,
            "append_dim": true
        },
        "net": {
            "trainer": "ssftt",
            "conv2d_out": 64,
            "dim": 64
        },
        "train": {
            "epochs": 50,
            "lr": 0.001,
            "weight_decay": 0
        },
        "uniq_name": "salinas_ssftt.json_50_1"
    },
    "eval": {
        "classification": "              precision    recall  f1-score   support\n\n           0     1.0000    1.0000    1.0000      1959\n           1     1.0000    1.0000    1.0000      3676\n           2     1.0000    1.0000    1.0000      1926\n           3     0.9838    0.9963    0.9900      1344\n           4     0.9876    1.0000    0.9938      2628\n           5     0.9990    1.0000    0.9995      3909\n           6     1.0000    0.9989    0.9994      3529\n           7     0.9641    0.9443    0.9541     11221\n           8     0.9992    1.0000    0.9996      6153\n           9     0.9471    0.9709    0.9588      3228\n          10     1.0000    1.0000    1.0000      1018\n          11     0.9942    0.9989    0.9965      1877\n          12     0.9965    1.0000    0.9983       866\n          13     0.9990    1.0000    0.9995      1020\n          14     0.9382    0.9489    0.9435      7218\n\n   micro avg     0.9787    0.9787    0.9787     51572\n   macro avg     0.9872    0.9905    0.9889     51572\nweighted avg     0.9787    0.9787    0.9787     51572\n",
        "oa": 97.93733240825817,
        "confusion": "[[ 1959     0     0     0     0     0     0     0     0     0     0     0\n      0     0     0     0]\n [    0  3676     0     0     0     0     0     0     0     0     0     0\n      0     0     0     0]\n [    0     0  1926     0     0     0     0     0     0     0     0     0\n      0     0     0     0]\n [    0     0     0  1339     5     0     0     0     0     0     0     0\n      0     0     0     0]\n [    0     0     0     0  2628     0     0     0     0     0     0     0\n      0     0     0     0]\n [    0     0     0     0     0  3909     0     0     0     0     0     0\n      0     0     0     0]\n [    0     0     0     0     0     4  3525     0     0     0     0     0\n      0     0     0     0]\n [    0     0     0     0     0     0     0 10596     0   175     0     0\n      0     0   450     0]\n [    0     0     0     0     0     0     0     0  6153     0     0     0\n      0     0     0     0]\n [    0     0     0     0    15     0     0    61     5  3134     0    11\n      0     1     1     0]\n [    0     0     0     0     0     0     0     0     0     0  1018     0\n      0     0     0     0]\n [    0     0     0     0     0     0     0     0     0     0     0  1875\n      2     0     0     0]\n [    0     0     0     0     0     0     0     0     0     0     0     0\n    866     0     0     0]\n [    0     0     0     0     0     0     0     0     0     0     0     0\n      0  1020     0     0]\n [    0     0     0    22    13     0     0   334     0     0     0     0\n      0     0  6849     0]\n [    0     0     0     0     0     0     0     0     0     0     0     0\n      1     0     0  1756]]",
        "each_acc": "[100.         100.         100.          99.62797619 100.\n 100.          99.88665344  94.43008645 100.          97.08798017\n 100.          99.89344699 100.         100.          94.88778055\n  99.9430848 ]",
        "aa": 99.10981303712919,
        "kappa": 97.70162037469878
    }
}