{
    "epoch_loss": {
        "type": "index_value",
        "index": [
            1,
            2,
            3,
            4,
            5,
            6,
            7,
            8,
            9,
            10,
            11,
            12,
            13,
            14,
            15,
            16,
            17,
            18,
            19,
            20,
            21,
            22,
            23,
            24,
            25,
            26,
            27,
            28,
            29,
            30,
            31,
            32,
            33,
            34,
            35,
            36,
            37,
            38,
            39,
            40,
            41,
            42,
            43,
            44,
            45,
            46,
            47,
            48,
            49,
            50
        ],
        "value": [
            2.1292930603027345,
            1.2333122849464417,
            0.7121620178222656,
            0.42607407569885253,
            0.2273794800043106,
            0.16471063494682311,
            0.09222041517496109,
            0.06648481860756875,
            0.05742227546870708,
            0.030532693862915038,
            0.028824007697403432,
            0.016741961427032947,
            0.014285673014819622,
            0.011174239590764046,
            0.00869505675509572,
            0.007465420570224523,
            0.006811867840588093,
            0.007538587134331465,
            0.005801437236368656,
            0.00606488473713398,
            0.0052374862134456635,
            0.00479284948669374,
            0.004066333500668406,
            0.003445260226726532,
            0.0037182636559009554,
            0.0035502636805176736,
            0.003651599446311593,
            0.0026255521923303606,
            0.003073376603424549,
            0.0029122954234480857,
            0.0027728449553251267,
            0.002597995614632964,
            0.0024345854530110956,
            0.002536297310143709,
            0.0027412885334342717,
            0.0021916030906140803,
            0.002074165642261505,
            0.0018198052421212196,
            0.0019136082148179412,
            0.0019075585529208182,
            0.0016326175769791006,
            0.0018425167538225651,
            0.001587150921113789,
            0.0016091319266706705,
            0.0016721814638003707,
            0.0017618561396375299,
            0.0012805831851437689,
            0.001739255734719336,
            0.0018345111282542347,
            0.0013859210768714548
        ]
    },
    "train_oa": {
        "type": "index_value",
        "index": [
            10,
            20,
            30,
            40,
            50
        ],
        "value": [
            96.13447564533814,
            96.47270902637105,
            96.43182367261983,
            96.44483264881339,
            95.31119329480198
        ]
    },
    "train_aa": {
        "type": "index_value",
        "index": [
            10,
            20,
            30,
            40,
            50
        ],
        "value": [
            97.69229285704782,
            98.26093925612447,
            98.28891166940645,
            98.29818122687661,
            97.99576817349434
        ]
    },
    "train_kappa": {
        "type": "index_value",
        "index": [
            10,
            20,
            30,
            40,
            50
        ],
        "value": [
            95.69066222634751,
            96.07771050946134,
            96.03244511071392,
            96.0466864892848,
            94.79303647634858
        ]
    },
    "param": {
        "data": {
            "data_sign": "Salinas",
            "data_file": "Salinas_20",
            "diffusion_sign": false,
            "patch_size": 13,
            "test_ratio": 0.95,
            "batch_size": 64,
            "num_classes": 16,
            "pca": 30,
            "dim_heads": 64,
            "spectral_size": 30,
            "append_dim": true
        },
        "net": {
            "trainer": "ssftt",
            "conv2d_out": 64,
            "dim": 64
        },
        "train": {
            "epochs": 50,
            "lr": 0.001,
            "weight_decay": 0
        },
        "uniq_name": "salinas_ssftt.json_20_4"
    },
    "eval": {
        "classification": "              precision    recall  f1-score   support\n\n           0     1.0000    1.0000    1.0000      1989\n           1     1.0000    1.0000    1.0000      3706\n           2     0.9904    1.0000    0.9952      1956\n           3     0.9807    0.9978    0.9892      1374\n           4     0.9854    0.9898    0.9876      2658\n           5     1.0000    0.9909    0.9954      3939\n           6     0.9897    1.0000    0.9948      3559\n           7     0.9860    0.8209    0.8959     11251\n           8     0.9969    1.0000    0.9985      6183\n           9     0.9926    0.9076    0.9482      3258\n          10     0.9953    1.0000    0.9976      1048\n          11     0.9051    1.0000    0.9502      1907\n          12     1.0000    1.0000    1.0000       896\n          13     0.9305    0.9943    0.9613      1050\n          14     0.7862    0.9825    0.8735      7248\n\n   micro avg     0.9517    0.9517    0.9517     52022\n   macro avg     0.9693    0.9789    0.9725     52022\nweighted avg     0.9591    0.9517    0.9520     52022\n",
        "oa": 95.31119329480198,
        "confusion": "[[1989    0    0    0    0    0    0    0    0    0    0    0    0    0\n     0    0]\n [   0 3706    0    0    0    0    0    0    0    0    0    0    0    0\n     0    0]\n [   0    0 1956    0    0    0    0    0    0    0    0    0    0    0\n     0    0]\n [   0    0    0 1371    3    0    0    0    0    0    0    0    0    0\n     0    0]\n [   0    0    0   27 2631    0    0    0    0    0    0    0    0    0\n     0    0]\n [   0    0    0    0    0 3903   36    0    0    0    0    0    0    0\n     0    0]\n [   0    0    0    0    0    0 3559    0    0    0    0    0    0    0\n     0    0]\n [   0    0    0    0    0    0    1 9236    2   22    0   42    0    2\n  1936   10]\n [   0    0    0    0    0    0    0    0 6183    0    0    0    0    0\n     0    0]\n [   0    0   19    0    0    0    0   39   17 2957    0  158    0   68\n     0    0]\n [   0    0    0    0    0    0    0    0    0    0 1048    0    0    0\n     0    0]\n [   0    0    0    0    0    0    0    0    0    0    0 1907    0    0\n     0    0]\n [   0    0    0    0    0    0    0    0    0    0    0    0  896    0\n     0    0]\n [   0    0    0    0    0    0    0    1    0    0    5    0    0 1044\n     0    0]\n [   0    0    0    0   36    0    0   91    0    0    0    0    0    0\n  7121    0]\n [   0    0    0    0    0    0    0    0    0    0    0    0    0    8\n     0 1779]]",
        "each_acc": "[100.         100.         100.          99.78165939  98.98419865\n  99.08606245 100.          82.09048085 100.          90.76120319\n 100.         100.         100.          99.42857143  98.24779249\n  99.55232233]",
        "aa": 97.99576817349434,
        "kappa": 94.79303647634858
    }
}