{
    "epoch_loss": {
        "type": "index_value",
        "index": [
            1,
            2,
            3,
            4,
            5,
            6,
            7,
            8,
            9,
            10,
            11,
            12,
            13,
            14,
            15,
            16,
            17,
            18,
            19,
            20,
            21,
            22,
            23,
            24,
            25,
            26,
            27,
            28,
            29,
            30,
            31,
            32,
            33,
            34,
            35,
            36,
            37,
            38,
            39,
            40,
            41,
            42,
            43,
            44,
            45,
            46,
            47,
            48,
            49,
            50
        ],
        "value": [
            2.6140827178955077,
            1.6670326948165894,
            1.2089282512664794,
            0.9010319113731384,
            0.6410195469856262,
            0.4756190061569214,
            0.3389987051486969,
            0.2607990920543671,
            0.20931121408939363,
            0.14084796160459517,
            0.12065041661262513,
            0.09966152161359787,
            0.08585922122001648,
            0.06459888517856598,
            0.05777080655097962,
            0.0643441542983055,
            0.04299568757414818,
            0.032019224390387534,
            0.022095095366239548,
            0.019090195745229722,
            0.01843547597527504,
            0.014941341057419778,
            0.01772606261074543,
            0.013361446373164654,
            0.008901300840079784,
            0.008828751742839813,
            0.009112785197794437,
            0.0074247785843908785,
            0.008462009951472282,
            0.006908391322940588,
            0.007748458534479141,
            0.00615503815934062,
            0.006592965312302112,
            0.005908465478569269,
            0.006106675788760185,
            0.004732382856309414,
            0.006242948025465012,
            0.0048718170262873174,
            0.005648715887218714,
            0.005342874489724636,
            0.005370840150862932,
            0.003978904243558646,
            0.00426344508305192,
            0.003947264794260263,
            0.003538264241069555,
            0.004258241876959801,
            0.004500513523817062,
            0.002996488427743316,
            0.0027741131838411094,
            0.0027169409207999707
        ]
    },
    "train_oa": {
        "type": "index_value",
        "index": [
            10,
            20,
            30,
            40,
            50
        ],
        "value": [
            90.48157275472957,
            94.50425244121625,
            93.49256054401602,
            93.1053011914247,
            93.41473809038521
        ]
    },
    "train_aa": {
        "type": "index_value",
        "index": [
            10,
            20,
            30,
            40,
            50
        ],
        "value": [
            95.20880429216577,
            96.6882771708685,
            96.87838373079047,
            96.83144818061362,
            96.96713867952757
        ]
    },
    "train_kappa": {
        "type": "index_value",
        "index": [
            10,
            20,
            30,
            40,
            50
        ],
        "value": [
            89.39684446002268,
            93.89509621805011,
            92.7819024588591,
            92.35709405302647,
            92.69904031209977
        ]
    },
    "param": {
        "data": {
            "data_sign": "Salinas",
            "data_file": "Salinas_10",
            "diffusion_sign": false,
            "patch_size": 13,
            "test_ratio": 0.95,
            "batch_size": 64,
            "num_classes": 16,
            "pca": 30,
            "dim_heads": 64,
            "spectral_size": 30,
            "append_dim": true
        },
        "net": {
            "trainer": "ssftt",
            "conv2d_out": 64,
            "dim": 64
        },
        "train": {
            "epochs": 50,
            "lr": 0.001,
            "weight_decay": 0
        },
        "uniq_name": "salinas_ssftt.json_10_1"
    },
    "eval": {
        "classification": "              precision    recall  f1-score   support\n\n           0     1.0000    0.9995    0.9997      1999\n           1     1.0000    0.9992    0.9996      3716\n           2     0.9309    1.0000    0.9642      1966\n           3     0.9672    0.9805    0.9738      1384\n           4     0.9120    0.9828    0.9461      2668\n           5     1.0000    0.9990    0.9995      3949\n           6     1.0000    0.9994    0.9997      3569\n           7     0.9716    0.7450    0.8433     11261\n           8     0.9947    0.9973    0.9960      6193\n           9     0.9971    0.9624    0.9794      3268\n          10     1.0000    0.9972    0.9986      1058\n          11     0.9796    0.9995    0.9894      1917\n          12     0.9372    0.9890    0.9624       906\n          13     0.9608    0.9245    0.9423      1060\n          14     0.7206    0.9530    0.8207      7258\n\n   micro avg     0.9319    0.9323    0.9321     52172\n   macro avg     0.9581    0.9685    0.9610     52172\nweighted avg     0.9436    0.9323    0.9323     52172\n",
        "oa": 93.41473809038521,
        "confusion": "[[1998    0    0    0    0    0    0    0    0    0    0    1    0    0\n     0    0]\n [   0 3713    0    0    0    0    0    3    0    0    0    0    0    0\n     0    0]\n [   0    0 1966    0    0    0    0    0    0    0    0    0    0    0\n     0    0]\n [   0    0    0 1357   27    0    0    0    0    0    0    0    0    0\n     0    0]\n [   0    0    0   46 2622    0    0    0    0    0    0    0    0    0\n     0    0]\n [   0    0    0    0    4 3945    0    0    0    0    0    0    0    0\n     0    0]\n [   0    0    0    0    2    0 3567    0    0    0    0    0    0    0\n     0    0]\n [   0    0   52    0  134    0    0 8389    0    4    0    0    0    0\n  2682    0]\n [   0    0   12    0    0    0    0    0 6176    0    0    5    0    0\n     0    0]\n [   0    0    1    0    0    0    0   18   33 3145    0   31    0   40\n     0    0]\n [   0    0    3    0    0    0    0    0    0    0 1055    0    0    0\n     0    0]\n [   0    0    0    0    0    0    0    0    0    0    0 1916    1    0\n     0    0]\n [   0    0    7    0    0    0    0    0    0    0    0    3  896    0\n     0    0]\n [   0    0   18    0    0    0    0    0    0    3    0    0   59  980\n     0    0]\n [   0    0   46    0   86    0    0  209    0    0    0    0    0    0\n  6917    0]\n [   0    0    7    0    0    0    0   15    0    2    0    0    0    0\n     0 1773]]",
        "each_acc": "[ 99.94997499  99.91926803 100.          98.04913295  98.27586207\n  99.89870853  99.94396189  74.49604831  99.72549653  96.23623011\n  99.71644612  99.94783516  98.89624724  92.45283019  95.30173602\n  98.66444073]",
        "aa": 96.96713867952757,
        "kappa": 92.69904031209977
    }
}