{
    "epoch_loss": {
        "type": "index_value",
        "index": [
            1,
            2,
            3,
            4,
            5,
            6,
            7,
            8,
            9,
            10,
            11,
            12,
            13,
            14,
            15,
            16,
            17,
            18,
            19,
            20,
            21,
            22,
            23,
            24,
            25,
            26,
            27,
            28,
            29,
            30,
            31,
            32,
            33,
            34,
            35,
            36,
            37,
            38,
            39,
            40,
            41,
            42,
            43,
            44,
            45,
            46,
            47,
            48,
            49,
            50
        ],
        "value": [
            1.2925306030682155,
            0.24914556571415492,
            0.10829595902136394,
            0.06469203627535275,
            0.043228420508759365,
            0.045079878770879336,
            0.045366074410932405,
            0.02141964647120663,
            0.02532614546694926,
            0.036608759979052205,
            0.028104356170764993,
            0.034792381525039676,
            0.016219764282660826,
            0.010822820557015283,
            0.011151965029005494,
            0.011653617955744267,
            0.014118044098306979,
            0.013488392897748521,
            0.015708715728084955,
            0.014901829910065447,
            0.019357204756566455,
            0.00960220342635044,
            0.01481882677014385,
            0.012919177527406386,
            0.006796306404950363,
            0.0030087590516944015,
            0.006908120367942112,
            0.007188847035701786,
            0.0018692645111254283,
            0.0011095421155914663,
            0.0008211282630717116,
            0.001164668387666877,
            0.0006056270079820284,
            0.0005222205488410379,
            0.00047460308830652917,
            0.0004563846192987902,
            0.00039676600551631836,
            0.0003064247588294425,
            0.00036661357901591275,
            0.0003718268741587443,
            0.00046933156720894786,
            0.00030734089336224965,
            0.00031348831585741466,
            0.0003253365725478423,
            0.00026899176882579925,
            0.0002804577184308853,
            0.00025084899389185014,
            0.00023824698042257557,
            0.0002746095623089267,
            0.00022747812326997518
        ]
    },
    "train_oa": {
        "type": "index_value",
        "index": [
            10,
            20,
            30,
            40,
            50
        ],
        "value": [
            98.92093795393235,
            98.8171819879643,
            99.36803184364919,
            99.33784828991304,
            99.41330717425343
        ]
    },
    "train_aa": {
        "type": "index_value",
        "index": [
            10,
            20,
            30,
            40,
            50
        ],
        "value": [
            99.40701619085903,
            99.47241734070604,
            99.66782867071014,
            99.68598390882968,
            99.70342313217822
        ]
    },
    "train_kappa": {
        "type": "index_value",
        "index": [
            10,
            20,
            30,
            40,
            50
        ],
        "value": [
            98.79575394166336,
            98.6812638407458,
            99.2951824230844,
            99.26139920959244,
            99.34560145088255
        ]
    },
    "param": {
        "data": {
            "data_sign": "Salinas",
            "data_file": "Salinas_70",
            "diffusion_sign": false,
            "patch_size": 13,
            "test_ratio": 0.95,
            "batch_size": 64,
            "num_classes": 16,
            "pca": 30,
            "dim_heads": 64,
            "spectral_size": 30,
            "append_dim": true
        },
        "net": {
            "trainer": "ssftt",
            "conv2d_out": 64,
            "dim": 64
        },
        "train": {
            "epochs": 50,
            "lr": 0.001,
            "weight_decay": 0
        },
        "uniq_name": "salinas_ssftt.json_70_4"
    },
    "eval": {
        "classification": "              precision    recall  f1-score   support\n\n           0     1.0000    1.0000    1.0000      1939\n           1     1.0000    0.9997    0.9999      3656\n           2     1.0000    1.0000    1.0000      1906\n           3     0.9756    0.9985    0.9869      1324\n           4     0.9992    0.9904    0.9948      2608\n           5     0.9969    1.0000    0.9985      3889\n           6     0.9935    1.0000    0.9967      3509\n           7     0.9909    0.9863    0.9886     11201\n           8     1.0000    1.0000    1.0000      6133\n           9     0.9988    0.9991    0.9989      3208\n          10     1.0000    1.0000    1.0000       998\n          11     1.0000    0.9995    0.9997      1857\n          12     0.9988    1.0000    0.9994       846\n          13     1.0000    0.9960    0.9980      1000\n          14     0.9814    0.9831    0.9822      7198\n\n   micro avg     0.9939    0.9939    0.9939     51272\n   macro avg     0.9957    0.9968    0.9962     51272\nweighted avg     0.9939    0.9939    0.9939     51272\n",
        "oa": 99.41330717425343,
        "confusion": "[[ 1939     0     0     0     0     0     0     0     0     0     0     0\n      0     0     0     0]\n [    0  3655     0     0     0     0     1     0     0     0     0     0\n      0     0     0     0]\n [    0     0  1906     0     0     0     0     0     0     0     0     0\n      0     0     0     0]\n [    0     0     0  1322     2     0     0     0     0     0     0     0\n      0     0     0     0]\n [    0     0     0    13  2583    12     0     0     0     0     0     0\n      0     0     0     0]\n [    0     0     0     0     0  3889     0     0     0     0     0     0\n      0     0     0     0]\n [    0     0     0     0     0     0  3509     0     0     0     0     0\n      0     0     0     0]\n [    0     0     0     0     0     0    22 11048     0     0     0     0\n      0     0   131     0]\n [    0     0     0     0     0     0     0     0  6133     0     0     0\n      0     0     0     0]\n [    0     0     0     0     0     0     0     0     0  3205     0     0\n      0     0     3     0]\n [    0     0     0     0     0     0     0     0     0     0   998     0\n      0     0     0     0]\n [    0     0     0     0     0     0     0     0     0     0     0  1856\n      1     0     0     0]\n [    0     0     0     0     0     0     0     0     0     0     0     0\n    846     0     0     0]\n [    0     0     0     0     0     0     0     0     0     4     0     0\n      0   996     0     0]\n [    0     0     0    20     0     0     0   102     0     0     0     0\n      0     0  7076     0]\n [    0     0     0     0     0     0     0     0     0     0     0     0\n      0     0     0  1737]]",
        "each_acc": "[100.          99.9726477  100.          99.8489426   99.04141104\n 100.         100.          98.63405053 100.          99.90648379\n 100.          99.9461497  100.          99.6         98.30508475\n 100.        ]",
        "aa": 99.70342313217822,
        "kappa": 99.34560145088255
    }
}