{
    "epoch_loss": {
        "type": "index_value",
        "index": [
            1,
            2,
            3,
            4,
            5,
            6,
            7,
            8,
            9,
            10,
            11,
            12,
            13,
            14,
            15,
            16,
            17,
            18,
            19,
            20,
            21,
            22,
            23,
            24,
            25,
            26,
            27,
            28,
            29,
            30,
            31,
            32,
            33,
            34,
            35,
            36,
            37,
            38,
            39,
            40,
            41,
            42,
            43,
            44,
            45,
            46,
            47,
            48,
            49,
            50
        ],
        "value": [
            1.3758959565843856,
            0.28169292488268444,
            0.10206886466060366,
            0.05287808658821242,
            0.04485042222908565,
            0.02687930619078023,
            0.02154978774487972,
            0.038917789701372385,
            0.034770193523062126,
            0.03071427143045834,
            0.027333692687430553,
            0.013782312721014022,
            0.008458417893520424,
            0.0042605168385697265,
            0.0030945213378540106,
            0.0039450253892157755,
            0.0035084535268002323,
            0.0034817881416529415,
            0.0036559990075017723,
            0.021017570730431805,
            0.013226327373247061,
            0.006670796535243945,
            0.007124704209023288,
            0.03272422847471067,
            0.030657556127490743,
            0.02953112283721566,
            0.006911406606169683,
            0.006279789659726832,
            0.006722683825397066,
            0.001649505302443036,
            0.002889985063978072,
            0.0014628316508606075,
            0.0009453134711033532,
            0.0005386062881111034,
            0.0005975499350045409,
            0.0005393989201235984,
            0.0004524078411382756,
            0.00039925853655274423,
            0.00044119388912804424,
            0.005236964553062405,
            0.0019520131629958218,
            0.002123642910737544,
            0.0010329035759371306,
            0.00034328153581425014,
            0.0009289640159944871,
            0.00033882657049356826,
            0.0003084023674351296,
            0.000325175079550328,
            0.0003808935297586556,
            0.0002170318068237975
        ]
    },
    "train_oa": {
        "type": "index_value",
        "index": [
            10,
            20,
            30,
            40,
            50
        ],
        "value": [
            96.49304835028015,
            99.19636288177479,
            98.85679790224302,
            99.46990133750873,
            99.28314059876625
        ]
    },
    "train_aa": {
        "type": "index_value",
        "index": [
            10,
            20,
            30,
            40,
            50
        ],
        "value": [
            98.17609393178726,
            99.55815059486677,
            99.34931426239247,
            99.68789270710863,
            99.60148007468386
        ]
    },
    "train_kappa": {
        "type": "index_value",
        "index": [
            10,
            20,
            30,
            40,
            50
        ],
        "value": [
            96.07690115621098,
            99.10336492369514,
            98.72386697867805,
            99.40877242614938,
            99.20018419576809
        ]
    },
    "param": {
        "data": {
            "data_sign": "Salinas",
            "data_file": "Salinas_70",
            "diffusion_sign": false,
            "patch_size": 13,
            "test_ratio": 0.95,
            "batch_size": 64,
            "num_classes": 16,
            "pca": 30,
            "dim_heads": 64,
            "spectral_size": 30,
            "append_dim": true
        },
        "net": {
            "trainer": "ssftt",
            "conv2d_out": 64,
            "dim": 64
        },
        "train": {
            "epochs": 50,
            "lr": 0.001,
            "weight_decay": 0
        },
        "uniq_name": "salinas_ssftt.json_70_2"
    },
    "eval": {
        "classification": "              precision    recall  f1-score   support\n\n           0     1.0000    1.0000    1.0000      1939\n           1     1.0000    1.0000    1.0000      3656\n           2     1.0000    1.0000    1.0000      1906\n           3     0.9735    0.9992    0.9862      1324\n           4     0.9996    0.9858    0.9927      2608\n           5     0.9949    1.0000    0.9974      3889\n           6     1.0000    1.0000    1.0000      3509\n           7     0.9820    0.9911    0.9865     11201\n           8     0.9990    1.0000    0.9995      6133\n           9     0.9978    0.9972    0.9975      3208\n          10     1.0000    1.0000    1.0000       998\n          11     1.0000    0.9995    0.9997      1857\n          12     0.9988    1.0000    0.9994       846\n          13     0.9990    0.9960    0.9975      1000\n          14     0.9853    0.9686    0.9769      7198\n\n   micro avg     0.9926    0.9926    0.9926     51272\n   macro avg     0.9953    0.9958    0.9956     51272\nweighted avg     0.9926    0.9926    0.9926     51272\n",
        "oa": 99.28314059876625,
        "confusion": "[[ 1939     0     0     0     0     0     0     0     0     0     0     0\n      0     0     0     0]\n [    0  3656     0     0     0     0     0     0     0     0     0     0\n      0     0     0     0]\n [    0     0  1906     0     0     0     0     0     0     0     0     0\n      0     0     0     0]\n [    0     0     0  1323     1     0     0     0     0     0     0     0\n      0     0     0     0]\n [    0     0     0    17  2571    20     0     0     0     0     0     0\n      0     0     0     0]\n [    0     0     0     0     0  3889     0     0     0     0     0     0\n      0     0     0     0]\n [    0     0     0     0     0     0  3509     0     0     0     0     0\n      0     0     0     0]\n [    0     0     0     0     0     0     0 11101     0     0     0     0\n      0     0   100     0]\n [    0     0     0     0     0     0     0     0  6133     0     0     0\n      0     0     0     0]\n [    0     0     0     0     0     0     0     0     6  3199     0     0\n      0     0     3     0]\n [    0     0     0     0     0     0     0     0     0     0   998     0\n      0     0     0     0]\n [    0     0     0     0     0     0     0     0     0     0     0  1856\n      1     0     0     0]\n [    0     0     0     0     0     0     0     0     0     0     0     0\n    846     0     0     0]\n [    0     0     0     0     0     0     0     0     0     4     0     0\n      0   996     0     0]\n [    0     0     0    19     0     0     0   204     0     3     0     0\n      0     0  6972     0]\n [    0     0     0     0     0     0     0     0     0     0     0     0\n      0     1     1  1735]]",
        "each_acc": "[100.         100.         100.          99.9244713   98.58128834\n 100.         100.          99.10722257 100.          99.71945137\n 100.          99.9461497  100.          99.6         96.86023896\n  99.88485895]",
        "aa": 99.60148007468386,
        "kappa": 99.20018419576809
    }
}