{
    "epoch_loss": {
        "type": "index_value",
        "index": [
            1,
            2,
            3,
            4,
            5,
            6,
            7,
            8,
            9,
            10,
            11,
            12,
            13,
            14,
            15,
            16,
            17,
            18,
            19,
            20,
            21,
            22,
            23,
            24,
            25,
            26,
            27,
            28,
            29,
            30,
            31,
            32,
            33,
            34,
            35,
            36,
            37,
            38,
            39,
            40,
            41,
            42,
            43,
            44,
            45,
            46,
            47,
            48,
            49,
            50
        ],
        "value": [
            1.1337920174002647,
            0.1909980855882168,
            0.06159423468634486,
            0.039783194195479155,
            0.029573580157011746,
            0.03798363513778895,
            0.03829513431992382,
            0.014237668993882836,
            0.02393764747539535,
            0.02343676167074591,
            0.011137873970437796,
            0.011852217087289318,
            0.007093003334011883,
            0.009277205326361582,
            0.009964872169075534,
            0.02120437768753618,
            0.012901437818072736,
            0.007718355220276862,
            0.002578322432236746,
            0.0017718068935209884,
            0.0015091338485945017,
            0.0011873673589434474,
            0.003848168477998115,
            0.0015320596387027763,
            0.0010533662600209937,
            0.0007091516366926953,
            0.0006036407678038814,
            0.000508438928227406,
            0.0005231091199675575,
            0.00040112371934810655,
            0.0005146926669112872,
            0.00044437775504775346,
            0.00039162913308246063,
            0.0005560754747421015,
            0.0003680603113025427,
            0.0003000837037689053,
            0.0004407807075040182,
            0.00029176119933254084,
            0.0002900402349041542,
            0.0002738742718065623,
            0.0002518321489333175,
            0.0002973150898469612,
            0.00023917389517009725,
            0.00022252257913351058,
            0.0001842788144131191,
            0.00021230606616882142,
            0.00018504083273001014,
            0.00019279427142464555,
            0.00015279367544280832,
            0.00017198460518557112
        ]
    },
    "train_oa": {
        "type": "index_value",
        "index": [
            10,
            20,
            30,
            40,
            50
        ],
        "value": [
            97.76911578270166,
            98.68871691044296,
            98.9876818861284,
            98.95740695188178,
            99.04066302106
        ]
    },
    "train_aa": {
        "type": "index_value",
        "index": [
            10,
            20,
            30,
            40,
            50
        ],
        "value": [
            99.2247322506943,
            99.48047306266623,
            99.59997683428031,
            99.60228844273298,
            99.62242281308428
        ]
    },
    "train_kappa": {
        "type": "index_value",
        "index": [
            10,
            20,
            30,
            40,
            50
        ],
        "value": [
            97.51487562247426,
            98.53798257830412,
            98.87089867750723,
            98.83724255159021,
            98.92998261140272
        ]
    },
    "param": {
        "data": {
            "data_sign": "Salinas",
            "data_file": "Salinas_80",
            "diffusion_sign": false,
            "patch_size": 13,
            "test_ratio": 0.95,
            "batch_size": 64,
            "num_classes": 16,
            "pca": 30,
            "dim_heads": 64,
            "spectral_size": 30,
            "append_dim": true
        },
        "net": {
            "trainer": "ssftt",
            "conv2d_out": 64,
            "dim": 64
        },
        "train": {
            "epochs": 50,
            "lr": 0.001,
            "weight_decay": 0
        },
        "uniq_name": "salinas_ssftt.json_80_3"
    },
    "eval": {
        "classification": "              precision    recall  f1-score   support\n\n           0     1.0000    0.9990    0.9995      1929\n           1     0.9995    1.0000    0.9997      3646\n           2     1.0000    1.0000    1.0000      1896\n           3     0.9806    1.0000    0.9902      1314\n           4     1.0000    0.9969    0.9985      2598\n           5     1.0000    1.0000    1.0000      3879\n           6     1.0000    1.0000    1.0000      3499\n           7     0.9902    0.9675    0.9787     11191\n           8     1.0000    1.0000    1.0000      6123\n           9     0.9978    0.9984    0.9981      3198\n          10     0.9940    1.0000    0.9970       988\n          11     1.0000    1.0000    1.0000      1847\n          12     1.0000    1.0000    1.0000       836\n          13     0.9980    1.0000    0.9990       990\n          14     0.9519    0.9836    0.9675      7188\n\n   micro avg     0.9901    0.9903    0.9902     51122\n   macro avg     0.9941    0.9964    0.9952     51122\nweighted avg     0.9903    0.9903    0.9902     51122\n",
        "oa": 99.04066302106,
        "confusion": "[[ 1927     2     0     0     0     0     0     0     0     0     0     0\n      0     0     0     0]\n [    0  3646     0     0     0     0     0     0     0     0     0     0\n      0     0     0     0]\n [    0     0  1896     0     0     0     0     0     0     0     0     0\n      0     0     0     0]\n [    0     0     0  1314     0     0     0     0     0     0     0     0\n      0     0     0     0]\n [    0     0     0     8  2590     0     0     0     0     0     0     0\n      0     0     0     0]\n [    0     0     0     0     0  3879     0     0     0     0     0     0\n      0     0     0     0]\n [    0     0     0     0     0     0  3499     0     0     0     0     0\n      0     0     0     0]\n [    0     0     0     0     0     0     0 10827     0     7     0     0\n      0     0   357     0]\n [    0     0     0     0     0     0     0     0  6123     0     0     0\n      0     0     0     0]\n [    0     0     0     0     0     0     0     3     0  3193     0     0\n      0     2     0     0]\n [    0     0     0     0     0     0     0     0     0     0   988     0\n      0     0     0     0]\n [    0     0     0     0     0     0     0     0     0     0     0  1847\n      0     0     0     0]\n [    0     0     0     0     0     0     0     0     0     0     0     0\n    836     0     0     0]\n [    0     0     0     0     0     0     0     0     0     0     0     0\n      0   990     0     0]\n [    0     0     0    18     0     0     0   100     0     0     0     0\n      0     0  7070     0]\n [    0     0     0     0     0     0     0     4     0     0     6     0\n      0     0     0  1717]]",
        "each_acc": "[ 99.89631934 100.         100.         100.          99.69207082\n 100.         100.          96.74738629 100.          99.84365228\n 100.         100.         100.         100.          98.35837507\n  99.4209612 ]",
        "aa": 99.62242281308428,
        "kappa": 98.92998261140272
    }
}