{
    "epoch_loss": {
        "type": "index_value",
        "index": [
            1,
            2,
            3,
            4,
            5,
            6,
            7,
            8,
            9,
            10,
            11,
            12,
            13,
            14,
            15,
            16,
            17,
            18,
            19,
            20,
            21,
            22,
            23,
            24,
            25,
            26,
            27,
            28,
            29,
            30,
            31,
            32,
            33,
            34,
            35,
            36,
            37,
            38,
            39,
            40,
            41,
            42,
            43,
            44,
            45,
            46,
            47,
            48,
            49,
            50
        ],
        "value": [
            2.4701983451843263,
            1.5807694673538208,
            1.1238518714904786,
            0.8539687871932984,
            0.5993817329406739,
            0.43286654353141785,
            0.30476014614105223,
            0.24619829952716826,
            0.17614388465881348,
            0.1389673560857773,
            0.09908974915742874,
            0.06429476886987687,
            0.055825230479240415,
            0.03986189067363739,
            0.031199254840612412,
            0.030224426835775375,
            0.024432752281427383,
            0.018116398155689238,
            0.014919114112854005,
            0.015783172845840455,
            0.015496274456381798,
            0.01074932049959898,
            0.014191756770014764,
            0.014398816414177418,
            0.022789806872606278,
            0.0107647268101573,
            0.008595376834273338,
            0.007172663975507021,
            0.007906244695186615,
            0.006235913652926683,
            0.006178210023790598,
            0.0065552092157304285,
            0.0056423194706439975,
            0.005010321550071239,
            0.004592026956379414,
            0.004626006633043289,
            0.0048634190112352375,
            0.0044102219864726065,
            0.004479107866063714,
            0.00400511110201478,
            0.0033066612202674152,
            0.0035430360585451126,
            0.0034615385346114637,
            0.003262342233210802,
            0.003537767007946968,
            0.00325443921610713,
            0.002768212743103504,
            0.0031628123484551906,
            0.0029057485051453115,
            0.002946649584919214
        ]
    },
    "train_oa": {
        "type": "index_value",
        "index": [
            10,
            20,
            30,
            40,
            50
        ],
        "value": [
            94.18740388000518,
            95.01751005206692,
            95.22318367951974,
            95.07124460338342,
            95.12497915469991
        ]
    },
    "train_aa": {
        "type": "index_value",
        "index": [
            10,
            20,
            30,
            40,
            50
        ],
        "value": [
            97.12376536523577,
            97.60550490808689,
            97.0702257649398,
            97.5697262194773,
            97.7830175783596
        ]
    },
    "train_kappa": {
        "type": "index_value",
        "index": [
            10,
            20,
            30,
            40,
            50
        ],
        "value": [
            93.5411529729176,
            94.46792998975648,
            94.68966985886433,
            94.52473622376085,
            94.58588885551737
        ]
    },
    "param": {
        "data": {
            "data_sign": "Salinas",
            "data_file": "Salinas_10",
            "diffusion_sign": false,
            "patch_size": 13,
            "test_ratio": 0.95,
            "batch_size": 64,
            "num_classes": 16,
            "pca": 30,
            "dim_heads": 64,
            "spectral_size": 30,
            "append_dim": true
        },
        "net": {
            "trainer": "ssftt",
            "conv2d_out": 64,
            "dim": 64
        },
        "train": {
            "epochs": 50,
            "lr": 0.001,
            "weight_decay": 0
        },
        "uniq_name": "salinas_ssftt.json_10_3"
    },
    "eval": {
        "classification": "              precision    recall  f1-score   support\n\n           0     1.0000    0.9985    0.9992      1999\n           1     0.9989    1.0000    0.9995      3716\n           2     1.0000    1.0000    1.0000      1966\n           3     0.9481    0.9892    0.9682      1384\n           4     0.9927    0.9726    0.9826      2668\n           5     1.0000    0.9985    0.9992      3949\n           6     1.0000    1.0000    1.0000      3569\n           7     0.9729    0.8156    0.8873     11261\n           8     0.9933    0.9992    0.9962      6193\n           9     0.9959    0.9584    0.9768      3268\n          10     0.9566    0.9991    0.9773      1058\n          11     0.9897    0.9979    0.9938      1917\n          12     0.9664    0.9834    0.9748       906\n          13     0.9519    0.9717    0.9617      1060\n          14     0.7716    0.9640    0.8572      7258\n\n   micro avg     0.9496    0.9497    0.9496     52172\n   macro avg     0.9692    0.9765    0.9716     52172\nweighted avg     0.9567    0.9497    0.9501     52172\n",
        "oa": 95.12497915469991,
        "confusion": "[[1996    3    0    0    0    0    0    0    0    0    0    0    0    0\n     0    0]\n [   0 3716    0    0    0    0    0    0    0    0    0    0    0    0\n     0    0]\n [   0    0 1966    0    0    0    0    0    0    0    0    0    0    0\n     0    0]\n [   0    0    0 1369   15    0    0    0    0    0    0    0    0    0\n     0    0]\n [   0    0    0   73 2595    0    0    0    0    0    0    0    0    0\n     0    0]\n [   0    0    0    0    1 3943    0    0    0    0    0    0    0    0\n     5    0]\n [   0    0    0    0    0    0 3569    0    0    0    0    0    0    0\n     0    0]\n [   0    1    0    0    0    0    0 9184    0   11    0    0    0    0\n  2065    0]\n [   0    0    0    0    0    0    0    0 6188    0    0    5    0    0\n     0    0]\n [   0    0    0    0    0    0    0    0   42 3132   47    0    0   47\n     0    0]\n [   0    0    0    0    0    0    0    0    0    0 1057    1    0    0\n     0    0]\n [   0    0    0    0    0    0    0    0    0    0    0 1913    4    0\n     0    0]\n [   0    0    0    0    0    0    0    0    0    0    0   14  891    1\n     0    0]\n [   0    0    0    0    0    0    0    0    0    2    1    0   27 1030\n     0    0]\n [   0    0    0    2    3    0    0  256    0    0    0    0    0    0\n  6997    0]\n [   0    0    0    0    0    0    0    0    0    0    0    0    0    4\n     1 1792]]",
        "each_acc": "[ 99.84992496 100.         100.          98.91618497  97.26386807\n  99.8480628  100.          81.55581209  99.91926368  95.83843329\n  99.90548204  99.79134064  98.34437086  97.16981132  96.40396804\n  99.72175849]",
        "aa": 97.7830175783596,
        "kappa": 94.58588885551737
    }
}