{
    "epoch_loss": {
        "type": "index_value",
        "index": [
            1,
            2,
            3,
            4,
            5,
            6,
            7,
            8,
            9,
            10,
            11,
            12,
            13,
            14,
            15,
            16,
            17,
            18,
            19,
            20,
            21,
            22,
            23,
            24,
            25,
            26,
            27,
            28,
            29,
            30,
            31,
            32,
            33,
            34,
            35,
            36,
            37,
            38,
            39,
            40,
            41,
            42,
            43,
            44,
            45,
            46,
            47,
            48,
            49,
            50
        ],
        "value": [
            2.064596676826477,
            1.0407508611679077,
            0.5949885964393615,
            0.377616810798645,
            0.23619506657123565,
            0.14285677969455718,
            0.12049375027418137,
            0.061175663769245145,
            0.057222315669059755,
            0.04041967056691646,
            0.0312875609844923,
            0.040952646359801295,
            0.0386546378955245,
            0.05229787547141314,
            0.05652215965092182,
            0.06818544659763574,
            0.028519226238131523,
            0.03753435481339693,
            0.0340186819434166,
            0.019391575083136558,
            0.013307108357548714,
            0.01318117491900921,
            0.00731531223282218,
            0.009117433801293373,
            0.0068322885781526566,
            0.005900313518941403,
            0.0038881770800799132,
            0.005335671687498688,
            0.0038103696424514055,
            0.0037057542242109774,
            0.003387485817074776,
            0.004378244839608669,
            0.0026566436514258384,
            0.0029203047044575213,
            0.002666671620681882,
            0.0024298623437061908,
            0.0023714591283351184,
            0.002101626107469201,
            0.001978738559409976,
            0.0020646655932068823,
            0.0022032254142686724,
            0.002017143787816167,
            0.0016211820533499123,
            0.001928588282316923,
            0.0017385541927069426,
            0.001755224377848208,
            0.0028719555120915174,
            0.0016270284540951252,
            0.004261839133687317,
            0.001613660017028451
        ]
    },
    "train_oa": {
        "type": "index_value",
        "index": [
            10,
            20,
            30,
            40,
            50
        ],
        "value": [
            97.03581185303574,
            96.68828634615028,
            96.33146871341225,
            96.33146871341225,
            96.34633611477635
        ]
    },
    "train_aa": {
        "type": "index_value",
        "index": [
            10,
            20,
            30,
            40,
            50
        ],
        "value": [
            98.26194801207988,
            98.10879015067711,
            98.19082016055356,
            98.21005652630386,
            98.20824305824215
        ]
    },
    "train_kappa": {
        "type": "index_value",
        "index": [
            10,
            20,
            30,
            40,
            50
        ],
        "value": [
            96.69645921820332,
            96.31287614848085,
            95.92229626407102,
            95.92186169008863,
            95.93838713012643
        ]
    },
    "param": {
        "data": {
            "data_sign": "Salinas",
            "data_file": "Salinas_20",
            "diffusion_sign": false,
            "patch_size": 13,
            "test_ratio": 0.95,
            "batch_size": 64,
            "num_classes": 16,
            "pca": 30,
            "dim_heads": 64,
            "spectral_size": 30,
            "append_dim": true
        },
        "net": {
            "trainer": "ssftt",
            "conv2d_out": 64,
            "dim": 64
        },
        "train": {
            "epochs": 50,
            "lr": 0.001,
            "weight_decay": 0
        },
        "uniq_name": "salinas_ssftt.json_20_2"
    },
    "eval": {
        "classification": "              precision    recall  f1-score   support\n\n           0     0.9995    1.0000    0.9997      1989\n           1     1.0000    1.0000    1.0000      3706\n           2     1.0000    1.0000    1.0000      1956\n           3     1.0000    0.9825    0.9912      1374\n           4     0.9558    1.0000    0.9774      2658\n           5     0.9977    0.9942    0.9959      3939\n           6     0.9905    1.0000    0.9952      3559\n           7     0.9790    0.8816    0.9277     11251\n           8     0.9977    1.0000    0.9989      6183\n           9     0.9997    0.8975    0.9458      3258\n          10     1.0000    0.9990    0.9995      1048\n          11     0.9262    1.0000    0.9617      1907\n          12     0.9922    1.0000    0.9961       896\n          13     0.8447    1.0000    0.9158      1050\n          14     0.8519    0.9674    0.9060      7248\n\n   micro avg     0.9622    0.9625    0.9624     52022\n   macro avg     0.9690    0.9815    0.9741     52022\nweighted avg     0.9655    0.9625    0.9625     52022\n",
        "oa": 96.34633611477635,
        "confusion": "[[1989    0    0    0    0    0    0    0    0    0    0    0    0    0\n     0    0]\n [   0 3706    0    0    0    0    0    0    0    0    0    0    0    0\n     0    0]\n [   0    0 1956    0    0    0    0    0    0    0    0    0    0    0\n     0    0]\n [   0    0    0 1350   24    0    0    0    0    0    0    0    0    0\n     0    0]\n [   0    0    0    0 2658    0    0    0    0    0    0    0    0    0\n     0    0]\n [   0    0    0    0    0 3916   23    0    0    0    0    0    0    0\n     0    0]\n [   0    0    0    0    0    0 3559    0    0    0    0    0    0    0\n     0    0]\n [   0    0    0    0   54    9   11 9919    0    1    0    0    7   31\n  1219    0]\n [   0    0    0    0    0    0    0    0 6183    0    0    0    0    0\n     0    0]\n [   0    0    0    0    0    0    0   16   14 2924    0  152    0  152\n     0    0]\n [   1    0    0    0    0    0    0    0    0    0 1047    0    0    0\n     0    0]\n [   0    0    0    0    0    0    0    0    0    0    0 1907    0    0\n     0    0]\n [   0    0    0    0    0    0    0    0    0    0    0    0  896    0\n     0    0]\n [   0    0    0    0    0    0    0    0    0    0    0    0    0 1050\n     0    0]\n [   0    0    0    0   45    0    0  191    0    0    0    0    0    0\n  7012    0]\n [   0    0    0    0    0    0    0    6    0    0    0    0    0   10\n     0 1771]]",
        "each_acc": "[100.         100.         100.          98.25327511 100.\n  99.41609546 100.          88.16105235 100.          89.74831185\n  99.90458015 100.         100.         100.          96.74392936\n  99.10464466]",
        "aa": 98.20824305824215,
        "kappa": 95.93838713012643
    }
}