{
    "epoch_loss": {
        "type": "index_value",
        "index": [
            1,
            2,
            3,
            4,
            5,
            6,
            7,
            8,
            9,
            10,
            11,
            12,
            13,
            14,
            15,
            16,
            17,
            18,
            19,
            20,
            21,
            22,
            23,
            24,
            25,
            26,
            27,
            28,
            29,
            30,
            31,
            32,
            33,
            34,
            35,
            36,
            37,
            38,
            39,
            40,
            41,
            42,
            43,
            44,
            45,
            46,
            47,
            48,
            49,
            50
        ],
        "value": [
            1.6436199724674225,
            0.5646109342575073,
            0.20513492524623872,
            0.11044232398271561,
            0.05831927191466093,
            0.03402316477149725,
            0.025188847351819275,
            0.024586297664791347,
            0.013559936452656985,
            0.01410201182588935,
            0.011094146873801947,
            0.0077168216928839685,
            0.006140019558370113,
            0.005851865326985717,
            0.004099728842265904,
            0.0039044019067659974,
            0.0032090063439682128,
            0.0028598622302524745,
            0.002889700676314533,
            0.013069281377829612,
            0.0155239392304793,
            0.02862765595782548,
            0.04683235506527126,
            0.06859104661270976,
            0.04125103782862425,
            0.013030180637724698,
            0.027119463891722262,
            0.030591092817485333,
            0.009774132329039276,
            0.007545205857604742,
            0.006818568648304791,
            0.006019290012773126,
            0.001885548996506259,
            0.004146980203222484,
            0.005852754123043269,
            0.012935138016473502,
            0.02077714946353808,
            0.006682473828550428,
            0.003158536716364324,
            0.002714362763799727,
            0.0020872693683486434,
            0.0015769508376251907,
            0.0009730835619848222,
            0.00105273766675964,
            0.0007540782185969874,
            0.0007558644778328016,
            0.0005771034600911662,
            0.0005963802657788619,
            0.0007174113707151264,
            0.0006435370742110536
        ]
    },
    "train_oa": {
        "type": "index_value",
        "index": [
            10,
            20,
            30,
            40,
            50
        ],
        "value": [
            96.9021668006506,
            96.87225410832133,
            98.21458617659705,
            97.7920693974462,
            97.8275907195872
        ]
    },
    "train_aa": {
        "type": "index_value",
        "index": [
            10,
            20,
            30,
            40,
            50
        ],
        "value": [
            98.83262149861766,
            98.89492094741983,
            99.28245287565647,
            99.19532862860922,
            99.20220545493504
        ]
    },
    "train_kappa": {
        "type": "index_value",
        "index": [
            10,
            20,
            30,
            40,
            50
        ],
        "value": [
            96.55469795117808,
            96.5215611469311,
            98.01153707299703,
            97.542375068719,
            97.58178428398512
        ]
    },
    "param": {
        "data": {
            "data_sign": "Salinas",
            "data_file": "Salinas_40",
            "diffusion_sign": false,
            "patch_size": 13,
            "test_ratio": 0.95,
            "batch_size": 64,
            "num_classes": 16,
            "pca": 30,
            "dim_heads": 64,
            "spectral_size": 30,
            "append_dim": true
        },
        "net": {
            "trainer": "ssftt",
            "conv2d_out": 64,
            "dim": 64
        },
        "train": {
            "epochs": 50,
            "lr": 0.001,
            "weight_decay": 0
        },
        "uniq_name": "salinas_ssftt.json_40_2"
    },
    "eval": {
        "classification": "              precision    recall  f1-score   support\n\n           0     1.0000    1.0000    1.0000      1969\n           1     0.9992    0.9946    0.9969      3686\n           2     1.0000    1.0000    1.0000      1936\n           3     0.9811    0.9970    0.9890      1354\n           4     0.9981    0.9951    0.9966      2638\n           5     1.0000    1.0000    1.0000      3919\n           6     0.9963    1.0000    0.9982      3539\n           7     0.9819    0.9173    0.9485     11231\n           8     0.9997    1.0000    0.9998      6163\n           9     0.9845    0.9972    0.9908      3238\n          10     1.0000    1.0000    1.0000      1028\n          11     0.9895    1.0000    0.9947      1887\n          12     1.0000    1.0000    1.0000       876\n          13     0.9698    0.9990    0.9842      1030\n          14     0.8958    0.9750    0.9337      7228\n\n   micro avg     0.9775    0.9776    0.9776     51722\n   macro avg     0.9864    0.9917    0.9888     51722\nweighted avg     0.9786    0.9776    0.9776     51722\n",
        "oa": 97.8275907195872,
        "confusion": "[[ 1969     0     0     0     0     0     0     0     0     0     0     0\n      0     0     0     0]\n [    0  3666     0     0     0     0     0    20     0     0     0     0\n      0     0     0     0]\n [    0     0  1936     0     0     0     0     0     0     0     0     0\n      0     0     0     0]\n [    0     0     0  1350     4     0     0     0     0     0     0     0\n      0     0     0     0]\n [    0     0     0    13  2625     0     0     0     0     0     0     0\n      0     0     0     0]\n [    0     0     0     0     0  3919     0     0     0     0     0     0\n      0     0     0     0]\n [    0     0     0     0     0     0  3539     0     0     0     0     0\n      0     0     0     0]\n [    0     3     0     0     0     0    13 10302     0    50     0    16\n      0    27   820     0]\n [    0     0     0     0     0     0     0     0  6163     0     0     0\n      0     0     0     0]\n [    0     0     0     0     0     0     0     3     2  3229     0     4\n      0     0     0     0]\n [    0     0     0     0     0     0     0     0     0     0  1028     0\n      0     0     0     0]\n [    0     0     0     0     0     0     0     0     0     0     0  1887\n      0     0     0     0]\n [    0     0     0     0     0     0     0     0     0     0     0     0\n    876     0     0     0]\n [    0     0     0     0     0     0     0     0     0     1     0     0\n      0  1029     0     0]\n [    0     0     0    13     1     0     0   167     0     0     0     0\n      0     0  7047     0]\n [    0     0     0     0     0     0     0     0     0     0     0     0\n      0     5     0  1762]]",
        "each_acc": "[100.          99.4574064  100.          99.70457903  99.50720243\n 100.         100.          91.72825216 100.          99.72205065\n 100.         100.         100.          99.90291262  97.49584947\n  99.71703452]",
        "aa": 99.20220545493504,
        "kappa": 97.58178428398512
    }
}