{
    "epoch_loss": {
        "type": "index_value",
        "index": [
            1,
            2,
            3,
            4,
            5,
            6,
            7,
            8,
            9,
            10,
            11,
            12,
            13,
            14,
            15,
            16,
            17,
            18,
            19,
            20,
            21,
            22,
            23,
            24,
            25,
            26,
            27,
            28,
            29,
            30,
            31,
            32,
            33,
            34,
            35,
            36,
            37,
            38,
            39,
            40,
            41,
            42,
            43,
            44,
            45,
            46,
            47,
            48,
            49,
            50
        ],
        "value": [
            1.3391785422960918,
            0.30784092247486117,
            0.12251489336291949,
            0.06691516451537609,
            0.027856013489266238,
            0.02079096840073665,
            0.028353391432513794,
            0.026444371168812115,
            0.02208266689752539,
            0.015057986415922642,
            0.028922152379527687,
            0.04602619071180622,
            0.01862214980646968,
            0.018035690874482195,
            0.02456837147474289,
            0.006792713965599735,
            0.014803159469738602,
            0.004643832775764167,
            0.0039863822205613055,
            0.002676748321391642,
            0.0015425255405716598,
            0.0012243243089566627,
            0.0013150025896417597,
            0.0062809008833331365,
            0.0035636675699303546,
            0.049974329967517404,
            0.03203502648199598,
            0.00965614194671313,
            0.005042757326737046,
            0.001947460991020004,
            0.0013387893598216275,
            0.001246880282027026,
            0.0009234638011548669,
            0.0009169400999477754,
            0.0006429667371169975,
            0.0007417250075377524,
            0.0014754023965603362,
            0.031677707637815425,
            0.11495530453976244,
            0.07019020995746056,
            0.019886194604138534,
            0.006222197972238064,
            0.002032344365337243,
            0.0014491369831375778,
            0.0012362642756973705,
            0.0010359317956802746,
            0.0008660193144654234,
            0.00139450494122381,
            0.0008134250024644037,
            0.0005159815850978096
        ]
    },
    "train_oa": {
        "type": "index_value",
        "index": [
            10,
            20,
            30,
            40,
            50
        ],
        "value": [
            97.85777426696008,
            98.49348304463128,
            97.86905903816134,
            94.83909797062198,
            98.29788034380937
        ]
    },
    "train_aa": {
        "type": "index_value",
        "index": [
            10,
            20,
            30,
            40,
            50
        ],
        "value": [
            99.17077920255814,
            99.4132485604534,
            99.21181424212108,
            97.6315803073974,
            99.36929951900156
        ]
    },
    "train_kappa": {
        "type": "index_value",
        "index": [
            10,
            20,
            30,
            40,
            50
        ],
        "value": [
            97.61300777090788,
            98.32103838320538,
            97.62620333662521,
            94.23355680318693,
            98.10353314756057
        ]
    },
    "param": {
        "data": {
            "data_sign": "Salinas",
            "data_file": "Salinas_60",
            "diffusion_sign": false,
            "patch_size": 13,
            "test_ratio": 0.95,
            "batch_size": 64,
            "num_classes": 16,
            "pca": 30,
            "dim_heads": 64,
            "spectral_size": 30,
            "append_dim": true
        },
        "net": {
            "trainer": "ssftt",
            "conv2d_out": 64,
            "dim": 64
        },
        "train": {
            "epochs": 50,
            "lr": 0.001,
            "weight_decay": 0
        },
        "uniq_name": "salinas_ssftt.json_60_1"
    },
    "eval": {
        "classification": "              precision    recall  f1-score   support\n\n           0     1.0000    1.0000    1.0000      1949\n           1     1.0000    1.0000    1.0000      3666\n           2     1.0000    1.0000    1.0000      1916\n           3     0.9495    1.0000    0.9741      1334\n           4     0.9981    0.9950    0.9966      2618\n           5     1.0000    0.9997    0.9999      3899\n           6     1.0000    0.9994    0.9997      3519\n           7     0.9861    0.9403    0.9627     11211\n           8     1.0000    1.0000    1.0000      6143\n           9     0.9984    0.9997    0.9991      3218\n          10     1.0000    1.0000    1.0000      1008\n          11     1.0000    1.0000    1.0000      1867\n          12     1.0000    1.0000    1.0000       856\n          13     0.9912    0.9990    0.9951      1010\n          14     0.9131    0.9710    0.9412      7208\n\n   micro avg     0.9824    0.9826    0.9825     51422\n   macro avg     0.9891    0.9936    0.9912     51422\nweighted avg     0.9831    0.9826    0.9826     51422\n",
        "oa": 98.29788034380937,
        "confusion": "[[ 1949     0     0     0     0     0     0     0     0     0     0     0\n      0     0     0     0]\n [    0  3666     0     0     0     0     0     0     0     0     0     0\n      0     0     0     0]\n [    0     0  1916     0     0     0     0     0     0     0     0     0\n      0     0     0     0]\n [    0     0     0  1334     0     0     0     0     0     0     0     0\n      0     0     0     0]\n [    0     0     0    13  2605     0     0     0     0     0     0     0\n      0     0     0     0]\n [    0     0     0     0     1  3898     0     0     0     0     0     0\n      0     0     0     0]\n [    0     0     0     0     0     0  3517     2     0     0     0     0\n      0     0     0     0]\n [    0     0     0     0     0     0     0 10542     0     4     0     0\n      0     0   665     0]\n [    0     0     0     0     0     0     0     0  6143     0     0     0\n      0     0     0     0]\n [    0     0     0     0     0     0     0     0     0  3217     0     0\n      0     0     1     0]\n [    0     0     0     0     0     0     0     0     0     0  1008     0\n      0     0     0     0]\n [    0     0     0     0     0     0     0     0     0     0     0  1867\n      0     0     0     0]\n [    0     0     0     0     0     0     0     0     0     0     0     0\n    856     0     0     0]\n [    0     0     0     0     0     0     0     0     0     1     0     0\n      0  1009     0     0]\n [    0     0     0    58     4     0     0   147     0     0     0     0\n      0     0  6999     0]\n [    0     0     0     0     0     0     0     0     0     0     0     0\n      0     9     0  1738]]",
        "each_acc": "[100.         100.         100.         100.          99.50343774\n  99.9743524   99.94316567  94.03264651 100.          99.9689248\n 100.         100.         100.          99.9009901   97.10044395\n  99.48483114]",
        "aa": 99.36929951900156,
        "kappa": 98.10353314756057
    }
}