{
    "epoch_loss": {
        "type": "index_value",
        "index": [
            1,
            2,
            3,
            4,
            5,
            6,
            7,
            8,
            9,
            10,
            11,
            12,
            13,
            14,
            15,
            16,
            17,
            18,
            19,
            20,
            21,
            22,
            23,
            24,
            25,
            26,
            27,
            28,
            29,
            30,
            31,
            32,
            33,
            34,
            35,
            36,
            37,
            38,
            39,
            40,
            41,
            42,
            43,
            44,
            45,
            46,
            47,
            48,
            49,
            50
        ],
        "value": [
            2.4640262126922607,
            1.625943946838379,
            1.218962049484253,
            0.9072322130203248,
            0.6448495388031006,
            0.4754524528980255,
            0.3568241119384766,
            0.24999071955680846,
            0.20214823782444,
            0.15116788148880006,
            0.13569952845573424,
            0.10552153438329696,
            0.07676399052143097,
            0.04870841577649117,
            0.04603641554713249,
            0.029946453496813775,
            0.024462185427546503,
            0.020922046154737473,
            0.01998057998716831,
            0.012658556178212165,
            0.015926746651530266,
            0.015087164379656315,
            0.01468415018171072,
            0.009140945412218571,
            0.009586622193455695,
            0.00753538180142641,
            0.00874564927071333,
            0.009039330575615168,
            0.006371519062668085,
            0.005830031074583531,
            0.006336974911391735,
            0.005819630622863769,
            0.006244428735226393,
            0.004370595421642065,
            0.006485837511718273,
            0.00617305152118206,
            0.0061971088871359825,
            0.006298711709678173,
            0.004302409011870623,
            0.005555475689470768,
            0.0041352869011461735,
            0.0034212048165500166,
            0.003904786054044962,
            0.003886311687529087,
            0.003561367280781269,
            0.003417165856808424,
            0.0033200458623468877,
            0.00368890967220068,
            0.003667219262570143,
            0.003797284560278058
        ]
    },
    "train_oa": {
        "type": "index_value",
        "index": [
            10,
            20,
            30,
            40,
            50
        ],
        "value": [
            89.9534918193778,
            95.42144564472197,
            93.52591302414349,
            93.72046915822047,
            93.14235950267746
        ]
    },
    "train_aa": {
        "type": "index_value",
        "index": [
            10,
            20,
            30,
            40,
            50
        ],
        "value": [
            93.86286188930433,
            97.43552168555412,
            97.13622453458478,
            96.94192083089979,
            96.98229925415495
        ]
    },
    "train_kappa": {
        "type": "index_value",
        "index": [
            10,
            20,
            30,
            40,
            50
        ],
        "value": [
            88.75668986026078,
            94.91217867018982,
            92.8226524648547,
            93.03674431462778,
            92.40120110538163
        ]
    },
    "param": {
        "data": {
            "data_sign": "Salinas",
            "data_file": "Salinas_10",
            "diffusion_sign": false,
            "patch_size": 13,
            "test_ratio": 0.95,
            "batch_size": 64,
            "num_classes": 16,
            "pca": 30,
            "dim_heads": 64,
            "spectral_size": 30,
            "append_dim": true
        },
        "net": {
            "trainer": "ssftt",
            "conv2d_out": 64,
            "dim": 64
        },
        "train": {
            "epochs": 50,
            "lr": 0.001,
            "weight_decay": 0
        },
        "uniq_name": "salinas_ssftt.json_10_4"
    },
    "eval": {
        "classification": "              precision    recall  f1-score   support\n\n           0     1.0000    1.0000    1.0000      1999\n           1     0.9973    1.0000    0.9987      3716\n           2     1.0000    1.0000    1.0000      1966\n           3     0.9425    0.9834    0.9625      1384\n           4     0.9196    0.9775    0.9477      2668\n           5     1.0000    1.0000    1.0000      3949\n           6     1.0000    0.9994    0.9997      3569\n           7     0.9834    0.7165    0.8290     11261\n           8     0.9984    1.0000    0.9992      6193\n           9     0.9828    0.9810    0.9819      3268\n          10     1.0000    0.9991    0.9995      1058\n          11     0.9692    1.0000    0.9843      1917\n          12     0.9333    0.9879    0.9598       906\n          13     0.9859    0.9217    0.9527      1060\n          14     0.6979    0.9673    0.8108      7258\n\n   micro avg     0.9291    0.9296    0.9294     52172\n   macro avg     0.9607    0.9689    0.9617     52172\nweighted avg     0.9447    0.9296    0.9295     52172\n",
        "oa": 93.14235950267746,
        "confusion": "[[1999    0    0    0    0    0    0    0    0    0    0    0    0    0\n     0    0]\n [   0 3716    0    0    0    0    0    0    0    0    0    0    0    0\n     0    0]\n [   0    0 1966    0    0    0    0    0    0    0    0    0    0    0\n     0    0]\n [   0    0    0 1361   23    0    0    0    0    0    0    0    0    0\n     0    0]\n [   0    0    0   60 2608    0    0    0    0    0    0    0    0    0\n     0    0]\n [   0    0    0    0    0 3949    0    0    0    0    0    0    0    0\n     0    0]\n [   0    1    0    0    1    0 3567    0    0    0    0    0    0    0\n     0    0]\n [   0    9    0    0  107    0    0 8069    0   39    0    0    0    0\n  3037    0]\n [   0    0    0    0    0    0    0    0 6193    0    0    0    0    0\n     0    0]\n [   0    0    0    0    0    0    0    0   10 3206    0   39    0   13\n     0    0]\n [   0    0    0    0    0    0    0    0    0    0 1057    1    0    0\n     0    0]\n [   0    0    0    0    0    0    0    0    0    0    0 1917    0    0\n     0    0]\n [   0    0    0    0    0    0    0    0    0    0    0   11  895    0\n     0    0]\n [   0    0    0    0    0    0    0    0    0   10    0    9   64  977\n     0    0]\n [   0    0    0    4   97    0    0  136    0    0    0    0    0    0\n  7021    0]\n [   0    0    0   19    0    0    0    0    0    7    0    1    0    1\n     2 1767]]",
        "each_acc": "[100.         100.         100.          98.33815029  97.75112444\n 100.          99.94396189  71.65438238 100.          98.10281518\n  99.90548204 100.          98.78587196  92.16981132  96.73463764\n  98.33055092]",
        "aa": 96.98229925415495,
        "kappa": 92.40120110538163
    }
}