{
    "epoch_loss": {
        "type": "index_value",
        "index": [
            1,
            2,
            3,
            4,
            5,
            6,
            7,
            8,
            9,
            10,
            11,
            12,
            13,
            14,
            15,
            16,
            17,
            18,
            19,
            20,
            21,
            22,
            23,
            24,
            25,
            26,
            27,
            28,
            29,
            30,
            31,
            32,
            33,
            34,
            35,
            36,
            37,
            38,
            39,
            40,
            41,
            42,
            43,
            44,
            45,
            46,
            47,
            48,
            49,
            50
        ],
        "value": [
            1.7819645961125692,
            0.7262341101964315,
            0.3458226223786672,
            0.16493753741184872,
            0.10919170528650284,
            0.06720924327770869,
            0.05028346925973892,
            0.04023216354350249,
            0.02658669538795948,
            0.021621815984447797,
            0.018145866754154364,
            0.014013619845112164,
            0.009437631008525689,
            0.008804845872024696,
            0.006732267405216892,
            0.00656668817003568,
            0.005555654875934124,
            0.004731677658855915,
            0.0034835265638927617,
            0.003282355796545744,
            0.003168091488381227,
            0.004403651226311922,
            0.0032668404591580233,
            0.0043916661447534954,
            0.013584123365581036,
            0.028970930011322102,
            0.026989255535105863,
            0.029959401364127794,
            0.01023740004748106,
            0.014078613463789224,
            0.0074188857028881705,
            0.007605568847308556,
            0.025290557990471522,
            0.0442385636890928,
            0.027659232588484885,
            0.021094397998725374,
            0.01033154473019143,
            0.006048625350619356,
            0.005045157515754303,
            0.002727888555576404,
            0.0036657626740634443,
            0.00166952235934635,
            0.0017950017703697086,
            0.0012093137328823408,
            0.0014670299521336954,
            0.001268422386298577,
            0.0008742070329996447,
            0.0007585990436685582,
            0.0008224305619175236,
            0.0008703460140774647
        ]
    },
    "train_oa": {
        "type": "index_value",
        "index": [
            10,
            20,
            30,
            40,
            50
        ],
        "value": [
            95.69982665100933,
            95.24315457883651,
            96.07821208223825,
            93.80603552722326,
            96.4938768662976
        ]
    },
    "train_aa": {
        "type": "index_value",
        "index": [
            10,
            20,
            30,
            40,
            50
        ],
        "value": [
            97.91545802102239,
            98.21713478033705,
            97.80144433289063,
            97.57766324130958,
            98.5328726896363
        ]
    },
    "train_kappa": {
        "type": "index_value",
        "index": [
            10,
            20,
            30,
            40,
            50
        ],
        "value": [
            95.20457767215414,
            94.71775094934532,
            95.638456188574,
            93.13035872257387,
            96.09915866587224
        ]
    },
    "param": {
        "data": {
            "data_sign": "Salinas",
            "data_file": "Salinas_30",
            "diffusion_sign": false,
            "patch_size": 13,
            "test_ratio": 0.95,
            "batch_size": 64,
            "num_classes": 16,
            "pca": 30,
            "dim_heads": 64,
            "spectral_size": 30,
            "append_dim": true
        },
        "net": {
            "trainer": "ssftt",
            "conv2d_out": 64,
            "dim": 64
        },
        "train": {
            "epochs": 50,
            "lr": 0.001,
            "weight_decay": 0
        },
        "uniq_name": "salinas_ssftt.json_30_1"
    },
    "eval": {
        "classification": "              precision    recall  f1-score   support\n\n           0     1.0000    1.0000    1.0000      1979\n           1     1.0000    1.0000    1.0000      3696\n           2     1.0000    1.0000    1.0000      1946\n           3     0.9572    1.0000    0.9781      1364\n           4     0.9996    0.9770    0.9882      2648\n           5     0.9985    0.9997    0.9991      3929\n           6     1.0000    0.9983    0.9992      3549\n           7     0.9664    0.8802    0.9213     11241\n           8     0.9929    1.0000    0.9964      6173\n           9     0.9997    0.9655    0.9823      3248\n          10     1.0000    1.0000    1.0000      1038\n          11     0.9989    0.9995    0.9992      1897\n          12     0.9966    0.9977    0.9972       886\n          13     0.9326    0.9971    0.9638      1040\n          14     0.8369    0.9525    0.8909      7238\n\n   micro avg     0.9637    0.9638    0.9638     51872\n   macro avg     0.9786    0.9845    0.9810     51872\nweighted avg     0.9664    0.9638    0.9641     51872\n",
        "oa": 96.4938768662976,
        "confusion": "[[1979    0    0    0    0    0    0    0    0    0    0    0    0    0\n     0    0]\n [   0 3696    0    0    0    0    0    0    0    0    0    0    0    0\n     0    0]\n [   0    0 1946    0    0    0    0    0    0    0    0    0    0    0\n     0    0]\n [   0    0    0 1364    0    0    0    0    0    0    0    0    0    0\n     0    0]\n [   0    0    0   61 2587    0    0    0    0    0    0    0    0    0\n     0    0]\n [   0    0    0    0    1 3928    0    0    0    0    0    0    0    0\n     0    0]\n [   0    0    0    0    0    6 3543    0    0    0    0    0    0    0\n     0    0]\n [   0    0    0    0    0    0    0 9894    0    0    0    0    0    3\n  1344    0]\n [   0    0    0    0    0    0    0    0 6173    0    0    0    0    0\n     0    0]\n [   0    0    0    0    0    0    0    0   44 3136    0    2    0   66\n     0    0]\n [   0    0    0    0    0    0    0    0    0    0 1038    0    0    0\n     0    0]\n [   0    0    0    0    0    0    0    0    0    0    0 1896    1    0\n     0    0]\n [   0    0    0    0    0    0    0    0    0    0    0    0  884    2\n     0    0]\n [   0    0    0    0    0    0    0    0    0    1    0    0    2 1037\n     0    0]\n [   0    0    0    0    0    0    0  344    0    0    0    0    0    0\n  6894    0]\n [   0    0    0    0    0    0    0    0    0    0    0    0    0    4\n     0 1773]]",
        "each_acc": "[100.         100.         100.         100.          97.69637462\n  99.97454823  99.83093829  88.01708033 100.          96.55172414\n 100.          99.94728519  99.77426637  99.71153846  95.24730589\n  99.77490152]",
        "aa": 98.5328726896363,
        "kappa": 96.09915866587224
    }
}