{
    "epoch_loss": {
        "type": "index_value",
        "index": [
            1,
            2,
            3,
            4,
            5,
            6,
            7,
            8,
            9,
            10,
            11,
            12,
            13,
            14,
            15,
            16,
            17,
            18,
            19,
            20,
            21,
            22,
            23,
            24,
            25,
            26,
            27,
            28,
            29,
            30,
            31,
            32,
            33,
            34,
            35,
            36,
            37,
            38,
            39,
            40,
            41,
            42,
            43,
            44,
            45,
            46,
            47,
            48,
            49,
            50
        ],
        "value": [
            1.874639352162679,
            0.7791122198104858,
            0.323572564125061,
            0.14555011987686156,
            0.0918248400092125,
            0.06082109212875366,
            0.03858477398753166,
            0.0290274682144324,
            0.017654740313688914,
            0.021241927022735276,
            0.013374491656819979,
            0.010979082497457663,
            0.008791275011996428,
            0.010833079398920139,
            0.007249093987047673,
            0.006313147023320198,
            0.00450674652432402,
            0.0046771886758506295,
            0.004652372468262911,
            0.0037185588230689366,
            0.004199391541381677,
            0.003210496250540018,
            0.003552429626385371,
            0.0038479434481511515,
            0.03536907158171137,
            0.04225413057332238,
            0.08818765338510275,
            0.03120053537810842,
            0.012638013840963443,
            0.014998204198976357,
            0.0062032715107003845,
            0.0038118387417246896,
            0.002754477768515547,
            0.005653209735949834,
            0.006327198329381644,
            0.003434738516807556,
            0.002468510150598983,
            0.002784939343109727,
            0.0013417744116547207,
            0.0019403928037111959,
            0.0016838311683386564,
            0.0012692080034563938,
            0.0012466726902251443,
            0.0010146588242302339,
            0.0011528111761435866,
            0.0008277633615459006,
            0.0007919853397955497,
            0.0011379366662974159,
            0.001038244638281564,
            0.0006500892030696074
        ]
    },
    "train_oa": {
        "type": "index_value",
        "index": [
            10,
            20,
            30,
            40,
            50
        ],
        "value": [
            95.86571977110478,
            95.69982665100933,
            95.5768047866689,
            95.70914648921695,
            96.3745829372402
        ]
    },
    "train_aa": {
        "type": "index_value",
        "index": [
            10,
            20,
            30,
            40,
            50
        ],
        "value": [
            97.8165915509218,
            98.19595077282067,
            98.12394562539693,
            98.25757447635907,
            98.41483216147238
        ]
    },
    "train_kappa": {
        "type": "index_value",
        "index": [
            10,
            20,
            30,
            40,
            50
        ],
        "value": [
            95.40395121462507,
            95.22041581243452,
            95.08192904636661,
            95.2320595069992,
            95.9685793724761
        ]
    },
    "param": {
        "data": {
            "data_sign": "Salinas",
            "data_file": "Salinas_30",
            "diffusion_sign": false,
            "patch_size": 13,
            "test_ratio": 0.95,
            "batch_size": 64,
            "num_classes": 16,
            "pca": 30,
            "dim_heads": 64,
            "spectral_size": 30,
            "append_dim": true
        },
        "net": {
            "trainer": "ssftt",
            "conv2d_out": 64,
            "dim": 64
        },
        "train": {
            "epochs": 50,
            "lr": 0.001,
            "weight_decay": 0
        },
        "uniq_name": "salinas_ssftt.json_30_4"
    },
    "eval": {
        "classification": "              precision    recall  f1-score   support\n\n           0     1.0000    1.0000    1.0000      1979\n           1     1.0000    1.0000    1.0000      3696\n           2     1.0000    1.0000    1.0000      1946\n           3     0.9660    1.0000    0.9827      1364\n           4     0.9996    0.9819    0.9907      2648\n           5     0.9992    1.0000    0.9996      3929\n           6     1.0000    0.9992    0.9996      3549\n           7     0.9777    0.8567    0.9132     11241\n           8     0.9981    1.0000    0.9990      6173\n           9     0.9991    0.9825    0.9907      3248\n          10     1.0000    1.0000    1.0000      1038\n          11     1.0000    1.0000    1.0000      1897\n          12     1.0000    0.9549    0.9769       886\n          13     0.9463    0.9990    0.9719      1040\n          14     0.8153    0.9751    0.8881      7238\n\n   micro avg     0.9625    0.9626    0.9626     51872\n   macro avg     0.9801    0.9833    0.9808     51872\nweighted avg     0.9670    0.9626    0.9629     51872\n",
        "oa": 96.3745829372402,
        "confusion": "[[1979    0    0    0    0    0    0    0    0    0    0    0    0    0\n     0    0]\n [   0 3696    0    0    0    0    0    0    0    0    0    0    0    0\n     0    0]\n [   0    0 1946    0    0    0    0    0    0    0    0    0    0    0\n     0    0]\n [   0    0    0 1364    0    0    0    0    0    0    0    0    0    0\n     0    0]\n [   0    0    0   48 2600    0    0    0    0    0    0    0    0    0\n     0    0]\n [   0    0    0    0    0 3929    0    0    0    0    0    0    0    0\n     0    0]\n [   0    0    0    0    0    3 3546    0    0    0    0    0    0    0\n     0    0]\n [   0    0    0    0    0    0    0 9630    0    2    0    0    0   17\n  1592    0]\n [   0    0    0    0    0    0    0    0 6173    0    0    0    0    0\n     0    0]\n [   0    0    0    0    0    0    0   40   12 3191    0    0    0    5\n     0    0]\n [   0    0    0    0    0    0    0    0    0    0 1038    0    0    0\n     0    0]\n [   0    0    0    0    0    0    0    0    0    0    0 1897    0    0\n     0    0]\n [   0    0    0    0    1    0    0    0    0    0    0    0  846   32\n     7    0]\n [   0    0    0    0    0    0    0    0    0    1    0    0    0 1039\n     0    0]\n [   0    0    0    0    0    0    0  180    0    0    0    0    0    0\n  7058    0]\n [   0    0    0    0    0    0    0    0    0    0    0    0    0    5\n     0 1772]]",
        "each_acc": "[100.         100.         100.         100.          98.18731118\n 100.          99.91546915  85.66853483 100.          98.24507389\n 100.         100.          95.48532731  99.90384615  97.51312517\n  99.7186269 ]",
        "aa": 98.41483216147238,
        "kappa": 95.9685793724761
    }
}