{
    "epoch_loss": {
        "type": "index_value",
        "index": [
            1,
            2,
            3,
            4,
            5,
            6,
            7,
            8,
            9,
            10,
            11,
            12,
            13,
            14,
            15,
            16,
            17,
            18,
            19,
            20,
            21,
            22,
            23,
            24,
            25,
            26,
            27,
            28,
            29,
            30,
            31,
            32,
            33,
            34,
            35,
            36,
            37,
            38,
            39,
            40,
            41,
            42,
            43,
            44,
            45,
            46,
            47,
            48,
            49,
            50
        ],
        "value": [
            2.0969208399454753,
            1.0081208149592082,
            0.4651005466779073,
            0.2244080752134323,
            0.128619584441185,
            0.08332136621077856,
            0.06616768290599187,
            0.047854860126972196,
            0.03821707628667355,
            0.024518314252297082,
            0.02168563852707545,
            0.01714318667848905,
            0.010438461415469646,
            0.013357237167656421,
            0.016475996126731236,
            0.011713572405278682,
            0.02081633803124229,
            0.00792705820252498,
            0.01349324540545543,
            0.013775599747896194,
            0.007618935064723094,
            0.012529320890704791,
            0.015252011409029365,
            0.005354102095589041,
            0.004113539711882671,
            0.00387202650308609,
            0.0028975220086673898,
            0.0035042636096477508,
            0.010626689220468203,
            0.003268454782664776,
            0.004302660763884584,
            0.0022607854722688594,
            0.0023271899359921613,
            0.0019842935726046562,
            0.0013607731399436793,
            0.0014196584466844796,
            0.001305869276014467,
            0.001467860140837729,
            0.0014111996744759381,
            0.001422107374916474,
            0.001034279284067452,
            0.0010522894328460098,
            0.0013486227796723445,
            0.0020883061457425355,
            0.001757064290965597,
            0.0011896037807067235,
            0.0009694479793931047,
            0.0008348007841656606,
            0.0010201521993925173,
            0.001009764076055338
        ]
    },
    "train_oa": {
        "type": "index_value",
        "index": [
            10,
            20,
            30,
            40,
            50
        ],
        "value": [
            95.57494081902738,
            96.05211653525694,
            95.02320639713695,
            95.53952543383846,
            95.70169061865086
        ]
    },
    "train_aa": {
        "type": "index_value",
        "index": [
            10,
            20,
            30,
            40,
            50
        ],
        "value": [
            97.8186085627065,
            98.54014877067594,
            97.62708831732253,
            98.29427788560253,
            98.48421103365841
        ]
    },
    "train_kappa": {
        "type": "index_value",
        "index": [
            10,
            20,
            30,
            40,
            50
        ],
        "value": [
            95.07959641196226,
            95.61144681550208,
            94.47210280852073,
            95.04416721971558,
            95.22438627380635
        ]
    },
    "param": {
        "data": {
            "data_sign": "Salinas",
            "data_file": "Salinas_30",
            "diffusion_sign": false,
            "patch_size": 13,
            "test_ratio": 0.95,
            "batch_size": 64,
            "num_classes": 16,
            "pca": 30,
            "dim_heads": 64,
            "spectral_size": 30,
            "append_dim": true
        },
        "net": {
            "trainer": "ssftt",
            "conv2d_out": 64,
            "dim": 64
        },
        "train": {
            "epochs": 50,
            "lr": 0.001,
            "weight_decay": 0
        },
        "uniq_name": "salinas_ssftt.json_30_0"
    },
    "eval": {
        "classification": "              precision    recall  f1-score   support\n\n           0     1.0000    1.0000    1.0000      1979\n           1     1.0000    1.0000    1.0000      3696\n           2     1.0000    1.0000    1.0000      1946\n           3     0.9667    1.0000    0.9831      1364\n           4     1.0000    0.9823    0.9910      2648\n           5     0.9985    1.0000    0.9992      3929\n           6     1.0000    0.9983    0.9992      3549\n           7     0.9819    0.8194    0.8933     11241\n           8     0.9973    1.0000    0.9986      6173\n           9     0.9846    0.9865    0.9855      3248\n          10     1.0000    1.0000    1.0000      1038\n          11     1.0000    1.0000    1.0000      1897\n          12     1.0000    1.0000    1.0000       886\n          13     0.9683    0.9990    0.9834      1040\n          14     0.7810    0.9765    0.8679      7238\n\n   micro avg     0.9556    0.9557    0.9556     51872\n   macro avg     0.9785    0.9841    0.9801     51872\nweighted avg     0.9626    0.9557    0.9560     51872\n",
        "oa": 95.70169061865086,
        "confusion": "[[1979    0    0    0    0    0    0    0    0    0    0    0    0    0\n     0    0]\n [   0 3696    0    0    0    0    0    0    0    0    0    0    0    0\n     0    0]\n [   0    0 1946    0    0    0    0    0    0    0    0    0    0    0\n     0    0]\n [   0    0    0 1364    0    0    0    0    0    0    0    0    0    0\n     0    0]\n [   0    0    0   47 2601    0    0    0    0    0    0    0    0    0\n     0    0]\n [   0    0    0    0    0 3929    0    0    0    0    0    0    0    0\n     0    0]\n [   0    0    0    0    0    6 3543    0    0    0    0    0    0    0\n     0    0]\n [   0    0    0    0    0    0    0 9211    1   49    0    0    0    1\n  1979    0]\n [   0    0    0    0    0    0    0    0 6173    0    0    0    0    0\n     0    0]\n [   0    0    0    0    0    0    0    0   16 3204    0    0    0   25\n     3    0]\n [   0    0    0    0    0    0    0    0    0    0 1038    0    0    0\n     0    0]\n [   0    0    0    0    0    0    0    0    0    0    0 1897    0    0\n     0    0]\n [   0    0    0    0    0    0    0    0    0    0    0    0  886    0\n     0    0]\n [   0    0    0    0    0    0    0    0    0    1    0    0    0 1039\n     0    0]\n [   0    0    0    0    0    0    0  170    0    0    0    0    0    0\n  7068    0]\n [   0    0    0    0    0    0    0    0    0    0    0    0    0    8\n     0 1769]]",
        "each_acc": "[100.         100.         100.         100.          98.22507553\n 100.          99.83093829  81.94110844 100.          98.6453202\n 100.         100.         100.          99.90384615  97.65128489\n  99.54980304]",
        "aa": 98.48421103365841,
        "kappa": 95.22438627380635
    }
}