{
    "epoch_loss": {
        "type": "index_value",
        "index": [
            1,
            2,
            3,
            4,
            5,
            6,
            7,
            8,
            9,
            10,
            11,
            12,
            13,
            14,
            15,
            16,
            17,
            18,
            19,
            20,
            21,
            22,
            23,
            24,
            25,
            26,
            27,
            28,
            29,
            30,
            31,
            32,
            33,
            34,
            35,
            36,
            37,
            38,
            39,
            40,
            41,
            42,
            43,
            44,
            45,
            46,
            47,
            48,
            49,
            50
        ],
        "value": [
            1.3083373268445333,
            0.2893014589945475,
            0.10286900848150253,
            0.06345625693599383,
            0.03770396920541922,
            0.021574131088952224,
            0.01933702143530051,
            0.018572505687673886,
            0.012417891435325146,
            0.016793676698580385,
            0.031289532237375774,
            0.028712031447018185,
            0.020441160102685294,
            0.016115761377538243,
            0.03202149588614702,
            0.019791045893604555,
            0.019063830670590202,
            0.008852664815882842,
            0.004804207508762677,
            0.005911517919351657,
            0.01468835628281037,
            0.010186939601165552,
            0.004961750144138933,
            0.0024028446214894453,
            0.013374007435049861,
            0.018692763650324195,
            0.00784444371238351,
            0.0037750590010546146,
            0.0011918606081356604,
            0.001103167775242279,
            0.0007802797656040639,
            0.0005880117668615033,
            0.0004910272778943181,
            0.0005153864127350971,
            0.0005545770982280374,
            0.0008065379108302296,
            0.0005833994150937845,
            0.00042091324964227774,
            0.00039265685481950643,
            0.000397300246792535,
            0.00036990958421180645,
            0.0003482766478555277,
            0.0003077428846154362,
            0.00028798727144021543,
            0.0003122147046572839,
            0.0003355183561022083,
            0.0003338934882776812,
            0.00025699166095970817,
            0.00022482848241149137,
            0.00024736929044593124
        ]
    },
    "train_oa": {
        "type": "index_value",
        "index": [
            10,
            20,
            30,
            40,
            50
        ],
        "value": [
            98.1643438845944,
            98.4652711166281,
            98.20195978859861,
            99.02010570069025,
            98.82074140946793
        ]
    },
    "train_aa": {
        "type": "index_value",
        "index": [
            10,
            20,
            30,
            40,
            50
        ],
        "value": [
            99.0019477501382,
            98.9829489466872,
            99.26508250735425,
            99.52764846098377,
            99.48947250631761
        ]
    },
    "train_kappa": {
        "type": "index_value",
        "index": [
            10,
            20,
            30,
            40,
            50
        ],
        "value": [
            97.95107921764398,
            98.28907728098622,
            97.99693522944264,
            98.90737645985327,
            98.6855732622176
        ]
    },
    "param": {
        "data": {
            "data_sign": "Salinas",
            "data_file": "Salinas_60",
            "diffusion_sign": false,
            "patch_size": 13,
            "test_ratio": 0.95,
            "batch_size": 64,
            "num_classes": 16,
            "pca": 30,
            "dim_heads": 64,
            "spectral_size": 30,
            "append_dim": true
        },
        "net": {
            "trainer": "ssftt",
            "conv2d_out": 64,
            "dim": 64
        },
        "train": {
            "epochs": 50,
            "lr": 0.001,
            "weight_decay": 0
        },
        "uniq_name": "salinas_ssftt.json_60_3"
    },
    "eval": {
        "classification": "              precision    recall  f1-score   support\n\n           0     1.0000    1.0000    1.0000      1949\n           1     1.0000    1.0000    1.0000      3666\n           2     1.0000    1.0000    1.0000      1916\n           3     0.9652    0.9978    0.9812      1334\n           4     0.9988    0.9943    0.9966      2618\n           5     0.9992    1.0000    0.9996      3899\n           6     1.0000    0.9991    0.9996      3519\n           7     0.9891    0.9608    0.9747     11211\n           8     1.0000    1.0000    1.0000      6143\n           9     0.9997    0.9997    0.9997      3218\n          10     1.0000    1.0000    1.0000      1008\n          11     0.9984    1.0000    0.9992      1867\n          12     1.0000    0.9907    0.9953       856\n          13     0.9951    1.0000    0.9975      1010\n          14     0.9407    0.9789    0.9594      7208\n\n   micro avg     0.9878    0.9879    0.9879     51422\n   macro avg     0.9924    0.9947    0.9935     51422\nweighted avg     0.9881    0.9879    0.9879     51422\n",
        "oa": 98.82074140946793,
        "confusion": "[[ 1949     0     0     0     0     0     0     0     0     0     0     0\n      0     0     0     0]\n [    0  3666     0     0     0     0     0     0     0     0     0     0\n      0     0     0     0]\n [    0     0  1916     0     0     0     0     0     0     0     0     0\n      0     0     0     0]\n [    0     0     0  1331     3     0     0     0     0     0     0     0\n      0     0     0     0]\n [    0     0     0    15  2603     0     0     0     0     0     0     0\n      0     0     0     0]\n [    0     0     0     0     0  3899     0     0     0     0     0     0\n      0     0     0     0]\n [    0     0     0     0     0     3  3516     0     0     0     0     0\n      0     0     0     0]\n [    0     0     0     0     0     0     0 10771     0     1     0     0\n      0     0   439     0]\n [    0     0     0     0     0     0     0     0  6143     0     0     0\n      0     0     0     0]\n [    0     0     0     0     0     0     0     0     0  3217     0     0\n      0     0     1     0]\n [    0     0     0     0     0     0     0     0     0     0  1008     0\n      0     0     0     0]\n [    0     0     0     0     0     0     0     0     0     0     0  1867\n      0     0     0     0]\n [    0     0     0     0     0     0     0     0     0     0     0     3\n    848     0     5     0]\n [    0     0     0     0     0     0     0     0     0     0     0     0\n      0  1010     0     0]\n [    0     0     0    33     0     0     0   119     0     0     0     0\n      0     0  7056     0]\n [    0     0     0     0     0     0     0     0     0     0     0     0\n      0     5     0  1742]]",
        "each_acc": "[100.         100.         100.          99.77511244  99.42704354\n 100.          99.91474851  96.0752832  100.          99.9689248\n 100.         100.          99.06542056 100.          97.89123196\n  99.71379508]",
        "aa": 99.48947250631761,
        "kappa": 98.6855732622176
    }
}