{
    "epoch_loss": {
        "type": "index_value",
        "index": [
            1,
            2,
            3,
            4,
            5,
            6,
            7,
            8,
            9,
            10,
            11,
            12,
            13,
            14,
            15,
            16,
            17,
            18,
            19,
            20,
            21,
            22,
            23,
            24,
            25,
            26,
            27,
            28,
            29,
            30,
            31,
            32,
            33,
            34,
            35,
            36,
            37,
            38,
            39,
            40,
            41,
            42,
            43,
            44,
            45,
            46,
            47,
            48,
            49,
            50
        ],
        "value": [
            1.4111237668991088,
            0.36595705986022947,
            0.1295892518758774,
            0.06251137889921665,
            0.03892308905720711,
            0.032530546858906745,
            0.026124766543507576,
            0.022530152276158334,
            0.03301932035014033,
            0.025017555505037307,
            0.015479145012795925,
            0.009161360859870911,
            0.007125537442043424,
            0.0067652355320751666,
            0.005640824120491743,
            0.013918993826955557,
            0.00607541804201901,
            0.013948641605675221,
            0.07122413140721619,
            0.032714384458959106,
            0.02486065635457635,
            0.03441057989373803,
            0.007730893446132541,
            0.004371705809608102,
            0.002631236845627427,
            0.002740347431972623,
            0.0028281801380217074,
            0.014566429760307073,
            0.012972355261445046,
            0.008844043808057905,
            0.002335809939540923,
            0.003332672184333205,
            0.0015121881919912994,
            0.0011505903257057071,
            0.000862516954075545,
            0.0006999605218879878,
            0.0007394112227484584,
            0.0006372054922394454,
            0.0005968175316229462,
            0.0004823872982524335,
            0.0006155619339551777,
            0.0004191375081427395,
            0.0013216527458280326,
            0.052475038995034994,
            0.03225609453395009,
            0.013318054862320423,
            0.02123621973209083,
            0.0078091660747304555,
            0.0022688367404043674,
            0.003306930640246719
        ]
    },
    "train_oa": {
        "type": "index_value",
        "index": [
            10,
            20,
            30,
            40,
            50
        ],
        "value": [
            96.10155825160794,
            94.96896622850606,
            97.59230437473045,
            97.8679517710814,
            97.71043897316657
        ]
    },
    "train_aa": {
        "type": "index_value",
        "index": [
            10,
            20,
            30,
            40,
            50
        ],
        "value": [
            98.06865497342554,
            97.59317572609729,
            98.91259849996831,
            99.06094151560086,
            98.9431688386939
        ]
    },
    "train_kappa": {
        "type": "index_value",
        "index": [
            10,
            20,
            30,
            40,
            50
        ],
        "value": [
            95.64751500986984,
            94.3793001572715,
            97.31765137290381,
            97.6249744825094,
            97.45012846229156
        ]
    },
    "param": {
        "data": {
            "data_sign": "Salinas",
            "data_file": "Salinas_50",
            "diffusion_sign": false,
            "patch_size": 13,
            "test_ratio": 0.95,
            "batch_size": 64,
            "num_classes": 16,
            "pca": 30,
            "dim_heads": 64,
            "spectral_size": 30,
            "append_dim": true
        },
        "net": {
            "trainer": "ssftt",
            "conv2d_out": 64,
            "dim": 64
        },
        "train": {
            "epochs": 50,
            "lr": 0.001,
            "weight_decay": 0
        },
        "uniq_name": "salinas_ssftt.json_50_3"
    },
    "eval": {
        "classification": "              precision    recall  f1-score   support\n\n           0     1.0000    0.9954    0.9977      1959\n           1     0.9976    1.0000    0.9988      3676\n           2     1.0000    1.0000    1.0000      1926\n           3     0.9767    0.9978    0.9871      1344\n           4     0.9932    0.9992    0.9962      2628\n           5     0.9995    0.9982    0.9988      3909\n           6     1.0000    0.9994    0.9997      3529\n           7     0.9739    0.9338    0.9534     11221\n           8     1.0000    1.0000    1.0000      6153\n           9     0.9406    0.9622    0.9513      3228\n          10     1.0000    1.0000    1.0000      1018\n          11     0.9404    1.0000    0.9693      1877\n          12     1.0000    1.0000    1.0000       866\n          13     0.9971    0.9980    0.9976      1020\n          14     0.9248    0.9565    0.9404      7218\n\n   micro avg     0.9763    0.9767    0.9765     51572\n   macro avg     0.9829    0.9894    0.9860     51572\nweighted avg     0.9767    0.9767    0.9765     51572\n",
        "oa": 97.71043897316657,
        "confusion": "[[ 1950     9     0     0     0     0     0     0     0     0     0     0\n      0     0     0     0]\n [    0  3676     0     0     0     0     0     0     0     0     0     0\n      0     0     0     0]\n [    0     0  1926     0     0     0     0     0     0     0     0     0\n      0     0     0     0]\n [    0     0     0  1341     3     0     0     0     0     0     0     0\n      0     0     0     0]\n [    0     0     0     2  2626     0     0     0     0     0     0     0\n      0     0     0     0]\n [    0     0     0     0     7  3902     0     0     0     0     0     0\n      0     0     0     0]\n [    0     0     0     0     0     2  3527     0     0     0     0     0\n      0     0     0     0]\n [    0     0     0     0     0     0     0 10478     0   194     0     0\n      0     0   549     0]\n [    0     0     0     0     0     0     0     0  6153     0     0     0\n      0     0     0     0]\n [    0     0     0     0     0     0     0     0     0  3106     0   113\n      0     0     9     0]\n [    0     0     0     0     0     0     0     0     0     0  1018     0\n      0     0     0     0]\n [    0     0     0     0     0     0     0     0     0     0     0  1877\n      0     0     0     0]\n [    0     0     0     0     0     0     0     0     0     0     0     0\n    866     0     0     0]\n [    0     0     0     0     0     0     0     0     0     2     0     0\n      0  1018     0     0]\n [    0     0     0    26     8     0     0   280     0     0     0     0\n      0     0  6904     0]\n [    0     0     0     4     0     0     0     1     0     0     0     6\n      0     3     3  1740]]",
        "each_acc": "[ 99.54058193 100.         100.          99.77678571  99.9238965\n  99.82092607  99.94332672  93.37848677 100.          96.22057001\n 100.         100.         100.          99.80392157  95.64976448\n  99.03244166]",
        "aa": 98.9431688386939,
        "kappa": 97.45012846229156
    }
}