{
    "epoch_loss": {
        "type": "index_value",
        "index": [
            1,
            2,
            3,
            4,
            5,
            6,
            7,
            8,
            9,
            10,
            11,
            12,
            13,
            14,
            15,
            16,
            17,
            18,
            19,
            20,
            21,
            22,
            23,
            24,
            25,
            26,
            27,
            28,
            29,
            30,
            31,
            32,
            33,
            34,
            35,
            36,
            37,
            38,
            39,
            40,
            41,
            42,
            43,
            44,
            45,
            46,
            47,
            48,
            49,
            50
        ],
        "value": [
            2.3437360763549804,
            1.3308560848236084,
            0.9337201356887818,
            0.7029661297798157,
            0.4792187213897705,
            0.3354495704174042,
            0.24987063109874724,
            0.20179812610149384,
            0.13301147818565368,
            0.11958543807268143,
            0.09383742064237595,
            0.08451805859804154,
            0.056111815571784976,
            0.05351153686642647,
            0.043578094244003295,
            0.03400533571839333,
            0.023306210339069367,
            0.019816580787301065,
            0.015306580811738968,
            0.011551221832633018,
            0.01427321769297123,
            0.014438014477491379,
            0.009754965920001269,
            0.009671194478869438,
            0.012926848791539668,
            0.006151100527495146,
            0.006731361523270607,
            0.00871306862682104,
            0.006259453576058149,
            0.0053140366915613415,
            0.006158100627362728,
            0.005091480165719986,
            0.0053938546217978,
            0.004754103906452656,
            0.004149112571030855,
            0.004762801621109247,
            0.0037846981547772886,
            0.004678033757954836,
            0.004165332578122616,
            0.0033019215799868105,
            0.0035722584463655947,
            0.003443710785359144,
            0.004437694977968931,
            0.0032395864836871624,
            0.003429617406800389,
            0.0024875261820852756,
            0.0025608647614717484,
            0.0025421843398362397,
            0.004768690839409828,
            0.0028819349128752945
        ]
    },
    "train_oa": {
        "type": "index_value",
        "index": [
            10,
            20,
            30,
            40,
            50
        ],
        "value": [
            90.87253793844614,
            94.6636031796031,
            92.28816542830143,
            92.42713409549927,
            92.423428264374
        ]
    },
    "train_aa": {
        "type": "index_value",
        "index": [
            10,
            20,
            30,
            40,
            50
        ],
        "value": [
            95.02273505273283,
            97.28956206725691,
            96.58426929937171,
            96.64058242647947,
            96.58453044662767
        ]
    },
    "train_kappa": {
        "type": "index_value",
        "index": [
            10,
            20,
            30,
            40,
            50
        ],
        "value": [
            89.83616252831767,
            94.0730441247752,
            91.45118359071071,
            91.60570663792369,
            91.60200216537571
        ]
    },
    "param": {
        "data": {
            "data_sign": "Salinas",
            "data_file": "Salinas_10",
            "diffusion_sign": false,
            "patch_size": 13,
            "test_ratio": 0.95,
            "batch_size": 64,
            "num_classes": 16,
            "pca": 30,
            "dim_heads": 64,
            "spectral_size": 30,
            "append_dim": true
        },
        "net": {
            "trainer": "ssftt",
            "conv2d_out": 64,
            "dim": 64
        },
        "train": {
            "epochs": 50,
            "lr": 0.001,
            "weight_decay": 0
        },
        "uniq_name": "salinas_ssftt.json_10_2"
    },
    "eval": {
        "classification": "              precision    recall  f1-score   support\n\n           0     1.0000    0.9990    0.9995      1999\n           1     0.9995    1.0000    0.9997      3716\n           2     1.0000    1.0000    1.0000      1966\n           3     0.9314    0.9812    0.9557      1384\n           4     0.9455    0.9355    0.9405      2668\n           5     1.0000    0.9995    0.9997      3949\n           6     1.0000    1.0000    1.0000      3569\n           7     0.9641    0.7006    0.8115     11261\n           8     0.9960    0.9990    0.9975      6193\n           9     0.9855    0.9761    0.9808      3268\n          10     1.0000    0.9991    0.9995      1058\n          11     0.9730    0.9969    0.9848      1917\n          12     0.9374    0.9912    0.9635       906\n          13     0.9841    0.9321    0.9574      1060\n          14     0.6746    0.9556    0.7909      7258\n\n   micro avg     0.9217    0.9220    0.9219     52172\n   macro avg     0.9594    0.9644    0.9587     52172\nweighted avg     0.9385    0.9220    0.9224     52172\n",
        "oa": 92.423428264374,
        "confusion": "[[1997    2    0    0    0    0    0    0    0    0    0    0    0    0\n     0    0]\n [   0 3716    0    0    0    0    0    0    0    0    0    0    0    0\n     0    0]\n [   0    0 1966    0    0    0    0    0    0    0    0    0    0    0\n     0    0]\n [   0    0    0 1358   26    0    0    0    0    0    0    0    0    0\n     0    0]\n [   0    0    0  100 2496    0    0   72    0    0    0    0    0    0\n     0    0]\n [   0    0    0    0    1 3947    0    0    0    0    0    0    0    0\n     1    0]\n [   0    0    0    0    0    0 3569    0    0    0    0    0    0    0\n     0    0]\n [   0    0    0    0   12    0    0 7889    7   32    0    0    0    0\n  3319    2]\n [   0    0    0    0    0    0    0    0 6187    0    0    0    0    0\n     6    0]\n [   0    0    0    0    0    0    0    0   18 3190    0   44    0   15\n     1    0]\n [   0    0    0    0    0    0    0    0    0    0 1057    1    0    0\n     0    0]\n [   0    0    0    0    0    0    0    0    0    0    0 1911    6    0\n     0    0]\n [   0    0    0    0    0    0    0    0    0    0    0    8  898    0\n     0    0]\n [   0    0    0    0    0    0    0    0    0    4    0    0   54  988\n    14    0]\n [   0    0    0    0  105    0    0  217    0    0    0    0    0    0\n  6936    0]\n [   0    0    0    0    0    0    0    5    0   11    0    0    0    1\n     5 1775]]",
        "each_acc": "[ 99.89994997 100.         100.          98.12138728  93.55322339\n  99.94935427 100.          70.0559453   99.90311642  97.61321909\n  99.90548204  99.68701095  99.11699779  93.20754717  95.56351612\n  98.77573734]",
        "aa": 96.58453044662767,
        "kappa": 91.60200216537571
    }
}