{
    "epoch_loss": {
        "type": "index_value",
        "index": [
            1,
            2,
            3,
            4,
            5,
            6,
            7,
            8,
            9,
            10,
            11,
            12,
            13,
            14,
            15,
            16,
            17,
            18,
            19,
            20,
            21,
            22,
            23,
            24,
            25,
            26,
            27,
            28,
            29,
            30,
            31,
            32,
            33,
            34,
            35,
            36,
            37,
            38,
            39,
            40,
            41,
            42,
            43,
            44,
            45,
            46,
            47,
            48,
            49,
            50
        ],
        "value": [
            1.1452560203416007,
            0.22304399673427855,
            0.1010657334966319,
            0.08054163136652538,
            0.06696171090006828,
            0.06102881921189172,
            0.03331058669303145,
            0.02253752574324608,
            0.017424380473260368,
            0.04198045802435705,
            0.024781581559883695,
            0.013928583290960108,
            0.023368252773902247,
            0.012279981168519173,
            0.007610638552744474,
            0.011053140687623194,
            0.008650862418913415,
            0.00337398168630898,
            0.002815931320323476,
            0.011002146522514522,
            0.009077546236637448,
            0.010499103503700877,
            0.01261878950587873,
            0.005710561952686735,
            0.008951754941205894,
            0.008492228551767766,
            0.0033258591129976724,
            0.017806633924400166,
            0.005865503022713321,
            0.003944189001673034,
            0.06695055196593915,
            0.05446295485432659,
            0.024085282747234617,
            0.00546866357991738,
            0.0017914664632241641,
            0.0010961236049687223,
            0.0011979254735966346,
            0.0011180651989499374,
            0.0006850055152816432,
            0.0010517534924604532,
            0.0004178002884145826,
            0.001107438827498949,
            0.0006029044519112047,
            0.0007160145144942882,
            0.000404455977591819,
            0.00028464121278375386,
            0.00032487643890947635,
            0.0003381101377142061,
            0.00026413849388648355,
            0.0003493839276156255
        ]
    },
    "train_oa": {
        "type": "index_value",
        "index": [
            10,
            20,
            30,
            40,
            50
        ],
        "value": [
            98.31349393499217,
            99.00016978248976,
            99.00582919881529,
            99.56422494293422,
            99.6359108830576
        ]
    },
    "train_aa": {
        "type": "index_value",
        "index": [
            10,
            20,
            30,
            40,
            50
        ],
        "value": [
            99.1399511643341,
            99.46141407615745,
            99.33662445223406,
            99.75120540792366,
            99.78845299764208
        ]
    },
    "train_kappa": {
        "type": "index_value",
        "index": [
            10,
            20,
            30,
            40,
            50
        ],
        "value": [
            98.11654032278534,
            98.88393405002631,
            98.891680574793,
            99.51387044656029,
            99.59387133638948
        ]
    },
    "param": {
        "data": {
            "data_sign": "Salinas",
            "data_file": "Salinas_70",
            "diffusion_sign": false,
            "patch_size": 13,
            "test_ratio": 0.95,
            "batch_size": 64,
            "num_classes": 16,
            "pca": 30,
            "dim_heads": 64,
            "spectral_size": 30,
            "append_dim": true
        },
        "net": {
            "trainer": "ssftt",
            "conv2d_out": 64,
            "dim": 64
        },
        "train": {
            "epochs": 50,
            "lr": 0.001,
            "weight_decay": 0
        },
        "uniq_name": "salinas_ssftt.json_70_1"
    },
    "eval": {
        "classification": "              precision    recall  f1-score   support\n\n           0     1.0000    1.0000    1.0000      1939\n           1     1.0000    1.0000    1.0000      3656\n           2     1.0000    1.0000    1.0000      1906\n           3     0.9822    0.9985    0.9903      1324\n           4     0.9977    0.9958    0.9967      2608\n           5     1.0000    1.0000    1.0000      3889\n           6     1.0000    1.0000    1.0000      3509\n           7     0.9955    0.9913    0.9934     11201\n           8     0.9992    1.0000    0.9996      6133\n           9     0.9978    0.9966    0.9972      3208\n          10     1.0000    1.0000    1.0000       998\n          11     1.0000    1.0000    1.0000      1857\n          12     1.0000    1.0000    1.0000       846\n          13     1.0000    0.9930    0.9965      1000\n          14     0.9860    0.9910    0.9885      7198\n\n   micro avg     0.9962    0.9962    0.9962     51272\n   macro avg     0.9972    0.9977    0.9975     51272\nweighted avg     0.9962    0.9962    0.9962     51272\n",
        "oa": 99.6359108830576,
        "confusion": "[[ 1939     0     0     0     0     0     0     0     0     0     0     0\n      0     0     0     0]\n [    0  3656     0     0     0     0     0     0     0     0     0     0\n      0     0     0     0]\n [    0     0  1906     0     0     0     0     0     0     0     0     0\n      0     0     0     0]\n [    0     0     0  1322     2     0     0     0     0     0     0     0\n      0     0     0     0]\n [    0     0     0    11  2597     0     0     0     0     0     0     0\n      0     0     0     0]\n [    0     0     0     0     0  3889     0     0     0     0     0     0\n      0     0     0     0]\n [    0     0     0     0     0     0  3509     0     0     0     0     0\n      0     0     0     0]\n [    0     0     0     0     2     0     0 11104     0     0     0     0\n      0     0    95     0]\n [    0     0     0     0     0     0     0     0  6133     0     0     0\n      0     0     0     0]\n [    0     0     0     0     0     0     0     0     5  3197     0     0\n      0     0     6     0]\n [    0     0     0     0     0     0     0     0     0     0   998     0\n      0     0     0     0]\n [    0     0     0     0     0     0     0     0     0     0     0  1857\n      0     0     0     0]\n [    0     0     0     0     0     0     0     0     0     0     0     0\n    846     0     0     0]\n [    0     0     0     0     0     0     0     0     0     7     0     0\n      0   993     0     0]\n [    0     0     0    13     2     0     0    50     0     0     0     0\n      0     0  7133     0]\n [    0     0     0     0     0     0     0     0     0     0     0     0\n      0     0     0  1737]]",
        "each_acc": "[100.         100.         100.          99.8489426   99.57822086\n 100.         100.          99.13400589 100.          99.65710723\n 100.         100.         100.          99.3         99.09697138\n 100.        ]",
        "aa": 99.78845299764208,
        "kappa": 99.59387133638948
    }
}