{
    "epoch_loss": {
        "type": "index_value",
        "index": [
            1,
            2,
            3,
            4,
            5,
            6,
            7,
            8,
            9,
            10,
            11,
            12,
            13,
            14,
            15,
            16,
            17,
            18,
            19,
            20,
            21,
            22,
            23,
            24,
            25,
            26,
            27,
            28,
            29,
            30,
            31,
            32,
            33,
            34,
            35,
            36,
            37,
            38,
            39,
            40,
            41,
            42,
            43,
            44,
            45,
            46,
            47,
            48,
            49,
            50
        ],
        "value": [
            1.294140274822712,
            0.2156774651259184,
            0.06643062010407448,
            0.035337729193270204,
            0.03486305046826601,
            0.02859315653331578,
            0.0163797602057457,
            0.01714145001024008,
            0.013430426572449505,
            0.009475580567959696,
            0.009907092002686113,
            0.014950810780283064,
            0.008222199033480138,
            0.004933180194348097,
            0.006034268054645508,
            0.01728088056552224,
            0.0425149075454101,
            0.029007802112028004,
            0.020019866852089764,
            0.012598599173361435,
            0.005364558676956221,
            0.010732594382716343,
            0.005663601408014074,
            0.002211383215035312,
            0.0017104676051530987,
            0.00103789396234788,
            0.001148411736357957,
            0.0007315216091228649,
            0.0006805214914493262,
            0.0018289818763150834,
            0.0006133497241535224,
            0.0005795292774564587,
            0.00042413040428073144,
            0.00038231694998103194,
            0.0003909352446498815,
            0.002007760785636492,
            0.0005198338039917871,
            0.0003746319460333325,
            0.0003187176916981116,
            0.00043105227414343974,
            0.0003766486173844896,
            0.00026686383753258267,
            0.000306747792637907,
            0.00021251346697681583,
            0.00029108927483321165,
            0.00030765444244025276,
            0.00017201912014570554,
            0.00021288220268615986,
            0.00021319090083125048,
            0.00019136605224048253
        ]
    },
    "train_oa": {
        "type": "index_value",
        "index": [
            10,
            20,
            30,
            40,
            50
        ],
        "value": [
            98.72466839486083,
            98.90064145016935,
            98.10403224280498,
            99.06904577191621,
            98.83819939828568
        ]
    },
    "train_aa": {
        "type": "index_value",
        "index": [
            10,
            20,
            30,
            40,
            50
        ],
        "value": [
            99.45766236003217,
            99.5239713557791,
            99.39517523081702,
            99.65762810042418,
            99.6032553366104
        ]
    },
    "train_kappa": {
        "type": "index_value",
        "index": [
            10,
            20,
            30,
            40,
            50
        ],
        "value": [
            98.57717349969639,
            98.77306598410152,
            97.88766270594178,
            98.96181229971111,
            98.70469896246328
        ]
    },
    "param": {
        "data": {
            "data_sign": "Salinas",
            "data_file": "Salinas_80",
            "diffusion_sign": false,
            "patch_size": 13,
            "test_ratio": 0.95,
            "batch_size": 64,
            "num_classes": 16,
            "pca": 30,
            "dim_heads": 64,
            "spectral_size": 30,
            "append_dim": true
        },
        "net": {
            "trainer": "ssftt",
            "conv2d_out": 64,
            "dim": 64
        },
        "train": {
            "epochs": 50,
            "lr": 0.001,
            "weight_decay": 0
        },
        "uniq_name": "salinas_ssftt.json_80_4"
    },
    "eval": {
        "classification": "              precision    recall  f1-score   support\n\n           0     1.0000    0.9974    0.9987      1929\n           1     0.9986    1.0000    0.9993      3646\n           2     1.0000    1.0000    1.0000      1896\n           3     0.9865    1.0000    0.9932      1314\n           4     0.9996    0.9954    0.9975      2598\n           5     1.0000    0.9997    0.9999      3879\n           6     1.0000    1.0000    1.0000      3499\n           7     0.9967    0.9506    0.9731     11191\n           8     1.0000    1.0000    1.0000      6123\n           9     0.9944    0.9997    0.9970      3198\n          10     1.0000    1.0000    1.0000       988\n          11     1.0000    1.0000    1.0000      1847\n          12     1.0000    1.0000    1.0000       836\n          13     0.9990    1.0000    0.9995       990\n          14     0.9302    0.9943    0.9612      7188\n\n   micro avg     0.9880    0.9880    0.9880     51122\n   macro avg     0.9937    0.9958    0.9946     51122\nweighted avg     0.9886    0.9880    0.9881     51122\n",
        "oa": 98.83819939828568,
        "confusion": "[[ 1924     5     0     0     0     0     0     0     0     0     0     0\n      0     0     0     0]\n [    0  3646     0     0     0     0     0     0     0     0     0     0\n      0     0     0     0]\n [    0     0  1896     0     0     0     0     0     0     0     0     0\n      0     0     0     0]\n [    0     0     0  1314     0     0     0     0     0     0     0     0\n      0     0     0     0]\n [    0     0     0    12  2586     0     0     0     0     0     0     0\n      0     0     0     0]\n [    0     0     0     0     1  3878     0     0     0     0     0     0\n      0     0     0     0]\n [    0     0     0     0     0     0  3499     0     0     0     0     0\n      0     0     0     0]\n [    0     0     0     0     0     0     0 10638     0    18     0     0\n      0     0   535     0]\n [    0     0     0     0     0     0     0     0  6123     0     0     0\n      0     0     0     0]\n [    0     0     0     0     0     0     0     0     0  3197     0     0\n      0     1     0     0]\n [    0     0     0     0     0     0     0     0     0     0   988     0\n      0     0     0     0]\n [    0     0     0     0     0     0     0     0     0     0     0  1847\n      0     0     0     0]\n [    0     0     0     0     0     0     0     0     0     0     0     0\n    836     0     0     0]\n [    0     0     0     0     0     0     0     0     0     0     0     0\n      0   990     0     0]\n [    0     0     0     6     0     0     0    35     0     0     0     0\n      0     0  7147     0]\n [    0     0     0     0     0     0     0     0     0     0     0     0\n      0     0     1  1726]]",
        "each_acc": "[ 99.74079834 100.         100.         100.          99.53810624\n  99.97422016 100.          95.05852918 100.          99.96873046\n 100.         100.         100.         100.          99.4296049\n  99.94209612]",
        "aa": 99.6032553366104,
        "kappa": 98.70469896246328
    }
}