{
    "epoch_loss": {
        "type": "index_value",
        "index": [
            1,
            2,
            3,
            4,
            5,
            6,
            7,
            8,
            9,
            10,
            11,
            12,
            13,
            14,
            15,
            16,
            17,
            18,
            19,
            20,
            21,
            22,
            23,
            24,
            25,
            26,
            27,
            28,
            29,
            30,
            31,
            32,
            33,
            34,
            35,
            36,
            37,
            38,
            39,
            40,
            41,
            42,
            43,
            44,
            45,
            46,
            47,
            48,
            49,
            50
        ],
        "value": [
            1.5998237609863282,
            0.515432208776474,
            0.1750899076461792,
            0.0954127948731184,
            0.05544448997825384,
            0.035412035137414935,
            0.035852732695639135,
            0.026158983539789914,
            0.02136089066043496,
            0.02180909477174282,
            0.01770223993808031,
            0.02501777997240424,
            0.03183170282281935,
            0.01840777569450438,
            0.017829142371192576,
            0.009492179052904249,
            0.011863933387212455,
            0.009207507758401335,
            0.0254085194086656,
            0.01270352522842586,
            0.012765462091192604,
            0.008224362356122583,
            0.007153843226842582,
            0.004143201233819127,
            0.012293160322587936,
            0.004224511689972133,
            0.002810612425673753,
            0.0018217909731902183,
            0.00205967677757144,
            0.001279712578980252,
            0.0018777051998768001,
            0.0016169568290933967,
            0.0013502071960829198,
            0.0010069476207718252,
            0.0009922728990204633,
            0.0008446595282293856,
            0.0011497531551867724,
            0.0007326752296648919,
            0.0010473613336216658,
            0.000972705811727792,
            0.0009411438688402996,
            0.0007233288430143148,
            0.0006957482546567917,
            0.0007282845384906977,
            0.0006696437689242884,
            0.0005918260052567348,
            0.0005387056735344231,
            0.0006362673797411844,
            0.0005993750790366903,
            0.0005322546378010884
        ]
    },
    "train_oa": {
        "type": "index_value",
        "index": [
            10,
            20,
            30,
            40,
            50
        ],
        "value": [
            97.04986071902634,
            97.810764830152,
            96.79747237749817,
            97.28916225766045,
            97.26298865187235
        ]
    },
    "train_aa": {
        "type": "index_value",
        "index": [
            10,
            20,
            30,
            40,
            50
        ],
        "value": [
            98.88232244388169,
            99.11181554744137,
            98.89164803163052,
            99.05750327644235,
            99.06291537903917
        ]
    },
    "train_kappa": {
        "type": "index_value",
        "index": [
            10,
            20,
            30,
            40,
            50
        ],
        "value": [
            96.71847118862459,
            97.56105692114284,
            96.43859713702017,
            96.98384209603354,
            96.95488599000893
        ]
    },
    "param": {
        "data": {
            "data_sign": "Salinas",
            "data_file": "Salinas_40",
            "diffusion_sign": false,
            "patch_size": 13,
            "test_ratio": 0.95,
            "batch_size": 64,
            "num_classes": 16,
            "pca": 30,
            "dim_heads": 64,
            "spectral_size": 30,
            "append_dim": true
        },
        "net": {
            "trainer": "ssftt",
            "conv2d_out": 64,
            "dim": 64
        },
        "train": {
            "epochs": 50,
            "lr": 0.001,
            "weight_decay": 0
        },
        "uniq_name": "salinas_ssftt.json_40_3"
    },
    "eval": {
        "classification": "              precision    recall  f1-score   support\n\n           0     1.0000    1.0000    1.0000      1969\n           1     1.0000    0.9995    0.9997      3686\n           2     1.0000    1.0000    1.0000      1936\n           3     0.9840    0.9985    0.9912      1354\n           4     0.9954    0.9936    0.9945      2638\n           5     0.9962    1.0000    0.9981      3919\n           6     1.0000    1.0000    1.0000      3539\n           7     0.9881    0.8851    0.9338     11231\n           8     1.0000    1.0000    1.0000      6163\n           9     0.9972    0.9951    0.9961      3238\n          10     1.0000    1.0000    1.0000      1028\n          11     1.0000    1.0000    1.0000      1887\n          12     1.0000    0.9989    0.9994       876\n          13     0.9913    1.0000    0.9957      1030\n          14     0.8475    0.9817    0.9097      7228\n\n   micro avg     0.9717    0.9718    0.9717     51722\n   macro avg     0.9866    0.9902    0.9879     51722\nweighted avg     0.9748    0.9718    0.9720     51722\n",
        "oa": 97.26298865187235,
        "confusion": "[[1969    0    0    0    0    0    0    0    0    0    0    0    0    0\n     0    0]\n [   0 3684    0    0    0    0    0    2    0    0    0    0    0    0\n     0    0]\n [   0    0 1936    0    0    0    0    0    0    0    0    0    0    0\n     0    0]\n [   0    0    0 1352    2    0    0    0    0    0    0    0    0    0\n     0    0]\n [   0    0    0   17 2621    0    0    0    0    0    0    0    0    0\n     0    0]\n [   0    0    0    0    0 3919    0    0    0    0    0    0    0    0\n     0    0]\n [   0    0    0    0    0    0 3539    0    0    0    0    0    0    0\n     0    0]\n [   0    0    0    0    1    0    0 9941    0    9    0    0    0    4\n  1276    0]\n [   0    0    0    0    0    0    0    0 6163    0    0    0    0    0\n     0    0]\n [   0    0    0    0    0   15    0    0    0 3222    0    0    0    0\n     1    0]\n [   0    0    0    0    0    0    0    0    0    0 1028    0    0    0\n     0    0]\n [   0    0    0    0    0    0    0    0    0    0    0 1887    0    0\n     0    0]\n [   0    0    0    0    0    0    0    0    0    0    0    0  875    1\n     0    0]\n [   0    0    0    0    0    0    0    0    0    0    0    0    0 1030\n     0    0]\n [   0    0    0    5    9    0    0  118    0    0    0    0    0    0\n  7096    0]\n [   0    0    0    0    0    0    0    0    0    0    0    0    0    4\n     0 1763]]",
        "each_acc": "[100.          99.94574064 100.          99.85228951  99.3555724\n 100.         100.          88.51393465 100.          99.50586782\n 100.         100.          99.88584475 100.          98.17376868\n  99.77362762]",
        "aa": 99.06291537903917,
        "kappa": 96.95488599000893
    }
}