{
    "epoch_loss": {
        "type": "index_value",
        "index": [
            1,
            2,
            3,
            4,
            5,
            6,
            7,
            8,
            9,
            10,
            11,
            12,
            13,
            14,
            15,
            16,
            17,
            18,
            19,
            20,
            21,
            22,
            23,
            24,
            25,
            26,
            27,
            28,
            29,
            30,
            31,
            32,
            33,
            34,
            35,
            36,
            37,
            38,
            39,
            40,
            41,
            42,
            43,
            44,
            45,
            46,
            47,
            48,
            49,
            50
        ],
        "value": [
            1.5036320781707764,
            0.354503133893013,
            0.10239082902669906,
            0.06704918041825295,
            0.05952052474021911,
            0.0760120552778244,
            0.03591245643794536,
            0.04319128282368183,
            0.028892517387866974,
            0.016817119531333448,
            0.01958692792803049,
            0.015499683618545533,
            0.01291649293154478,
            0.015497230868786573,
            0.05588935121893883,
            0.01960867801681161,
            0.013611497264355421,
            0.008617991786450148,
            0.004812697554007173,
            0.003588481112383306,
            0.003137329425662756,
            0.0038267527148127555,
            0.00362196400295943,
            0.0036178248655050994,
            0.010045030293986202,
            0.00596748121548444,
            0.00591975340154022,
            0.007205439042299986,
            0.0034771623788401483,
            0.0019448989210650324,
            0.001360642947256565,
            0.015181087674573063,
            0.022124249036423863,
            0.023180052377283572,
            0.010271563781425358,
            0.01520434495061636,
            0.033320853826589884,
            0.01553158637136221,
            0.013141661281697452,
            0.003676356179639697,
            0.001973858238197863,
            0.0012613149732351302,
            0.0008898212015628815,
            0.0009932611556723713,
            0.000889030178077519,
            0.0008778324455488473,
            0.0009241764061152935,
            0.0009562138235196471,
            0.0008616977883502841,
            0.0005584769765846431
        ]
    },
    "train_oa": {
        "type": "index_value",
        "index": [
            10,
            20,
            30,
            40,
            50
        ],
        "value": [
            97.11414052391757,
            97.38603761555626,
            97.08601323857563,
            97.23790057942207,
            97.440417033884
        ]
    },
    "train_aa": {
        "type": "index_value",
        "index": [
            10,
            20,
            30,
            40,
            50
        ],
        "value": [
            98.7452027226305,
            98.89348545904305,
            98.654799088694,
            98.53031944223822,
            98.93414873327853
        ]
    },
    "train_kappa": {
        "type": "index_value",
        "index": [
            10,
            20,
            30,
            40,
            50
        ],
        "value": [
            96.78492564457683,
            97.09021792175326,
            96.75517966599796,
            96.92328251721791,
            97.14969206320245
        ]
    },
    "param": {
        "data": {
            "data_sign": "Salinas",
            "data_file": "Salinas_50",
            "diffusion_sign": false,
            "patch_size": 13,
            "test_ratio": 0.95,
            "batch_size": 64,
            "num_classes": 16,
            "pca": 30,
            "dim_heads": 64,
            "spectral_size": 30,
            "append_dim": true
        },
        "net": {
            "trainer": "ssftt",
            "conv2d_out": 64,
            "dim": 64
        },
        "train": {
            "epochs": 50,
            "lr": 0.001,
            "weight_decay": 0
        },
        "uniq_name": "salinas_ssftt.json_50_2"
    },
    "eval": {
        "classification": "              precision    recall  f1-score   support\n\n           0     1.0000    1.0000    1.0000      1959\n           1     1.0000    1.0000    1.0000      3676\n           2     0.9938    1.0000    0.9969      1926\n           3     0.9607    1.0000    0.9799      1344\n           4     0.9751    1.0000    0.9874      2628\n           5     0.9824    1.0000    0.9911      3909\n           6     0.9989    1.0000    0.9994      3529\n           7     0.9619    0.9347    0.9481     11221\n           8     0.9989    1.0000    0.9994      6153\n           9     0.9206    0.9727    0.9459      3228\n          10     1.0000    1.0000    1.0000      1018\n          11     1.0000    1.0000    1.0000      1877\n          12     1.0000    1.0000    1.0000       866\n          13     0.9641    1.0000    0.9817      1020\n          14     0.9401    0.9255    0.9327      7218\n\n   micro avg     0.9735    0.9736    0.9736     51572\n   macro avg     0.9798    0.9889    0.9842     51572\nweighted avg     0.9736    0.9736    0.9735     51572\n",
        "oa": 97.440417033884,
        "confusion": "[[ 1959     0     0     0     0     0     0     0     0     0     0     0\n      0     0     0     0]\n [    0  3676     0     0     0     0     0     0     0     0     0     0\n      0     0     0     0]\n [    0     0  1926     0     0     0     0     0     0     0     0     0\n      0     0     0     0]\n [    0     0     0  1344     0     0     0     0     0     0     0     0\n      0     0     0     0]\n [    0     0     0     0  2628     0     0     0     0     0     0     0\n      0     0     0     0]\n [    0     0     0     0     0  3909     0     0     0     0     0     0\n      0     0     0     0]\n [    0     0     0     0     0     0  3529     0     0     0     0     0\n      0     0     0     0]\n [    0     0    12     0     0     0     4 10488     0   270     0     0\n      0    32   415     0]\n [    0     0     0     0     0     0     0     0  6153     0     0     0\n      0     0     0     0]\n [    0     0     0     0     0    70     0     0     7  3140     0     0\n      0     0    11     0]\n [    0     0     0     0     0     0     0     0     0     0  1018     0\n      0     0     0     0]\n [    0     0     0     0     0     0     0     0     0     0     0  1877\n      0     0     0     0]\n [    0     0     0     0     0     0     0     0     0     0     0     0\n    866     0     0     0]\n [    0     0     0     0     0     0     0     0     0     0     0     0\n      0  1020     0     0]\n [    0     0     0    55    67     0     0   415     0     1     0     0\n      0     0  6680     0]\n [    0     0     0     0     0     0     0     0     0     0     0     0\n      0     6     0  1751]]",
        "each_acc": "[100.         100.         100.         100.         100.\n 100.         100.          93.46760538 100.          97.27385378\n 100.         100.         100.         100.          92.54641175\n  99.65850882]",
        "aa": 98.93414873327853,
        "kappa": 97.14969206320245
    }
}