{
    "epoch_loss": {
        "type": "index_value",
        "index": [
            1,
            2,
            3,
            4,
            5,
            6,
            7,
            8,
            9,
            10,
            11,
            12,
            13,
            14,
            15,
            16,
            17,
            18,
            19,
            20,
            21,
            22,
            23,
            24,
            25,
            26,
            27,
            28,
            29,
            30,
            31,
            32,
            33,
            34,
            35,
            36,
            37,
            38,
            39,
            40,
            41,
            42,
            43,
            44,
            45,
            46,
            47,
            48,
            49,
            50
        ],
        "value": [
            1.4554559032122294,
            0.3486782282590866,
            0.12712313930193583,
            0.08310046220819155,
            0.0864859752357006,
            0.04575898436208566,
            0.03655125157286723,
            0.02400865356127421,
            0.018603430098543563,
            0.015878514448801676,
            0.02224057475104928,
            0.01782401939854026,
            0.022018267353996635,
            0.011414984598134954,
            0.006222217141961058,
            0.004463906617214282,
            0.0067539789791529374,
            0.014219278710273404,
            0.05275237789998452,
            0.01992360446602106,
            0.014886997919529677,
            0.006600784215455254,
            0.010746391016679506,
            0.004831858732116719,
            0.0044192925483609235,
            0.005332913199284425,
            0.013723814766854048,
            0.03988906384911388,
            0.01629252724039058,
            0.020731777177813153,
            0.008420810398335258,
            0.004206546031249066,
            0.0019926689021910232,
            0.0012736123288050293,
            0.0008687352761626244,
            0.0012733271539521714,
            0.0007885960823235412,
            0.0007339405885431916,
            0.0006106898227396111,
            0.0007877304160501808,
            0.0005843249479463944,
            0.00048736859074172877,
            0.0006548843521159142,
            0.00046879807487130163,
            0.0008728640270419419,
            0.0006546473052973548,
            0.000443486047637028,
            0.0004190814041066915,
            0.00035989340685773643,
            0.00047191095266801617
        ]
    },
    "train_oa": {
        "type": "index_value",
        "index": [
            10,
            20,
            30,
            40,
            50
        ],
        "value": [
            96.71989317083262,
            97.76749609734996,
            97.27096616449434,
            98.55931087663863,
            98.61573473264497
        ]
    },
    "train_aa": {
        "type": "index_value",
        "index": [
            10,
            20,
            30,
            40,
            50
        ],
        "value": [
            98.86173838792953,
            98.79212553107979,
            99.0328119101602,
            99.48708742768622,
            99.50815909868405
        ]
    },
    "train_kappa": {
        "type": "index_value",
        "index": [
            10,
            20,
            30,
            40,
            50
        ],
        "value": [
            96.35118641513263,
            97.51365905118897,
            96.96310415492972,
            98.39490286010107,
            98.45776844395546
        ]
    },
    "param": {
        "data": {
            "data_sign": "Salinas",
            "data_file": "Salinas_60",
            "diffusion_sign": false,
            "patch_size": 13,
            "test_ratio": 0.95,
            "batch_size": 64,
            "num_classes": 16,
            "pca": 30,
            "dim_heads": 64,
            "spectral_size": 30,
            "append_dim": true
        },
        "net": {
            "trainer": "ssftt",
            "conv2d_out": 64,
            "dim": 64
        },
        "train": {
            "epochs": 50,
            "lr": 0.001,
            "weight_decay": 0
        },
        "uniq_name": "salinas_ssftt.json_60_2"
    },
    "eval": {
        "classification": "              precision    recall  f1-score   support\n\n           0     1.0000    1.0000    1.0000      1949\n           1     1.0000    1.0000    1.0000      3666\n           2     1.0000    1.0000    1.0000      1916\n           3     0.9501    1.0000    0.9744      1334\n           4     1.0000    0.9962    0.9981      2618\n           5     1.0000    1.0000    1.0000      3899\n           6     1.0000    1.0000    1.0000      3519\n           7     0.9930    0.9477    0.9698     11211\n           8     1.0000    1.0000    1.0000      6143\n           9     0.9951    1.0000    0.9975      3218\n          10     0.9767    1.0000    0.9882      1008\n          11     1.0000    1.0000    1.0000      1867\n          12     1.0000    0.9988    0.9994       856\n          13     0.9970    0.9990    0.9980      1010\n          14     0.9281    0.9813    0.9539      7208\n\n   micro avg     0.9857    0.9857    0.9857     51422\n   macro avg     0.9893    0.9949    0.9920     51422\nweighted avg     0.9863    0.9857    0.9858     51422\n",
        "oa": 98.61573473264497,
        "confusion": "[[ 1949     0     0     0     0     0     0     0     0     0     0     0\n      0     0     0     0]\n [    0  3666     0     0     0     0     0     0     0     0     0     0\n      0     0     0     0]\n [    0     0  1916     0     0     0     0     0     0     0     0     0\n      0     0     0     0]\n [    0     0     0  1334     0     0     0     0     0     0     0     0\n      0     0     0     0]\n [    0     0     0    10  2608     0     0     0     0     0     0     0\n      0     0     0     0]\n [    0     0     0     0     0  3899     0     0     0     0     0     0\n      0     0     0     0]\n [    0     0     0     0     0     0  3519     0     0     0     0     0\n      0     0     0     0]\n [    0     0     0     0     0     0     0 10625     0    15    24     0\n      0     0   547     0]\n [    0     0     0     0     0     0     0     0  6143     0     0     0\n      0     0     0     0]\n [    0     0     0     0     0     0     0     0     0  3218     0     0\n      0     0     0     0]\n [    0     0     0     0     0     0     0     0     0     0  1008     0\n      0     0     0     0]\n [    0     0     0     0     0     0     0     0     0     0     0  1867\n      0     0     0     0]\n [    0     0     0     0     0     0     0     0     0     0     0     0\n    855     0     1     0]\n [    0     0     0     0     0     0     0     0     0     1     0     0\n      0  1009     0     0]\n [    0     0     0    60     0     0     0    75     0     0     0     0\n      0     0  7073     0]\n [    0     0     0     0     0     0     0     0     0     0     0     0\n      0     3     0  1744]]",
        "each_acc": "[100.         100.         100.         100.          99.61802903\n 100.         100.          94.77299081 100.         100.\n 100.         100.          99.88317757  99.9009901   98.12708102\n  99.82827705]",
        "aa": 99.50815909868405,
        "kappa": 98.45776844395546
    }
}