{
    "epoch_loss": {
        "type": "index_value",
        "index": [
            1,
            2,
            3,
            4,
            5,
            6,
            7,
            8,
            9,
            10,
            11,
            12,
            13,
            14,
            15,
            16,
            17,
            18,
            19,
            20,
            21,
            22,
            23,
            24,
            25,
            26,
            27,
            28,
            29,
            30,
            31,
            32,
            33,
            34,
            35,
            36,
            37,
            38,
            39,
            40,
            41,
            42,
            43,
            44,
            45,
            46,
            47,
            48,
            49,
            50
        ],
        "value": [
            1.3472838600476582,
            0.29712692350149156,
            0.1057407853504022,
            0.11871433233221372,
            0.07335968688130379,
            0.043382230152686434,
            0.031127152095238367,
            0.018498201916615168,
            0.018400727212429045,
            0.010048390676577887,
            0.008430465528120597,
            0.00529539353835086,
            0.0061754036384324236,
            0.0048961888533085585,
            0.009741778283690413,
            0.05913965604268014,
            0.02516098916530609,
            0.006323769797260562,
            0.003075938718393445,
            0.0023704070209835965,
            0.004726128644930819,
            0.003347337176091969,
            0.0022254287420461574,
            0.0017866443609818815,
            0.0018481437427302202,
            0.0019340313311355809,
            0.00989183916632707,
            0.0045903582319927715,
            0.00440674878967305,
            0.002578843862283975,
            0.004618259135168046,
            0.002038116023565332,
            0.004681423155125231,
            0.0019192721655902764,
            0.004582406130308906,
            0.014604006940498949,
            0.003575622709468007,
            0.002205066883470863,
            0.0021148490001602718,
            0.0016673991107381881,
            0.001031252200482413,
            0.0007588928119124223,
            0.0006501584585445623,
            0.000687832070980221,
            0.0008734445281637211,
            0.0004994864527058477,
            0.0004157575283898041,
            0.0003748953226022422,
            0.000420552240878654,
            0.00032737238119201115
        ]
    },
    "train_oa": {
        "type": "index_value",
        "index": [
            10,
            20,
            30,
            40,
            50
        ],
        "value": [
            98.37123135661759,
            98.32609227181253,
            98.49536383983148,
            98.20760217419925,
            98.68532415505275
        ]
    },
    "train_aa": {
        "type": "index_value",
        "index": [
            10,
            20,
            30,
            40,
            50
        ],
        "value": [
            99.28162742927297,
            99.3332201407686,
            99.36360290038927,
            99.29157128862379,
            99.46017066395461
        ]
    },
    "train_kappa": {
        "type": "index_value",
        "index": [
            10,
            20,
            30,
            40,
            50
        ],
        "value": [
            98.18435615840258,
            98.13515319082717,
            98.32263956774356,
            98.00271991794666,
            98.53420503746663
        ]
    },
    "param": {
        "data": {
            "data_sign": "Salinas",
            "data_file": "Salinas_60",
            "diffusion_sign": false,
            "patch_size": 13,
            "test_ratio": 0.95,
            "batch_size": 64,
            "num_classes": 16,
            "pca": 30,
            "dim_heads": 64,
            "spectral_size": 30,
            "append_dim": true
        },
        "net": {
            "trainer": "ssftt",
            "conv2d_out": 64,
            "dim": 64
        },
        "train": {
            "epochs": 50,
            "lr": 0.001,
            "weight_decay": 0
        },
        "uniq_name": "salinas_ssftt.json_60_0"
    },
    "eval": {
        "classification": "              precision    recall  f1-score   support\n\n           0     1.0000    1.0000    1.0000      1949\n           1     0.9997    1.0000    0.9999      3666\n           2     1.0000    1.0000    1.0000      1916\n           3     0.9708    0.9985    0.9845      1334\n           4     0.9989    0.9969    0.9979      2618\n           5     1.0000    1.0000    1.0000      3899\n           6     1.0000    0.9986    0.9993      3519\n           7     0.9768    0.9654    0.9711     11211\n           8     1.0000    1.0000    1.0000      6143\n           9     0.9991    1.0000    0.9995      3218\n          10     1.0000    1.0000    1.0000      1008\n          11     1.0000    1.0000    1.0000      1867\n          12     1.0000    1.0000    1.0000       856\n          13     0.9931    0.9970    0.9951      1010\n          14     0.9469    0.9600    0.9534      7208\n\n   micro avg     0.9864    0.9865    0.9865     51422\n   macro avg     0.9924    0.9944    0.9934     51422\nweighted avg     0.9865    0.9865    0.9865     51422\n",
        "oa": 98.68532415505275,
        "confusion": "[[ 1949     0     0     0     0     0     0     0     0     0     0     0\n      0     0     0     0]\n [    0  3666     0     0     0     0     0     0     0     0     0     0\n      0     0     0     0]\n [    0     0  1916     0     0     0     0     0     0     0     0     0\n      0     0     0     0]\n [    0     1     0  1332     1     0     0     0     0     0     0     0\n      0     0     0     0]\n [    0     0     0     8  2610     0     0     0     0     0     0     0\n      0     0     0     0]\n [    0     0     0     0     0  3899     0     0     0     0     0     0\n      0     0     0     0]\n [    0     0     0     0     0     0  3514     3     0     0     0     0\n      0     2     0     0]\n [    0     0     0     0     0     0     0 10823     0     0     0     0\n      0     0   388     0]\n [    0     0     0     0     0     0     0     0  6143     0     0     0\n      0     0     0     0]\n [    0     0     0     0     0     0     0     0     0  3218     0     0\n      0     0     0     0]\n [    0     0     0     0     0     0     0     0     0     0  1008     0\n      0     0     0     0]\n [    0     0     0     0     0     0     0     0     0     0     0  1867\n      0     0     0     0]\n [    0     0     0     0     0     0     0     0     0     0     0     0\n    856     0     0     0]\n [    0     0     0     0     0     0     0     0     0     3     0     0\n      0  1007     0     0]\n [    0     0     0    32     2     0     0   254     0     0     0     0\n      0     0  6920     0]\n [    0     0     0     0     0     0     0     0     0     0     0     0\n      0     5     0  1742]]",
        "each_acc": "[100.         100.         100.          99.85007496  99.69442322\n 100.          99.85791418  96.53911337 100.         100.\n 100.         100.         100.          99.7029703   96.00443951\n  99.71379508]",
        "aa": 99.46017066395461,
        "kappa": 98.53420503746663
    }
}