{
    "epoch_loss": {
        "type": "index_value",
        "index": [
            1,
            2,
            3,
            4,
            5,
            6,
            7,
            8,
            9,
            10,
            11,
            12,
            13,
            14,
            15,
            16,
            17,
            18,
            19,
            20,
            21,
            22,
            23,
            24,
            25,
            26,
            27,
            28,
            29,
            30,
            31,
            32,
            33,
            34,
            35,
            36,
            37,
            38,
            39,
            40,
            41,
            42,
            43,
            44,
            45,
            46,
            47,
            48,
            49,
            50
        ],
        "value": [
            2.0912976264953613,
            1.0925587654113769,
            0.6568116307258606,
            0.38257876634597776,
            0.23733305931091309,
            0.1661093205213547,
            0.10236352607607842,
            0.07048603668808937,
            0.048703261837363246,
            0.054886899515986444,
            0.047423597797751425,
            0.044392234459519384,
            0.028810144029557706,
            0.0339953001588583,
            0.01863552164286375,
            0.020733240619301797,
            0.010889150574803353,
            0.010982890613377094,
            0.007835288345813752,
            0.006767691671848297,
            0.006418300420045852,
            0.007263486180454493,
            0.005689309071749448,
            0.006324249738827348,
            0.0047532595228403805,
            0.004325362667441368,
            0.003928494639694691,
            0.0036518428474664687,
            0.003407158050686121,
            0.004714962327852845,
            0.0031191365327686072,
            0.00310617508366704,
            0.003143928712233901,
            0.002617694344371557,
            0.0032862742897123098,
            0.0024554546922445296,
            0.0021910669049248098,
            0.002195423492230475,
            0.002671879483386874,
            0.002322721667587757,
            0.002215728093869984,
            0.0017773644998669625,
            0.0020839279284700753,
            0.0016981645254418253,
            0.0017097838688641786,
            0.0013718859292566777,
            0.001492799841798842,
            0.00156926647759974,
            0.0015438462141901255,
            0.0017139647854492069
        ]
    },
    "train_oa": {
        "type": "index_value",
        "index": [
            10,
            20,
            30,
            40,
            50
        ],
        "value": [
            96.2850080841495,
            94.94508353621141,
            96.31845973721867,
            96.02854541061903,
            95.80553439015777
        ]
    },
    "train_aa": {
        "type": "index_value",
        "index": [
            10,
            20,
            30,
            40,
            50
        ],
        "value": [
            97.8101258484473,
            97.89048293469281,
            98.18989313691931,
            98.18317868711657,
            98.11157962202226
        ]
    },
    "train_kappa": {
        "type": "index_value",
        "index": [
            10,
            20,
            30,
            40,
            50
        ],
        "value": [
            95.8603371013139,
            94.39434778379508,
            95.91020645543882,
            95.58951267684617,
            95.34294873960829
        ]
    },
    "param": {
        "data": {
            "data_sign": "Salinas",
            "data_file": "Salinas_20",
            "diffusion_sign": false,
            "patch_size": 13,
            "test_ratio": 0.95,
            "batch_size": 64,
            "num_classes": 16,
            "pca": 30,
            "dim_heads": 64,
            "spectral_size": 30,
            "append_dim": true
        },
        "net": {
            "trainer": "ssftt",
            "conv2d_out": 64,
            "dim": 64
        },
        "train": {
            "epochs": 50,
            "lr": 0.001,
            "weight_decay": 0
        },
        "uniq_name": "salinas_ssftt.json_20_0"
    },
    "eval": {
        "classification": "              precision    recall  f1-score   support\n\n           0     1.0000    0.9824    0.9911      1989\n           1     0.9906    1.0000    0.9953      3706\n           2     1.0000    1.0000    1.0000      1956\n           3     0.9541    0.9978    0.9755      1374\n           4     0.9917    0.9831    0.9873      2658\n           5     1.0000    1.0000    1.0000      3939\n           6     0.9930    1.0000    0.9965      3559\n           7     0.9942    0.8423    0.9120     11251\n           8     0.9971    1.0000    0.9985      6183\n           9     0.9864    0.9156    0.9497      3258\n          10     0.9209    1.0000    0.9588      1048\n          11     0.9252    0.9995    0.9609      1907\n          12     0.9955    0.9978    0.9967       896\n          13     0.8399    0.9990    0.9126      1050\n          14     0.8218    0.9843    0.8957      7248\n\n   micro avg     0.9566    0.9567    0.9567     52022\n   macro avg     0.9607    0.9801    0.9687     52022\nweighted avg     0.9623    0.9567    0.9568     52022\n",
        "oa": 95.80553439015777,
        "confusion": "[[1954   35    0    0    0    0    0    0    0    0    0    0    0    0\n     0    0]\n [   0 3706    0    0    0    0    0    0    0    0    0    0    0    0\n     0    0]\n [   0    0 1956    0    0    0    0    0    0    0    0    0    0    0\n     0    0]\n [   0    0    0 1371    3    0    0    0    0    0    0    0    0    0\n     0    0]\n [   0    0    0   45 2613    0    0    0    0    0    0    0    0    0\n     0    0]\n [   0    0    0    0    0 3939    0    0    0    0    0    0    0    0\n     0    0]\n [   0    0    0    0    0    0 3559    0    0    0    0    0    0    0\n     0    0]\n [   0    0    0    0    0    0    5 9477    0   41   90    0    0   91\n  1547    0]\n [   0    0    0    0    0    0    0    0 6183    0    0    0    0    0\n     0    0]\n [   0    0    0    0    0    0    0    1   18 2983    0  154    0  102\n     0    0]\n [   0    0    0    0    0    0    0    0    0    0 1048    0    0    0\n     0    0]\n [   0    0    0    0    0    0    0    0    0    0    0 1906    1    0\n     0    0]\n [   0    0    0    0    0    0    0    0    0    0    0    0  894    2\n     0    0]\n [   0    0    0    0    0    0    0    0    0    0    0    0    1 1049\n     0    0]\n [   0    0    0   21   19    0   20   54    0    0    0    0    0    0\n  7134    0]\n [   0    0    0    0    0    0    0    0    0    0    0    0    2    5\n     0 1780]]",
        "each_acc": "[ 98.24032177 100.         100.          99.78165939  98.30699774\n 100.         100.          84.23251267 100.          91.5592388\n 100.          99.94756162  99.77678571  99.9047619   98.42715232\n  99.60828204]",
        "aa": 98.11157962202226,
        "kappa": 95.34294873960829
    }
}