{
    "epoch_loss": {
        "type": "index_value",
        "index": [
            1,
            2,
            3,
            4,
            5,
            6,
            7,
            8,
            9,
            10,
            11,
            12,
            13,
            14,
            15,
            16,
            17,
            18,
            19,
            20,
            21,
            22,
            23,
            24,
            25,
            26,
            27,
            28,
            29,
            30,
            31,
            32,
            33,
            34,
            35,
            36,
            37,
            38,
            39,
            40,
            41,
            42,
            43,
            44,
            45,
            46,
            47,
            48,
            49,
            50
        ],
        "value": [
            1.0943153351545334,
            0.17702733278274535,
            0.07149143572896718,
            0.04311344744637609,
            0.02057342582847923,
            0.03963815516326576,
            0.0458835628349334,
            0.01960012494819239,
            0.009356352279428392,
            0.009629003854934126,
            0.033835149102378635,
            0.02078149913577363,
            0.010599863901734351,
            0.004287692799698562,
            0.002358201949391514,
            0.003574760124320164,
            0.001318717104732059,
            0.0012566791963763535,
            0.002054394369770307,
            0.0010886482516070828,
            0.0008312174861202948,
            0.0009874427123577334,
            0.0008455610237433575,
            0.0007352219821768813,
            0.000678266683826223,
            0.0007498313934775069,
            0.0006048615454346873,
            0.0004413945636770222,
            0.0004982784630556125,
            0.00036974739996367136,
            0.0004046848560392391,
            0.0005710944991733413,
            0.0005004428952815942,
            0.00048703867360018195,
            0.0003267039835918695,
            0.00029570031256298535,
            0.000276236478384817,
            0.00032386361599492377,
            0.000288987354724668,
            0.00025840843954938464,
            0.0002537453812692547,
            0.0002437651804939378,
            0.00021574121601588558,
            0.0002405758379609324,
            0.00021245185016596224,
            0.0001710008000372909,
            0.00015554760248051024,
            0.00020072504885320085,
            0.00016387929681513925,
            0.00015145844918151852
        ]
    },
    "train_oa": {
        "type": "index_value",
        "index": [
            10,
            20,
            30,
            40,
            50
        ],
        "value": [
            98.5203125886961,
            98.84009158167609,
            98.76251206266912,
            98.97065223561468,
            98.9744366023955
        ]
    },
    "train_aa": {
        "type": "index_value",
        "index": [
            10,
            20,
            30,
            40,
            50
        ],
        "value": [
            99.20176521645865,
            99.54089966266785,
            99.53571503530463,
            99.56278780869697,
            99.60084251854458
        ]
    },
    "train_kappa": {
        "type": "index_value",
        "index": [
            10,
            20,
            30,
            40,
            50
        ],
        "value": [
            98.35017611004766,
            98.70652539616725,
            98.62025158048951,
            98.85190375918091,
            98.85627301109989
        ]
    },
    "param": {
        "data": {
            "data_sign": "Salinas",
            "data_file": "Salinas_80",
            "diffusion_sign": false,
            "patch_size": 13,
            "test_ratio": 0.95,
            "batch_size": 64,
            "num_classes": 16,
            "pca": 30,
            "dim_heads": 64,
            "spectral_size": 30,
            "append_dim": true
        },
        "net": {
            "trainer": "ssftt",
            "conv2d_out": 64,
            "dim": 64
        },
        "train": {
            "epochs": 50,
            "lr": 0.001,
            "weight_decay": 0
        },
        "uniq_name": "salinas_ssftt.json_80_0"
    },
    "eval": {
        "classification": "              precision    recall  f1-score   support\n\n           0     1.0000    1.0000    1.0000      1929\n           1     1.0000    1.0000    1.0000      3646\n           2     1.0000    1.0000    1.0000      1896\n           3     0.9843    1.0000    0.9921      1314\n           4     1.0000    0.9973    0.9987      2598\n           5     1.0000    1.0000    1.0000      3879\n           6     1.0000    1.0000    1.0000      3499\n           7     0.9927    0.9628    0.9775     11191\n           8     1.0000    1.0000    1.0000      6123\n           9     0.9941    0.9953    0.9947      3198\n          10     1.0000    1.0000    1.0000       988\n          11     1.0000    1.0000    1.0000      1847\n          12     1.0000    1.0000    1.0000       836\n          13     0.9851    1.0000    0.9925       990\n          14     0.9456    0.9871    0.9659      7188\n\n   micro avg     0.9894    0.9896    0.9895     51122\n   macro avg     0.9935    0.9962    0.9948     51122\nweighted avg     0.9897    0.9896    0.9895     51122\n",
        "oa": 98.9744366023955,
        "confusion": "[[ 1929     0     0     0     0     0     0     0     0     0     0     0\n      0     0     0     0]\n [    0  3646     0     0     0     0     0     0     0     0     0     0\n      0     0     0     0]\n [    0     0  1896     0     0     0     0     0     0     0     0     0\n      0     0     0     0]\n [    0     0     0  1314     0     0     0     0     0     0     0     0\n      0     0     0     0]\n [    0     0     0     7  2591     0     0     0     0     0     0     0\n      0     0     0     0]\n [    0     0     0     0     0  3879     0     0     0     0     0     0\n      0     0     0     0]\n [    0     0     0     0     0     0  3499     0     0     0     0     0\n      0     0     0     0]\n [    0     0     0     0     0     0     0 10775     0     8     0     0\n      0     0   408     0]\n [    0     0     0     0     0     0     0     0  6123     0     0     0\n      0     0     0     0]\n [    0     0     0     0     0     0     0     0     0  3183     0     0\n      0    15     0     0]\n [    0     0     0     0     0     0     0     0     0     0   988     0\n      0     0     0     0]\n [    0     0     0     0     0     0     0     0     0     0     0  1847\n      0     0     0     0]\n [    0     0     0     0     0     0     0     0     0     0     0     0\n    836     0     0     0]\n [    0     0     0     0     0     0     0     0     0     0     0     0\n      0   990     0     0]\n [    0     0     0    14     0     0     0    79     0     0     0     0\n      0     0  7095     0]\n [    0     0     0     0     0     0     0     0     0    11     0     0\n      0     0     0  1716]]",
        "each_acc": "[100.         100.         100.         100.          99.73056197\n 100.         100.          96.28272719 100.          99.53095685\n 100.         100.         100.         100.          98.70617696\n  99.36305732]",
        "aa": 99.60084251854458,
        "kappa": 98.85627301109989
    }
}