{
    "epoch_loss": {
        "type": "index_value",
        "index": [
            1,
            2,
            3,
            4,
            5,
            6,
            7,
            8,
            9,
            10,
            11,
            12,
            13,
            14,
            15,
            16,
            17,
            18,
            19,
            20,
            21,
            22,
            23,
            24,
            25,
            26,
            27,
            28,
            29,
            30,
            31,
            32,
            33,
            34,
            35,
            36,
            37,
            38,
            39,
            40,
            41,
            42,
            43,
            44,
            45,
            46,
            47,
            48,
            49,
            50
        ],
        "value": [
            1.6677428364753724,
            0.5105394750833512,
            0.19828276336193085,
            0.08815133087337017,
            0.05212933830916881,
            0.031314707547426227,
            0.020510439481586217,
            0.015037292055785656,
            0.011496722232550383,
            0.012725555896759033,
            0.012531836284324527,
            0.00812842883169651,
            0.008185384864918887,
            0.041658924077637494,
            0.058888435317203405,
            0.02511204043403268,
            0.01458216761238873,
            0.0060654943343251945,
            0.006118895602412522,
            0.0037064003525301816,
            0.0024691744591109456,
            0.002139574626926333,
            0.0024186042603105305,
            0.0016972217475995422,
            0.0017237611580640077,
            0.0015296364668756723,
            0.0012702250096481293,
            0.0013952457054983824,
            0.0012907733616884798,
            0.001170363964047283,
            0.0010316831176169217,
            0.0011743977258447558,
            0.0008883856178727,
            0.0011909728404134513,
            0.00947406753548421,
            0.0025940851191990077,
            0.0020129342272412034,
            0.0017454577551688998,
            0.0018678731576073915,
            0.0017237132007721812,
            0.000903666444355622,
            0.0008518275339156389,
            0.0007754831865895539,
            0.0007080806681187823,
            0.0007560442085377872,
            0.0005983136739814654,
            0.0007076936046360061,
            0.0007561748003354296,
            0.0005387861659983173,
            0.0004587962990626693
        ]
    },
    "train_oa": {
        "type": "index_value",
        "index": [
            10,
            20,
            30,
            40,
            50
        ],
        "value": [
            97.59202826749424,
            97.40881302697751,
            97.47798612798894,
            97.09846884406139,
            97.45742115201257
        ]
    },
    "train_aa": {
        "type": "index_value",
        "index": [
            10,
            20,
            30,
            40,
            50
        ],
        "value": [
            98.60689899955992,
            99.07666345839199,
            99.09157271947868,
            98.92110164267463,
            99.07046985577597
        ]
    },
    "train_kappa": {
        "type": "index_value",
        "index": [
            10,
            20,
            30,
            40,
            50
        ],
        "value": [
            97.3187259316278,
            97.11581862190374,
            97.19264721153212,
            96.77184829579886,
            97.17004321393571
        ]
    },
    "param": {
        "data": {
            "data_sign": "Salinas",
            "data_file": "Salinas_40",
            "diffusion_sign": false,
            "patch_size": 13,
            "test_ratio": 0.95,
            "batch_size": 64,
            "num_classes": 16,
            "pca": 30,
            "dim_heads": 64,
            "spectral_size": 30,
            "append_dim": true
        },
        "net": {
            "trainer": "ssftt",
            "conv2d_out": 64,
            "dim": 64
        },
        "train": {
            "epochs": 50,
            "lr": 0.001,
            "weight_decay": 0
        },
        "uniq_name": "salinas_ssftt.json_40_4"
    },
    "eval": {
        "classification": "              precision    recall  f1-score   support\n\n           0     1.0000    1.0000    1.0000      1969\n           1     1.0000    1.0000    1.0000      3686\n           2     1.0000    1.0000    1.0000      1936\n           3     0.9582    1.0000    0.9787      1354\n           4     0.9996    0.9841    0.9918      2638\n           5     0.9995    1.0000    0.9997      3919\n           6     1.0000    1.0000    1.0000      3539\n           7     0.9792    0.9044    0.9403     11231\n           8     1.0000    1.0000    1.0000      6163\n           9     0.9890    0.9985    0.9937      3238\n          10     0.9981    1.0000    0.9990      1028\n          11     0.9995    1.0000    0.9997      1887\n          12     1.0000    1.0000    1.0000       876\n          13     0.9913    1.0000    0.9957      1030\n          14     0.8712    0.9678    0.9170      7228\n\n   micro avg     0.9737    0.9738    0.9738     51722\n   macro avg     0.9857    0.9903    0.9877     51722\nweighted avg     0.9754    0.9738    0.9739     51722\n",
        "oa": 97.45742115201257,
        "confusion": "[[ 1969     0     0     0     0     0     0     0     0     0     0     0\n      0     0     0     0]\n [    0  3686     0     0     0     0     0     0     0     0     0     0\n      0     0     0     0]\n [    0     0  1936     0     0     0     0     0     0     0     0     0\n      0     0     0     0]\n [    0     0     0  1354     0     0     0     0     0     0     0     0\n      0     0     0     0]\n [    0     0     0    42  2596     0     0     0     0     0     0     0\n      0     0     0     0]\n [    0     0     0     0     0  3919     0     0     0     0     0     0\n      0     0     0     0]\n [    0     0     0     0     0     0  3539     0     0     0     0     0\n      0     0     0     0]\n [    0     0     0     0     0     1     0 10157     0    36     0     0\n      0     3  1034     0]\n [    0     0     0     0     0     0     0     0  6163     0     0     0\n      0     0     0     0]\n [    0     0     0     0     0     1     0     1     0  3233     2     1\n      0     0     0     0]\n [    0     0     0     0     0     0     0     0     0     0  1028     0\n      0     0     0     0]\n [    0     0     0     0     0     0     0     0     0     0     0  1887\n      0     0     0     0]\n [    0     0     0     0     0     0     0     0     0     0     0     0\n    876     0     0     0]\n [    0     0     0     0     0     0     0     0     0     0     0     0\n      0  1030     0     0]\n [    0     0     0    17     1     0     0   215     0     0     0     0\n      0     0  6995     0]\n [    0     0     0     0     0     0     0     0     0     0     0     0\n      0     6     0  1761]]",
        "each_acc": "[100.         100.         100.         100.          98.40788476\n 100.         100.          90.4371828  100.          99.84558369\n 100.         100.         100.         100.          96.77642501\n  99.66044143]",
        "aa": 99.07046985577597,
        "kappa": 97.17004321393571
    }
}