{
    "epoch_loss": {
        "type": "index_value",
        "index": [
            1,
            2,
            3,
            4,
            5,
            6,
            7,
            8,
            9,
            10,
            11,
            12,
            13,
            14,
            15,
            16,
            17,
            18,
            19,
            20,
            21,
            22,
            23,
            24,
            25,
            26,
            27,
            28,
            29,
            30,
            31,
            32,
            33,
            34,
            35,
            36,
            37,
            38,
            39,
            40,
            41,
            42,
            43,
            44,
            45,
            46,
            47,
            48,
            49,
            50
        ],
        "value": [
            1.6076343154907227,
            0.44277220487594604,
            0.1569027429819107,
            0.0745257630944252,
            0.06124990463256836,
            0.04438821777701378,
            0.03525895230472088,
            0.025364163741469384,
            0.034357653111219404,
            0.02481275774538517,
            0.025570872146636246,
            0.016786059960722924,
            0.008571201916784048,
            0.0095263147726655,
            0.004915714506059885,
            0.0032990576792508363,
            0.0025101740472018718,
            0.005147400125861168,
            0.005330768376588821,
            0.02661118820309639,
            0.050832729563117025,
            0.016548742782324554,
            0.00959471294656396,
            0.011642196355387569,
            0.006255310066044331,
            0.00434539251960814,
            0.0025339548429474234,
            0.0027071781642735004,
            0.001615606457926333,
            0.0010618039919063449,
            0.001051458534784615,
            0.0009451647289097309,
            0.0007272205641493201,
            0.0007081943331286311,
            0.0006959610781632363,
            0.0006048004166223108,
            0.0005821171100251377,
            0.0006334366113878786,
            0.0006261885655112565,
            0.0005302772810682655,
            0.00042937041027471426,
            0.0005017406912520528,
            0.0004681225481908768,
            0.00045869308058172465,
            0.0003832938673440367,
            0.0004091806965880096,
            0.00037504328531213105,
            0.00045274392934516075,
            0.00031802107696421444,
            0.0003752531437203288
        ]
    },
    "train_oa": {
        "type": "index_value",
        "index": [
            10,
            20,
            30,
            40,
            50
        ],
        "value": [
            96.29844924900148,
            94.9652159237938,
            97.59792983179884,
            97.63168257420915,
            97.6991880590298
        ]
    },
    "train_aa": {
        "type": "index_value",
        "index": [
            10,
            20,
            30,
            40,
            50
        ],
        "value": [
            98.29804189372715,
            98.133523073685,
            98.8888935276966,
            98.91964838672835,
            98.98274860295902
        ]
    },
    "train_kappa": {
        "type": "index_value",
        "index": [
            10,
            20,
            30,
            40,
            50
        ],
        "value": [
            95.87013514015835,
            94.40767932106185,
            97.32403871968856,
            97.36199474800662,
            97.4375523780234
        ]
    },
    "param": {
        "data": {
            "data_sign": "Salinas",
            "data_file": "Salinas_50",
            "diffusion_sign": false,
            "patch_size": 13,
            "test_ratio": 0.95,
            "batch_size": 64,
            "num_classes": 16,
            "pca": 30,
            "dim_heads": 64,
            "spectral_size": 30,
            "append_dim": true
        },
        "net": {
            "trainer": "ssftt",
            "conv2d_out": 64,
            "dim": 64
        },
        "train": {
            "epochs": 50,
            "lr": 0.001,
            "weight_decay": 0
        },
        "uniq_name": "salinas_ssftt.json_50_0"
    },
    "eval": {
        "classification": "              precision    recall  f1-score   support\n\n           0     1.0000    1.0000    1.0000      1959\n           1     1.0000    1.0000    1.0000      3676\n           2     1.0000    1.0000    1.0000      1926\n           3     0.9760    1.0000    0.9879      1344\n           4     0.9985    0.9989    0.9987      2628\n           5     1.0000    1.0000    1.0000      3909\n           6     1.0000    0.9994    0.9997      3529\n           7     0.9699    0.9342    0.9517     11221\n           8     0.9994    1.0000    0.9997      6153\n           9     0.9308    0.9628    0.9466      3228\n          10     1.0000    1.0000    1.0000      1018\n          11     0.9427    0.9989    0.9700      1877\n          12     0.9977    1.0000    0.9988       866\n          13     0.9942    1.0000    0.9971      1020\n          14     0.9312    0.9521    0.9415      7218\n\n   micro avg     0.9762    0.9765    0.9764     51572\n   macro avg     0.9827    0.9898    0.9861     51572\nweighted avg     0.9765    0.9765    0.9764     51572\n",
        "oa": 97.6991880590298,
        "confusion": "[[ 1959     0     0     0     0     0     0     0     0     0     0     0\n      0     0     0     0]\n [    0  3676     0     0     0     0     0     0     0     0     0     0\n      0     0     0     0]\n [    0     0  1926     0     0     0     0     0     0     0     0     0\n      0     0     0     0]\n [    0     0     0  1344     0     0     0     0     0     0     0     0\n      0     0     0     0]\n [    0     0     0     3  2625     0     0     0     0     0     0     0\n      0     0     0     0]\n [    0     0     0     0     0  3909     0     0     0     0     0     0\n      0     0     0     0]\n [    0     0     0     0     0     0  3527     2     0     0     0     0\n      0     0     0     0]\n [    0     0     0     0     0     0     0 10483     0   231     0     0\n      0     0   507     0]\n [    0     0     0     0     0     0     0     0  6153     0     0     0\n      0     0     0     0]\n [    0     0     0     0     0     0     0     0     4  3108     0   114\n      0     1     1     0]\n [    0     0     0     0     0     0     0     0     0     0  1018     0\n      0     0     0     0]\n [    0     0     0     0     0     0     0     0     0     0     0  1875\n      2     0     0     0]\n [    0     0     0     0     0     0     0     0     0     0     0     0\n    866     0     0     0]\n [    0     0     0     0     0     0     0     0     0     0     0     0\n      0  1020     0     0]\n [    0     0     0    30     4     0     0   312     0     0     0     0\n      0     0  6872     0]\n [    0     0     0     0     0     0     0    11     0     0     0     0\n      0     5     0  1741]]",
        "each_acc": "[100.         100.         100.         100.          99.88584475\n 100.          99.94332672  93.42304607 100.          96.28252788\n 100.          99.89344699 100.         100.          95.20642837\n  99.08935686]",
        "aa": 98.98274860295902,
        "kappa": 97.4375523780234
    }
}