{
    "epoch_loss": {
        "type": "index_value",
        "index": [
            1,
            2,
            3,
            4,
            5,
            6,
            7,
            8,
            9,
            10,
            11,
            12,
            13,
            14,
            15,
            16,
            17,
            18,
            19,
            20,
            21,
            22,
            23,
            24,
            25,
            26,
            27,
            28,
            29,
            30,
            31,
            32,
            33,
            34,
            35,
            36,
            37,
            38,
            39,
            40,
            41,
            42,
            43,
            44,
            45,
            46,
            47,
            48,
            49,
            50
        ],
        "value": [
            2.4578248500823974,
            1.4765307188034058,
            1.0733425259590148,
            0.7468092441558838,
            0.543562388420105,
            0.3770248770713806,
            0.2733268439769745,
            0.1938195139169693,
            0.14295053482055664,
            0.11692848652601243,
            0.08516358435153962,
            0.06682518646121025,
            0.06670228317379952,
            0.0468633659183979,
            0.03356551826000213,
            0.033282671496272086,
            0.0242484662681818,
            0.02858637645840645,
            0.04934966154396534,
            0.014111464843153954,
            0.02013661079108715,
            0.015197674371302127,
            0.016530917212367057,
            0.011414864845573903,
            0.011384081840515137,
            0.009522470273077488,
            0.014057944342494012,
            0.009723256528377532,
            0.0061385129578411576,
            0.007441003806889057,
            0.007314908504486084,
            0.006347332242876291,
            0.005002034641802311,
            0.006058308482170105,
            0.0060325018130242825,
            0.004900144599378109,
            0.00516518522053957,
            0.004269046057015657,
            0.004544579703360796,
            0.004413518309593201,
            0.003578045265749097,
            0.005077499989420175,
            0.003680379455909133,
            0.0035230682231485845,
            0.003878847323358059,
            0.003799362760037184,
            0.0038281882181763647,
            0.0035409781150519846,
            0.0037604028359055517,
            0.0028024765662848948
        ]
    },
    "train_oa": {
        "type": "index_value",
        "index": [
            10,
            20,
            30,
            40,
            50
        ],
        "value": [
            93.17200615167967,
            94.51351701902945,
            94.47089996108878,
            93.69082250921825,
            94.90077637162074
        ]
    },
    "train_aa": {
        "type": "index_value",
        "index": [
            10,
            20,
            30,
            40,
            50
        ],
        "value": [
            96.63502732545886,
            97.06284420597169,
            97.43288742680627,
            97.27935158045338,
            97.5714316456888
        ]
    },
    "train_kappa": {
        "type": "index_value",
        "index": [
            10,
            20,
            30,
            40,
            50
        ],
        "value": [
            92.41876057518077,
            93.91263760649122,
            93.86733408039545,
            93.00900929883663,
            94.34182215943011
        ]
    },
    "param": {
        "data": {
            "data_sign": "Salinas",
            "data_file": "Salinas_10",
            "diffusion_sign": false,
            "patch_size": 13,
            "test_ratio": 0.95,
            "batch_size": 64,
            "num_classes": 16,
            "pca": 30,
            "dim_heads": 64,
            "spectral_size": 30,
            "append_dim": true
        },
        "net": {
            "trainer": "ssftt",
            "conv2d_out": 64,
            "dim": 64
        },
        "train": {
            "epochs": 50,
            "lr": 0.001,
            "weight_decay": 0
        },
        "uniq_name": "salinas_ssftt.json_10_0"
    },
    "eval": {
        "classification": "              precision    recall  f1-score   support\n\n           0     0.9960    1.0000    0.9980      1999\n           1     1.0000    1.0000    1.0000      3716\n           2     0.9954    1.0000    0.9977      1966\n           3     0.9400    0.9841    0.9615      1384\n           4     0.9593    0.9730    0.9661      2668\n           5     1.0000    0.9995    0.9997      3949\n           6     0.9933    1.0000    0.9966      3569\n           7     0.9809    0.8021    0.8825     11261\n           8     0.9957    1.0000    0.9978      6193\n           9     0.9767    0.9627    0.9696      3268\n          10     0.9925    1.0000    0.9962      1058\n          11     0.9697    1.0000    0.9846      1917\n          12     0.9355    0.9923    0.9630       906\n          13     0.8851    0.9377    0.9107      1060\n          14     0.7809    0.9707    0.8655      7258\n\n   micro avg     0.9473    0.9476    0.9474     52172\n   macro avg     0.9601    0.9748    0.9660     52172\nweighted avg     0.9542    0.9476    0.9475     52172\n",
        "oa": 94.90077637162074,
        "confusion": "[[1999    0    0    0    0    0    0    0    0    0    0    0    0    0\n     0    0]\n [   0 3716    0    0    0    0    0    0    0    0    0    0    0    0\n     0    0]\n [   0    0 1966    0    0    0    0    0    0    0    0    0    0    0\n     0    0]\n [   0    0    0 1362   22    0    0    0    0    0    0    0    0    0\n     0    0]\n [   0    0    0   72 2596    0    0    0    0    0    0    0    0    0\n     0    0]\n [   0    0    0    0    2 3947    0    0    0    0    0    0    0    0\n     0    0]\n [   0    0    0    0    0    0 3569    0    0    0    0    0    0    0\n     0    0]\n [   8    0    0    0   64    0   24 9032    4   60    8    0    0   84\n  1977    0]\n [   0    0    0    0    0    0    0    0 6193    0    0    0    0    0\n     0    0]\n [   0    0    0    0    0    0    0    0   23 3146    0   60    0   39\n     0    0]\n [   0    0    0    0    0    0    0    0    0    0 1058    0    0    0\n     0    0]\n [   0    0    0    0    0    0    0    0    0    0    0 1917    0    0\n     0    0]\n [   0    0    7    0    0    0    0    0    0    0    0    0  899    0\n     0    0]\n [   0    0    2    0    0    0    0    0    0    2    0    0   62  994\n     0    0]\n [   0    0    0   15   22    0    0  176    0    0    0    0    0    0\n  7045    0]\n [   0    0    0    0    0    0    0    0    0   13    0    0    0    6\n     0 1778]]",
        "each_acc": "[100.         100.         100.          98.41040462  97.30134933\n  99.94935427 100.          80.20602078 100.          96.26682987\n 100.         100.          99.22737307  93.77358491  97.06530725\n  98.94268225]",
        "aa": 97.5714316456888,
        "kappa": 94.34182215943011
    }
}