{
    "epoch_loss": {
        "type": "index_value",
        "index": [
            1,
            2,
            3,
            4,
            5,
            6,
            7,
            8,
            9,
            10,
            11,
            12,
            13,
            14,
            15,
            16,
            17,
            18,
            19,
            20,
            21,
            22,
            23,
            24,
            25,
            26,
            27,
            28,
            29,
            30,
            31,
            32,
            33,
            34,
            35,
            36,
            37,
            38,
            39,
            40,
            41,
            42,
            43,
            44,
            45,
            46,
            47,
            48,
            49,
            50
        ],
        "value": [
            1.9847707351048787,
            0.8555144627888998,
            0.403228759765625,
            0.20755171179771423,
            0.13546298841635387,
            0.08791675418615341,
            0.05328713978330294,
            0.04423893131315708,
            0.025894430093467237,
            0.029152970140178997,
            0.02424929477274418,
            0.023134087895353636,
            0.01738411970436573,
            0.013078503062327702,
            0.007898619460562865,
            0.007784236501902342,
            0.005638658689955871,
            0.006426847943415245,
            0.004902563989162445,
            0.003991157483930389,
            0.003524730447679758,
            0.004341640897716085,
            0.007040165069823464,
            0.016289782182623943,
            0.017313066062827905,
            0.032430282421410085,
            0.022070884301016728,
            0.011084027122706175,
            0.016459131644417844,
            0.033821642957627775,
            0.028845661288748183,
            0.011188714144130548,
            0.013034600298851728,
            0.006865151785314083,
            0.00424333579527835,
            0.005954514350742101,
            0.0032781625011314946,
            0.0019828321256985266,
            0.0022548567814131577,
            0.0015118006927271684,
            0.0012215468799695373,
            0.0010134472278878093,
            0.0011156042688526212,
            0.0012434162160692116,
            0.0009033901461710532,
            0.0010850432716930905,
            0.001178443532747527,
            0.0013831561741729577,
            0.001131280263264974,
            0.0010312002152204514
        ]
    },
    "train_oa": {
        "type": "index_value",
        "index": [
            10,
            20,
            30,
            40,
            50
        ],
        "value": [
            96.18818617308803,
            95.93468657384108,
            94.78461853902216,
            95.66441126582042,
            95.78929709780239
        ]
    },
    "train_aa": {
        "type": "index_value",
        "index": [
            10,
            20,
            30,
            40,
            50
        ],
        "value": [
            97.75562103513009,
            98.14678563713926,
            95.97098495998398,
            98.06528549751648,
            98.27208577997062
        ]
    },
    "train_kappa": {
        "type": "index_value",
        "index": [
            10,
            20,
            30,
            40,
            50
        ],
        "value": [
            95.75147635427092,
            95.4831488620655,
            94.20645437922437,
            95.18377929492078,
            95.32199588372386
        ]
    },
    "param": {
        "data": {
            "data_sign": "Salinas",
            "data_file": "Salinas_30",
            "diffusion_sign": false,
            "patch_size": 13,
            "test_ratio": 0.95,
            "batch_size": 64,
            "num_classes": 16,
            "pca": 30,
            "dim_heads": 64,
            "spectral_size": 30,
            "append_dim": true
        },
        "net": {
            "trainer": "ssftt",
            "conv2d_out": 64,
            "dim": 64
        },
        "train": {
            "epochs": 50,
            "lr": 0.001,
            "weight_decay": 0
        },
        "uniq_name": "salinas_ssftt.json_30_3"
    },
    "eval": {
        "classification": "              precision    recall  f1-score   support\n\n           0     1.0000    1.0000    1.0000      1979\n           1     1.0000    1.0000    1.0000      3696\n           2     0.9995    1.0000    0.9997      1946\n           3     0.9674    0.9993    0.9831      1364\n           4     1.0000    0.9826    0.9912      2648\n           5     0.9997    0.9995    0.9996      3929\n           6     1.0000    0.9997    0.9999      3549\n           7     0.9811    0.8293    0.8988     11241\n           8     1.0000    1.0000    1.0000      6173\n           9     0.9690    0.9806    0.9748      3248\n          10     1.0000    1.0000    1.0000      1038\n          11     1.0000    1.0000    1.0000      1897\n          12     1.0000    0.9718    0.9857       886\n          13     0.8683    0.9952    0.9274      1040\n          14     0.7993    0.9751    0.8785      7238\n\n   micro avg     0.9565    0.9568    0.9566     51872\n   macro avg     0.9723    0.9822    0.9759     51872\nweighted avg     0.9624    0.9568    0.9569     51872\n",
        "oa": 95.78929709780239,
        "confusion": "[[1979    0    0    0    0    0    0    0    0    0    0    0    0    0\n     0    0]\n [   0 3696    0    0    0    0    0    0    0    0    0    0    0    0\n     0    0]\n [   0    0 1946    0    0    0    0    0    0    0    0    0    0    0\n     0    0]\n [   0    0    1 1363    0    0    0    0    0    0    0    0    0    0\n     0    0]\n [   0    0    0   46 2602    0    0    0    0    0    0    0    0    0\n     0    0]\n [   0    0    0    0    0 3927    0    0    0    2    0    0    0    0\n     0    0]\n [   0    0    0    0    0    1 3548    0    0    0    0    0    0    0\n     0    0]\n [   0    0    0    0    0    0    0 9322    0   95    0    0    0   60\n  1764    0]\n [   0    0    0    0    0    0    0    0 6173    0    0    0    0    0\n     0    0]\n [   0    0    0    0    0    0    0    0    0 3185    0    0    0   63\n     0    0]\n [   0    0    0    0    0    0    0    0    0    0 1038    0    0    0\n     0    0]\n [   0    0    0    0    0    0    0    0    0    0    0 1897    0    0\n     0    0]\n [   0    0    0    0    0    0    0    0    0    0    0    0  861   17\n     8    0]\n [   0    0    0    0    0    0    0    0    0    5    0    0    0 1035\n     0    0]\n [   0    0    0    0    0    0    0  180    0    0    0    0    0    0\n  7058    0]\n [   0    0    0    0    0    0    0    0    0    0    0    0    0   17\n     0 1760]]",
        "each_acc": "[100.         100.         100.          99.92668622  98.26283988\n  99.94909646  99.97182305  82.92856507 100.          98.06034483\n 100.         100.          97.17832957  99.51923077  97.51312517\n  99.04333146]",
        "aa": 98.27208577997062,
        "kappa": 95.32199588372386
    }
}