{
    "epoch_loss": {
        "type": "index_value",
        "index": [
            1,
            2,
            3,
            4,
            5,
            6,
            7,
            8,
            9,
            10,
            11,
            12,
            13,
            14,
            15,
            16,
            17,
            18,
            19,
            20,
            21,
            22,
            23,
            24,
            25,
            26,
            27,
            28,
            29,
            30,
            31,
            32,
            33,
            34,
            35,
            36,
            37,
            38,
            39,
            40,
            41,
            42,
            43,
            44,
            45,
            46,
            47,
            48,
            49,
            50
        ],
        "value": [
            1.9375032504399619,
            0.8142002701759339,
            0.37799615065256753,
            0.17436239421367644,
            0.10035742570956548,
            0.06614717990159988,
            0.05411911507447561,
            0.05388873666524887,
            0.03784109503030777,
            0.02234508072336515,
            0.01609395705163479,
            0.01325701605528593,
            0.011447031982243061,
            0.008358550320068995,
            0.00745783435801665,
            0.005859171537061532,
            0.006100550107657909,
            0.0042969752723972,
            0.0037976989212135472,
            0.004493164146939913,
            0.003286407158399622,
            0.004368163893620173,
            0.003800284458945195,
            0.002662555283556382,
            0.0028436856344342233,
            0.0021041429912050567,
            0.0023336687901367743,
            0.0022672435579200586,
            0.0018599837552756072,
            0.0020532183659573394,
            0.0017077498060340682,
            0.0018203436241795619,
            0.0013729087620352705,
            0.001628244730333487,
            0.001651532482355833,
            0.0016598272370174528,
            0.0013130357566600046,
            0.0011209547674904266,
            0.0011666063374529282,
            0.0010686557119091351,
            0.0008677027033021053,
            0.0010826446348801255,
            0.0013245457860951622,
            0.001126834424212575,
            0.0011877614151065549,
            0.0009711627770836155,
            0.0007633624055112402,
            0.0008025627699680627,
            0.0007962534669786692,
            0.0008402036735787987
        ]
    },
    "train_oa": {
        "type": "index_value",
        "index": [
            10,
            20,
            30,
            40,
            50
        ],
        "value": [
            96.82566310648846,
            95.94773434733173,
            96.33543961676824,
            95.81912058006672,
            96.27206471695652
        ]
    },
    "train_aa": {
        "type": "index_value",
        "index": [
            10,
            20,
            30,
            40,
            50
        ],
        "value": [
            97.95655247883003,
            98.2127751631722,
            98.44525228338526,
            98.07348836795096,
            98.40233069947504
        ]
    },
    "train_kappa": {
        "type": "index_value",
        "index": [
            10,
            20,
            30,
            40,
            50
        ],
        "value": [
            96.46244510196809,
            95.49617810852624,
            95.92461270182055,
            95.35345324472986,
            95.85434374888428
        ]
    },
    "param": {
        "data": {
            "data_sign": "Salinas",
            "data_file": "Salinas_30",
            "diffusion_sign": false,
            "patch_size": 13,
            "test_ratio": 0.95,
            "batch_size": 64,
            "num_classes": 16,
            "pca": 30,
            "dim_heads": 64,
            "spectral_size": 30,
            "append_dim": true
        },
        "net": {
            "trainer": "ssftt",
            "conv2d_out": 64,
            "dim": 64
        },
        "train": {
            "epochs": 50,
            "lr": 0.001,
            "weight_decay": 0
        },
        "uniq_name": "salinas_ssftt.json_30_2"
    },
    "eval": {
        "classification": "              precision    recall  f1-score   support\n\n           0     1.0000    1.0000    1.0000      1979\n           1     1.0000    1.0000    1.0000      3696\n           2     1.0000    1.0000    1.0000      1946\n           3     0.9646    1.0000    0.9820      1364\n           4     1.0000    0.9811    0.9905      2648\n           5     0.9995    1.0000    0.9997      3929\n           6     1.0000    0.9994    0.9997      3549\n           7     0.9715    0.8630    0.9140     11241\n           8     0.9969    1.0000    0.9985      6173\n           9     0.9865    0.9711    0.9787      3248\n          10     1.0000    1.0000    1.0000      1038\n          11     1.0000    1.0000    1.0000      1897\n          12     1.0000    0.9718    0.9857       886\n          13     0.9098    0.9990    0.9523      1040\n          14     0.8227    0.9606    0.8864      7238\n\n   micro avg     0.9614    0.9615    0.9615     51872\n   macro avg     0.9768    0.9831    0.9792     51872\nweighted avg     0.9651    0.9615    0.9618     51872\n",
        "oa": 96.27206471695652,
        "confusion": "[[1979    0    0    0    0    0    0    0    0    0    0    0    0    0\n     0    0]\n [   0 3696    0    0    0    0    0    0    0    0    0    0    0    0\n     0    0]\n [   0    0 1946    0    0    0    0    0    0    0    0    0    0    0\n     0    0]\n [   0    0    0 1364    0    0    0    0    0    0    0    0    0    0\n     0    0]\n [   0    0    0   50 2598    0    0    0    0    0    0    0    0    0\n     0    0]\n [   0    0    0    0    0 3929    0    0    0    0    0    0    0    0\n     0    0]\n [   0    0    0    0    0    2 3547    0    0    0    0    0    0    0\n     0    0]\n [   0    0    0    0    0    0    0 9701    0   42    0    0    0    0\n  1498    0]\n [   0    0    0    0    0    0    0    0 6173    0    0    0    0    0\n     0    0]\n [   0    0    0    0    0    0    0    0   19 3154    0    0    0   75\n     0    0]\n [   0    0    0    0    0    0    0    0    0    0 1038    0    0    0\n     0    0]\n [   0    0    0    0    0    0    0    0    0    0    0 1897    0    0\n     0    0]\n [   0    0    0    0    0    0    0    0    0    0    0    0  861   25\n     0    0]\n [   0    0    0    0    0    0    0    0    0    1    0    0    0 1039\n     0    0]\n [   0    0    0    0    0    0    0  285    0    0    0    0    0    0\n  6953    0]\n [   0    0    0    0    0    0    0    0    0    0    0    0    0    3\n     0 1774]]",
        "each_acc": "[100.         100.         100.         100.          98.11178248\n 100.          99.9436461   86.30015123 100.          97.10591133\n 100.         100.          97.17832957  99.90384615  96.06244819\n  99.83117614]",
        "aa": 98.40233069947504,
        "kappa": 95.85434374888428
    }
}