{
    "epoch_loss": {
        "type": "index_value",
        "index": [
            1,
            2,
            3,
            4,
            5,
            6,
            7,
            8,
            9,
            10,
            11,
            12,
            13,
            14,
            15,
            16,
            17,
            18,
            19,
            20,
            21,
            22,
            23,
            24,
            25,
            26,
            27,
            28,
            29,
            30,
            31,
            32,
            33,
            34,
            35,
            36,
            37,
            38,
            39,
            40,
            41,
            42,
            43,
            44,
            45,
            46,
            47,
            48,
            49,
            50
        ],
        "value": [
            1.5275232934951781,
            0.4224173909425735,
            0.12932854652404785,
            0.06829225450754166,
            0.05553905040025711,
            0.03586591854691505,
            0.024042373038828373,
            0.031529791131615637,
            0.03415045849978924,
            0.014509820342063905,
            0.05545972343534231,
            0.05884571984410286,
            0.024489635545760394,
            0.011844965144991875,
            0.012227778621017933,
            0.0072257892601191994,
            0.004828329998999834,
            0.003913909792900085,
            0.0030584322661161424,
            0.0022975676879286766,
            0.001724588042125106,
            0.0015617688465863467,
            0.001683876309543848,
            0.0013243747130036354,
            0.001443492854014039,
            0.0012651030858978629,
            0.001228407369926572,
            0.0012082287855446339,
            0.0009845446795225144,
            0.0010211487766355275,
            0.000921772294677794,
            0.0008598255389370024,
            0.000736289662308991,
            0.0007632682239636779,
            0.0006944830855354667,
            0.0007155292457900941,
            0.0006340908678248525,
            0.001040903516113758,
            0.0005931044579483569,
            0.0005617151968181133,
            0.0005306773947086186,
            0.0005402473406866193,
            0.0004519714368507266,
            0.0004731524991802871,
            0.0004361032566521317,
            0.0004270612320397049,
            0.0004262099147308618,
            0.0004273661435581744,
            0.0004527671018149704,
            0.00038317053578794
        ]
    },
    "train_oa": {
        "type": "index_value",
        "index": [
            10,
            20,
            30,
            40,
            50
        ],
        "value": [
            96.23281891653697,
            97.96358454124397,
            97.88482814228657,
            97.92420634176526,
            97.94858332239494
        ]
    },
    "train_aa": {
        "type": "index_value",
        "index": [
            10,
            20,
            30,
            40,
            50
        ],
        "value": [
            98.24364343420548,
            99.14847930663105,
            99.1204264991841,
            99.16886204433828,
            99.1914033247751
        ]
    },
    "train_kappa": {
        "type": "index_value",
        "index": [
            10,
            20,
            30,
            40,
            50
        ],
        "value": [
            95.79865291872997,
            97.73103507044246,
            97.64288039734636,
            97.68759899591244,
            97.71474122846607
        ]
    },
    "param": {
        "data": {
            "data_sign": "Salinas",
            "data_file": "Salinas_50",
            "diffusion_sign": false,
            "patch_size": 13,
            "test_ratio": 0.95,
            "batch_size": 64,
            "num_classes": 16,
            "pca": 30,
            "dim_heads": 64,
            "spectral_size": 30,
            "append_dim": true
        },
        "net": {
            "trainer": "ssftt",
            "conv2d_out": 64,
            "dim": 64
        },
        "train": {
            "epochs": 50,
            "lr": 0.001,
            "weight_decay": 0
        },
        "uniq_name": "salinas_ssftt.json_50_4"
    },
    "eval": {
        "classification": "              precision    recall  f1-score   support\n\n           0     1.0000    0.9995    0.9997      1959\n           1     0.9997    1.0000    0.9999      3676\n           2     1.0000    1.0000    1.0000      1926\n           3     0.9853    0.9993    0.9922      1344\n           4     0.9989    0.9989    0.9989      2628\n           5     1.0000    0.9995    0.9997      3909\n           6     1.0000    0.9994    0.9997      3529\n           7     0.9682    0.9398    0.9538     11221\n           8     1.0000    1.0000    1.0000      6153\n           9     0.9441    0.9845    0.9639      3228\n          10     1.0000    1.0000    1.0000      1018\n          11     0.9761    1.0000    0.9879      1877\n          12     1.0000    1.0000    1.0000       866\n          13     0.9990    1.0000    0.9995      1020\n          14     0.9336    0.9504    0.9419      7218\n\n   micro avg     0.9788    0.9788    0.9788     51572\n   macro avg     0.9870    0.9914    0.9891     51572\nweighted avg     0.9789    0.9788    0.9788     51572\n",
        "oa": 97.94858332239494,
        "confusion": "[[ 1958     1     0     0     0     0     0     0     0     0     0     0\n      0     0     0     0]\n [    0  3676     0     0     0     0     0     0     0     0     0     0\n      0     0     0     0]\n [    0     0  1926     0     0     0     0     0     0     0     0     0\n      0     0     0     0]\n [    0     0     0  1343     1     0     0     0     0     0     0     0\n      0     0     0     0]\n [    0     0     0     3  2625     0     0     0     0     0     0     0\n      0     0     0     0]\n [    0     0     0     0     2  3907     0     0     0     0     0     0\n      0     0     0     0]\n [    0     0     0     0     0     0  3527     1     0     0     0     0\n      0     0     0     1]\n [    0     0     0     0     0     0     0 10545     0   188     0     0\n      0     0   488     0]\n [    0     0     0     0     0     0     0     0  6153     0     0     0\n      0     0     0     0]\n [    0     0     0     0     0     0     0     4     0  3178     0    46\n      0     0     0     0]\n [    0     0     0     0     0     0     0     0     0     0  1018     0\n      0     0     0     0]\n [    0     0     0     0     0     0     0     0     0     0     0  1877\n      0     0     0     0]\n [    0     0     0     0     0     0     0     0     0     0     0     0\n    866     0     0     0]\n [    0     0     0     0     0     0     0     0     0     0     0     0\n      0  1020     0     0]\n [    0     0     0    17     0     0     0   341     0     0     0     0\n      0     0  6860     0]\n [    0     0     0     0     0     0     0     0     0     0     0     0\n      0     1     0  1756]]",
        "each_acc": "[ 99.94895355 100.         100.          99.92559524  99.88584475\n  99.94883602  99.94332672  93.9755815  100.          98.45105328\n 100.         100.         100.         100.          95.04017733\n  99.9430848 ]",
        "aa": 99.1914033247751,
        "kappa": 97.71474122846607
    }
}