{
    "epoch_loss": {
        "type": "index_value",
        "index": [
            1,
            2,
            3,
            4,
            5,
            6,
            7,
            8,
            9,
            10,
            11,
            12,
            13,
            14,
            15,
            16,
            17,
            18,
            19,
            20,
            21,
            22,
            23,
            24,
            25,
            26,
            27,
            28,
            29,
            30,
            31,
            32,
            33,
            34,
            35,
            36,
            37,
            38,
            39,
            40,
            41,
            42,
            43,
            44,
            45,
            46,
            47,
            48,
            49,
            50
        ],
        "value": [
            1.0724421054124833,
            0.16777616031467915,
            0.05986076425760985,
            0.058445160277187824,
            0.04527225592173636,
            0.03490992563311011,
            0.022056818287819625,
            0.03213319969363511,
            0.010893283726181835,
            0.013598279899451882,
            0.004828813683707267,
            0.010943560570012778,
            0.00600997939473018,
            0.0036842731991782785,
            0.004865807952592149,
            0.0035800958081381395,
            0.004596838727593422,
            0.03371304541360587,
            0.031484944897238167,
            0.03123475386528298,
            0.01804760006489232,
            0.015690615674247965,
            0.05012232103617862,
            0.010683620098279788,
            0.008893641293980181,
            0.0015434547152835877,
            0.0012737635086523369,
            0.0010854484309675172,
            0.0008902723959181458,
            0.0006315411781542934,
            0.0008840949216391891,
            0.0008457462419755757,
            0.0015237059240462258,
            0.0011084769226727075,
            0.0006564910378074274,
            0.0005662067611410748,
            0.000463110268174205,
            0.0005217530764639377,
            0.0006145894862129353,
            0.000574203256110195,
            0.00035491653907229195,
            0.00029562518320744855,
            0.00024831800546962766,
            0.0002759896873612888,
            0.00028847503417637197,
            0.00021473655215231702,
            0.00029799277472193354,
            0.000218865045462735,
            0.00032349516877729914,
            0.0001735467478283681
        ]
    },
    "train_oa": {
        "type": "index_value",
        "index": [
            10,
            20,
            30,
            40,
            50
        ],
        "value": [
            98.26865219777102,
            98.11160097636663,
            98.74548241215538,
            98.63384359212095,
            98.6395201422922
        ]
    },
    "train_aa": {
        "type": "index_value",
        "index": [
            10,
            20,
            30,
            40,
            50
        ],
        "value": [
            99.24349981475268,
            98.8910547529938,
            99.48162272584163,
            99.3986886395328,
            99.47497916142115
        ]
    },
    "train_kappa": {
        "type": "index_value",
        "index": [
            10,
            20,
            30,
            40,
            50
        ],
        "value": [
            98.06841548154476,
            97.89306620619344,
            98.60073492103714,
            98.47661925871421,
            98.48309703071763
        ]
    },
    "param": {
        "data": {
            "data_sign": "Salinas",
            "data_file": "Salinas_80",
            "diffusion_sign": false,
            "patch_size": 13,
            "test_ratio": 0.95,
            "batch_size": 64,
            "num_classes": 16,
            "pca": 30,
            "dim_heads": 64,
            "spectral_size": 30,
            "append_dim": true
        },
        "net": {
            "trainer": "ssftt",
            "conv2d_out": 64,
            "dim": 64
        },
        "train": {
            "epochs": 50,
            "lr": 0.001,
            "weight_decay": 0
        },
        "uniq_name": "salinas_ssftt.json_80_1"
    },
    "eval": {
        "classification": "              precision    recall  f1-score   support\n\n           0     0.9984    1.0000    0.9992      1929\n           1     1.0000    1.0000    1.0000      3646\n           2     0.9984    1.0000    0.9992      1896\n           3     0.9872    0.9992    0.9932      1314\n           4     0.9992    0.9958    0.9975      2598\n           5     1.0000    0.9997    0.9999      3879\n           6     1.0000    0.9997    0.9999      3499\n           7     0.9905    0.9485    0.9691     11191\n           8     1.0000    0.9995    0.9998      6123\n           9     0.9910    1.0000    0.9955      3198\n          10     0.9920    1.0000    0.9960       988\n          11     1.0000    1.0000    1.0000      1847\n          12     1.0000    0.9988    0.9994       836\n          13     1.0000    1.0000    1.0000       990\n          14     0.9273    0.9851    0.9553      7188\n\n   micro avg     0.9859    0.9863    0.9861     51122\n   macro avg     0.9923    0.9951    0.9936     51122\nweighted avg     0.9865    0.9863    0.9862     51122\n",
        "oa": 98.6395201422922,
        "confusion": "[[ 1929     0     0     0     0     0     0     0     0     0     0     0\n      0     0     0     0]\n [    0  3646     0     0     0     0     0     0     0     0     0     0\n      0     0     0     0]\n [    0     0  1896     0     0     0     0     0     0     0     0     0\n      0     0     0     0]\n [    0     0     0  1313     1     0     0     0     0     0     0     0\n      0     0     0     0]\n [    0     0     0    11  2587     0     0     0     0     0     0     0\n      0     0     0     0]\n [    0     0     0     0     1  3878     0     0     0     0     0     0\n      0     0     0     0]\n [    0     0     0     0     0     0  3498     1     0     0     0     0\n      0     0     0     0]\n [    0     0     3     0     0     0     0 10615     0    20     0     0\n      0     0   553     0]\n [    3     0     0     0     0     0     0     0  6120     0     0     0\n      0     0     0     0]\n [    0     0     0     0     0     0     0     0     0  3198     0     0\n      0     0     0     0]\n [    0     0     0     0     0     0     0     0     0     0   988     0\n      0     0     0     0]\n [    0     0     0     0     0     0     0     0     0     0     0  1847\n      0     0     0     0]\n [    0     0     0     0     0     0     0     0     0     0     0     0\n    835     0     1     0]\n [    0     0     0     0     0     0     0     0     0     0     0     0\n      0   990     0     0]\n [    0     0     0     6     0     0     0   101     0     0     0     0\n      0     0  7081     0]\n [    0     0     0     0     0     0     0     0     0     9     8     0\n      0     0     1  1709]]",
        "each_acc": "[100.         100.         100.          99.9238965   99.57659738\n  99.97422016  99.97142041  94.85300688  99.95100441 100.\n 100.         100.          99.88038278 100.          98.5114079\n  98.95773017]",
        "aa": 99.47497916142115,
        "kappa": 98.48309703071763
    }
}