{
    "epoch_loss": {
        "type": "index_value",
        "index": [
            1,
            2,
            3,
            4,
            5,
            6,
            7,
            8,
            9,
            10,
            11,
            12,
            13,
            14,
            15,
            16,
            17,
            18,
            19,
            20,
            21,
            22,
            23,
            24,
            25,
            26,
            27,
            28,
            29,
            30,
            31,
            32,
            33,
            34,
            35,
            36,
            37,
            38,
            39,
            40,
            41,
            42,
            43,
            44,
            45,
            46,
            47,
            48,
            49,
            50
        ],
        "value": [
            2.075372743606567,
            1.050216794013977,
            0.5716095089912414,
            0.34525611996650696,
            0.20452647507190705,
            0.11994600892066956,
            0.0795334331691265,
            0.054166071116924286,
            0.04335884749889374,
            0.04054858908057213,
            0.03055594749748707,
            0.02031327746808529,
            0.014636914245784283,
            0.013292747177183628,
            0.029093041084706783,
            0.014728368166834116,
            0.02586350329220295,
            0.06693957317620516,
            0.044524422381073236,
            0.09201546330004931,
            0.055125817283988,
            0.02235075682401657,
            0.02749193273484707,
            0.017099843919277193,
            0.013646266236901284,
            0.0070977633818984035,
            0.006853629183024168,
            0.005467931739985943,
            0.005398553144186735,
            0.004723437735810876,
            0.004069569660350681,
            0.004104316653683782,
            0.0036508547142148017,
            0.0027081900276243686,
            0.00224662902764976,
            0.0025841663125902416,
            0.0028309924062341453,
            0.0025606663431972264,
            0.002436805469915271,
            0.0018990846816450357,
            0.0019494905835017561,
            0.0021356250159442424,
            0.0017295520519837737,
            0.0018663984956219792,
            0.001503776153549552,
            0.001550560153555125,
            0.0015298272483050823,
            0.0016343166586011647,
            0.0016420768573880196,
            0.0012262063100934029
        ]
    },
    "train_oa": {
        "type": "index_value",
        "index": [
            10,
            20,
            30,
            40,
            50
        ],
        "value": [
            94.52136259733503,
            96.27199910795592,
            94.72578936609118,
            96.27757438346745,
            96.27943280863795
        ]
    },
    "train_aa": {
        "type": "index_value",
        "index": [
            10,
            20,
            30,
            40,
            50
        ],
        "value": [
            97.80178543928234,
            98.1261492883752,
            97.89164493656371,
            98.28736103409322,
            98.32494533425434
        ]
    },
    "train_kappa": {
        "type": "index_value",
        "index": [
            10,
            20,
            30,
            40,
            50
        ],
        "value": [
            93.91588219593517,
            95.84884774953078,
            94.14671860121315,
            95.86036354972208,
            95.86275059368401
        ]
    },
    "param": {
        "data": {
            "data_sign": "Salinas",
            "data_file": "Salinas_20",
            "diffusion_sign": false,
            "patch_size": 13,
            "test_ratio": 0.95,
            "batch_size": 64,
            "num_classes": 16,
            "pca": 30,
            "dim_heads": 64,
            "spectral_size": 30,
            "append_dim": true
        },
        "net": {
            "trainer": "ssftt",
            "conv2d_out": 64,
            "dim": 64
        },
        "train": {
            "epochs": 50,
            "lr": 0.001,
            "weight_decay": 0
        },
        "uniq_name": "salinas_ssftt.json_20_3"
    },
    "eval": {
        "classification": "              precision    recall  f1-score   support\n\n           0     1.0000    0.9985    0.9992      1989\n           1     0.9906    1.0000    0.9953      3706\n           2     1.0000    1.0000    1.0000      1956\n           3     0.9716    0.9964    0.9838      1374\n           4     0.9759    0.9887    0.9822      2658\n           5     1.0000    0.9942    0.9971      3939\n           6     0.9807    1.0000    0.9903      3559\n           7     0.9692    0.8761    0.9203     11251\n           8     0.9968    1.0000    0.9984      6183\n           9     0.9897    0.9398    0.9641      3258\n          10     0.9895    0.9914    0.9905      1048\n          11     0.9559    1.0000    0.9774      1907\n          12     1.0000    1.0000    1.0000       896\n          13     0.9878    1.0000    0.9938      1050\n          14     0.8403    0.9547    0.8939      7248\n\n   micro avg     0.9615    0.9618    0.9617     52022\n   macro avg     0.9765    0.9827    0.9791     52022\nweighted avg     0.9640    0.9618    0.9618     52022\n",
        "oa": 96.27943280863795,
        "confusion": "[[1986    3    0    0    0    0    0    0    0    0    0    0    0    0\n     0    0]\n [   0 3706    0    0    0    0    0    0    0    0    0    0    0    0\n     0    0]\n [   0    0 1956    0    0    0    0    0    0    0    0    0    0    0\n     0    0]\n [   0    0    0 1369    5    0    0    0    0    0    0    0    0    0\n     0    0]\n [   0    0    0   30 2628    0    0    0    0    0    0    0    0    0\n     0    0]\n [   0    0    0    0    0 3916   23    0    0    0    0    0    0    0\n     0    0]\n [   0    0    0    0    0    0 3559    0    0    0    0    0    0    0\n     0    0]\n [   0    0    0    0   11    0   44 9857    0   23    0    0    0    1\n  1315    0]\n [   0    0    0    0    0    0    0    0 6183    0    0    0    0    0\n     0    0]\n [   0   32    0    0    0    0    0   47   20 3062   11   79    0    7\n     0    0]\n [   0    0    0    0    0    0    0    0    0    0 1039    9    0    0\n     0    0]\n [   0    0    0    0    0    0    0    0    0    0    0 1907    0    0\n     0    0]\n [   0    0    0    0    0    0    0    0    0    0    0    0  896    0\n     0    0]\n [   0    0    0    0    0    0    0    0    0    0    0    0    0 1050\n     0    0]\n [   0    0    0   10   49    0    3  266    0    0    0    0    0    0\n  6920    0]\n [   0    0    0    0    0    0    0    0    0    9    0    0    0    5\n     0 1773]]",
        "each_acc": "[ 99.84917044 100.         100.          99.63609898  98.87133183\n  99.41609546 100.          87.60999022 100.          93.98403929\n  99.14122137 100.         100.         100.          95.47461369\n  99.21656407]",
        "aa": 98.32494533425434,
        "kappa": 95.86275059368401
    }
}